origin,mag,place,dist_km,depth_km,fs,epoch,pre_1_15,pre_1_15_win,sig_1_15,snr,snr_rms,peak_1_15,az_deg,az,tp_s,ts_s,sustain_s,likely,pred_uv,resid_log10,seen,triggered,pre_lo,sig_lo,r_lo,pre_mid,sig_mid,r_mid,pre_hi,sig_hi,r_hi,lo_hi,pre_det,peak_det,snr_det,sustain_det_s,far_implausible
2026-09-07T23:47:03Z,1.14,"8 km ESE of Cloverdale, CA",45.7,5.0,100.0,100sps,2.762,3.051,2.379,1.27,0.86,3.513,323.5,NW,7.87,13.59,13.3,0,1.78,0.295,0,0,0.537,0.56,1.044,3.172,2.406,0.758,5.149,4.73,0.919,1.136,0.435,0.578,1.329,23.86,0
2026-09-07T22:54:13Z,1.08,"5 km WNW of The Geysers, CA",42.0,1.6,100.0,100sps,2.832,4.659,1.888,0.83,0.67,2.357,337.7,NNW,7.24,12.49,23.01,0,1.73,0.134,0,0,0.749,0.564,0.753,4.769,1.844,0.387,2.75,2.152,0.782,0.962,0.699,0.776,1.11,7.86,0
2026-09-07T21:47:39Z,1.02,"8 km NW of The Geysers, CA",45.3,2.0,100.0,100sps,2.608,3.529,3.395,2.37,1.3,6.193,338.2,NNW,7.81,13.48,5.13,0,1.365,0.657,0,0,0.58,0.571,0.984,3.665,3.539,0.966,1.949,1.965,1.008,0.976,0.486,0.589,1.211,25.81,0
2026-09-07T21:44:24Z,3.67,"36 km E of Hydesville, CA",253.0,24.2,100.0,100sps,3.739,2.293,3.145,1.82,0.84,6.794,339.2,NNW,35.89,63.73,3.88,0,36.582,-0.731,0,0,0.538,0.669,1.243,2.34,3.199,1.367,1.773,2.025,1.142,1.089,0.428,1.015,2.373,11.38,0
2026-09-07T21:37:27Z,1.17,"5 km NNW of Redwood Valley, CA",108.4,6.3,100.0,100sps,3.146,3.443,2.448,1.2,0.78,3.787,331.6,NNW,18.68,32.24,14.03,0,0.557,0.833,0,0,0.604,0.597,0.988,3.6,2.485,0.69,2.382,1.832,0.769,1.284,0.502,0.719,1.432,24.0,0
2026-09-07T20:43:40Z,0.77,"8 km WNW of Cobb, CA",46.0,1.9,100.0,100sps,2.548,1.808,3.33,2.72,1.31,6.923,339.2,NNW,7.92,13.67,3.67,0,0.753,0.963,0,0,0.539,0.526,0.975,1.766,3.441,1.949,1.421,2.117,1.49,0.655,0.428,0.555,1.298,24.9,0
2026-09-07T20:16:30Z,0.67,"11 km WNW of Cobb, CA",48.5,1.2,100.0,100sps,2.987,2.662,2.367,1.63,0.79,4.863,336.0,NNW,8.36,14.43,2.58,0,0.557,0.941,0,0,0.541,0.553,1.022,2.706,2.418,0.894,1.849,1.568,0.848,1.205,0.436,0.585,1.34,25.98,0
2026-09-07T20:15:44Z,1.16,"2 km SE of The Geysers, CA",36.1,-0.8,100.0,100sps,3.815,2.198,2.694,1.05,0.71,3.99,343.8,NNW,6.22,10.73,13.64,0,2.527,0.198,0,0,0.54,0.544,1.007,2.208,2.737,1.24,1.684,1.782,1.059,0.951,0.429,0.505,1.178,26.71,0
2026-09-07T20:14:51Z,1.49,"11 km WNW of Cobb, CA",48.5,1.6,100.0,100sps,3.851,3.365,2.799,1.1,0.73,4.228,336.0,NNW,8.36,14.43,14.34,0,3.685,0.06,0,0,0.57,0.556,0.975,3.479,2.859,0.822,1.961,1.881,0.959,1.017,0.47,0.56,1.191,23.02,0
2026-09-07T20:00:09Z,1.59,"1 km NW of Hollister, CA",207.5,10.2,100.0,100sps,3.979,6.776,3.735,1.76,0.94,6.998,148.6,SSE,31.93,56.35,7.77,0,0.462,1.18,0,0,0.537,0.55,1.024,7.16,3.838,0.536,4.399,14.117,3.209,0.319,0.423,0.563,1.331,35.17,1
2026-09-07T19:37:58Z,2.28,"11 km WSW of Petrolia, CA",254.4,14.6,100.0,100sps,3.988,4.386,2.986,1.65,0.75,6.599,323.6,NW,37.19,65.9,2.12,0,1.472,0.652,0,0,0.626,0.543,0.868,4.5,3.098,0.688,2.579,3.659,1.419,0.611,0.533,0.598,1.122,29.97,1
2026-09-07T19:01:32Z,1.61,"0 km S of Angwin, CA",20.1,-0.4,100.0,100sps,4.0,3.658,5.005,2.65,1.25,10.588,48.3,NE,3.46,5.97,4.19,0,14.636,-0.141,0,0,0.623,1.835,2.946,3.753,4.655,1.241,2.024,2.927,1.446,2.038,0.532,4.757,8.938,2.42,0
2026-09-07T18:06:39Z,1.31,"7 km ESE of Cloverdale, CA",46.2,5.7,100.0,100sps,2.6,2.699,2.902,2.14,1.12,5.558,321.6,NW,7.96,13.73,4.0,0,2.596,0.331,0,0,0.62,0.644,1.039,2.784,2.898,1.041,2.06,2.39,1.16,0.896,0.517,0.828,1.603,15.19,0
2026-09-07T18:06:24Z,1.05,"6 km WNW of The Geysers, CA",43.4,2.6,100.0,100sps,2.761,2.793,2.965,2.01,1.07,5.558,336.5,NNW,7.47,12.9,5.51,0,1.549,0.555,0,0,0.598,0.68,1.137,2.879,2.951,1.025,2.081,2.428,1.167,0.974,0.493,0.828,1.679,19.15,0
2026-09-07T17:48:42Z,1.42,"3 km SSE of The Geysers, CA",35.1,1.3,100.0,100sps,2.667,2.752,2.118,1.6,0.79,4.268,343.4,NNW,6.04,10.43,3.27,0,4.767,-0.048,0,0,0.71,0.653,0.92,2.838,2.082,0.733,1.832,1.608,0.878,1.047,0.643,0.708,1.101,21.76,0
2026-09-07T17:35:15Z,0.57,"7 km WNW of The Geysers, CA",44.8,9.4,100.0,100sps,2.45,2.414,3.068,2.68,1.25,6.573,335.9,NNW,7.72,13.32,3.13,0,0.491,1.126,0,0,0.56,0.547,0.977,2.427,3.3,1.36,1.704,1.698,0.997,0.981,0.451,0.486,1.078,27.91,0
2026-09-07T16:19:14Z,2.22,"9 km ENE of Gilroy, CA",187.5,5.6,100.0,100sps,2.343,4.378,2.884,2.74,1.23,6.411,147.1,SSE,30.03,52.85,3.05,0,2.409,0.425,0,0,1.416,0.572,0.404,3.76,2.977,0.792,2.089,1.677,0.802,0.504,1.331,0.548,0.412,36.37,1
2026-09-07T15:06:56Z,1.33,"6 km ENE of Pinnacles, CA",252.3,1.8,100.0,100sps,3.071,2.011,3.056,2.74,1.0,8.407,147.0,SSE,38.51,68.04,2.79,0,0.168,1.699,0,0,0.701,0.681,0.971,1.945,3.101,1.594,1.148,1.798,1.567,0.62,0.638,1.272,1.996,5.02,1
2026-09-07T14:47:50Z,0.99,"11 km NW of The Geysers, CA",48.1,1.0,100.0,100sps,2.008,2.03,1.839,1.4,0.92,2.809,335.7,NNW,8.29,14.31,11.68,0,1.178,0.378,0,0,0.596,0.606,1.018,2.0,1.787,0.893,1.367,1.441,1.054,0.965,0.495,0.614,1.239,26.43,0
2026-09-07T14:46:47Z,0.67,"11 km NW of The Geysers, CA",48.0,1.3,100.0,100sps,2.226,2.494,1.501,0.91,0.67,2.031,335.8,NNW,8.28,14.29,15.78,0,0.565,0.556,0,0,0.571,0.583,1.021,2.585,1.412,0.546,1.411,1.11,0.787,1.298,0.472,0.615,1.303,23.98,0
2026-09-07T14:42:21Z,0.69,"11 km WNW of Cobb, CA",48.4,1.8,100.0,100sps,2.108,2.322,2.82,2.58,1.34,5.441,336.1,NNW,8.34,14.39,6.63,0,0.586,0.968,0,0,0.563,0.588,1.044,2.384,2.877,1.207,1.9,2.227,1.172,0.891,0.454,0.593,1.305,27.27,0
2026-09-07T14:15:28Z,1.44,"7 km ESE of Cloverdale, CA",46.3,6.4,100.0,100sps,2.052,1.926,2.799,2.48,1.36,5.096,321.7,NW,7.97,13.76,5.91,0,3.492,0.164,0,0,0.853,1.061,1.244,1.771,2.589,1.462,1.418,1.607,1.133,1.097,0.79,2.033,2.573,10.46,0
2026-09-07T13:18:35Z,0.89,"11 km WNW of Cobb, CA",48.4,1.9,100.0,100sps,1.433,1.893,1.093,1.37,0.76,1.965,336.2,NNW,8.35,14.41,6.79,0,0.927,0.326,0,0,0.547,0.545,0.998,1.892,0.961,0.508,1.623,0.974,0.6,1.662,0.43,0.467,1.087,29.68,0
2026-09-07T13:04:08Z,0.71,"11 km WNW of Cobb, CA",48.6,1.3,100.0,100sps,1.538,1.328,3.97,5.68,2.58,8.74,336.2,NNW,8.38,14.47,4.41,0,0.609,1.157,1,0,0.566,0.811,1.434,1.237,4.048,3.272,0.934,2.893,3.099,0.463,0.454,1.103,2.428,14.37,0
2026-09-07T12:43:52Z,1.02,"1 km E of Pacheco, CA",73.1,13.4,100.0,100sps,1.164,1.012,1.622,2.36,1.39,2.748,136.6,SE,12.58,21.72,8.83,0,0.712,0.587,0,0,0.539,0.536,0.995,0.867,1.602,1.848,0.742,1.121,1.511,0.658,0.429,0.626,1.458,20.81,0
2026-09-07T12:05:59Z,0.94,"9 km NW of The Geysers, CA",46.6,2.2,100.0,100sps,0.878,0.957,1.54,4.01,1.75,3.523,337.2,NNW,8.04,13.87,3.89,0,1.094,0.508,0,0,0.555,0.548,0.987,0.81,1.519,1.877,0.67,0.749,1.116,0.884,0.433,0.651,1.505,16.52,0
2026-09-07T09:45:30Z,0.7,"6 km WNW of Cobb, CA",45.5,1.9,100.0,100sps,0.977,0.692,0.697,0.77,0.71,0.755,340.8,NNW,7.85,13.55,29.47,0,0.649,0.066,0,0,0.522,0.518,0.994,0.439,0.45,1.026,1.011,1.021,1.009,0.984,0.403,0.435,1.08,29.06,0
2026-09-07T08:40:06Z,2.02,"19 km SE of Petrolia, CA",234.5,12.5,100.0,100sps,1.007,3.615,1.03,2.61,1.02,2.63,326.9,NNW,34.98,61.89,1.7,0,0.966,0.435,0,0,0.519,0.516,0.994,3.807,0.902,0.237,3.009,2.683,0.891,1.115,0.405,0.465,1.147,38.89,1
2026-09-07T08:07:37Z,1.05,"5 km WNW of Cobb, CA",45.1,1.8,100.0,100sps,0.92,1.109,0.759,0.9,0.83,0.832,342.1,NNW,7.78,13.43,28.74,0,1.47,-0.247,0,0,0.52,0.527,1.014,1.035,0.539,0.521,1.184,1.255,1.06,0.957,0.402,0.452,1.125,28.92,0
2026-09-07T07:40:45Z,1.07,"10 km WNW of The Geysers, CA",45.9,2.5,100.0,100sps,1.075,0.784,0.792,0.8,0.74,0.86,333.9,NNW,7.92,13.67,29.4,0,1.504,-0.242,0,0,0.557,0.519,0.932,0.547,0.599,1.095,2.648,2.509,0.947,0.984,0.447,0.472,1.057,26.27,0
2026-09-07T07:34:22Z,1.07,"9 km WNW of The Geysers, CA",45.7,2.1,100.0,100sps,0.698,0.879,0.887,1.86,1.27,1.295,334.6,NNW,7.88,13.61,13.8,0,1.513,-0.068,0,0,0.522,0.53,1.016,0.712,0.72,1.011,2.731,2.708,0.991,1.025,0.405,0.462,1.141,28.13,0
2026-09-07T07:24:33Z,0.77,"5 km WNW of Cobb, CA",45.1,2.0,100.0,100sps,1.159,1.473,0.722,0.74,0.62,0.853,342.1,NNW,7.77,13.41,29.22,0,0.773,0.043,0,0,0.517,0.496,0.959,1.482,0.512,0.345,2.638,2.564,0.972,0.987,0.4,0.444,1.11,28.88,0
2026-09-07T07:21:04Z,0.75,"5 km WNW of Cobb, CA",45.2,1.8,100.0,100sps,1.816,1.258,0.748,0.45,0.41,0.823,342.0,NNW,7.8,13.46,29.53,0,0.734,0.049,0,0,0.522,0.521,0.997,1.21,0.524,0.433,2.227,2.765,1.241,0.803,0.402,0.459,1.142,28.92,0
2026-09-07T07:19:26Z,1.05,"2 km N of The Geysers, CA",39.9,0.6,100.0,100sps,0.82,2.172,2.127,8.31,2.59,6.814,342.6,NNW,6.87,11.86,1.61,0,1.726,0.596,0,0,1.338,0.517,0.387,1.614,2.161,1.338,1.33,1.318,0.991,0.39,1.311,0.515,0.393,25.16,0
2026-09-07T07:18:04Z,2.04,"5 km WNW of Cobb, CA",45.0,2.0,100.0,100sps,0.721,0.952,3.101,9.12,4.3,6.571,342.2,NNW,7.77,13.41,4.09,1,14.407,-0.341,1,0,0.519,2.024,3.903,0.823,2.136,2.596,1.383,1.334,0.964,4.049,0.404,4.735,11.73,4.35,0
2026-09-07T06:32:58Z,0.25,"7 km W of Cobb, CA",45.5,2.2,100.0,100sps,1.903,0.849,1.744,1.36,0.92,2.593,339.1,NNW,7.85,13.54,12.23,0,0.23,1.051,0,0,0.516,0.507,0.983,0.687,1.745,2.54,1.256,1.268,1.01,0.973,0.404,0.423,1.048,28.54,0
2026-09-07T04:59:26Z,0.63,"11 km NW of The Geysers, CA",48.0,1.3,100.0,100sps,1.319,3.39,1.427,1.95,1.08,2.573,336.1,NNW,8.28,14.29,5.41,0,0.515,0.699,0,0,0.572,0.557,0.974,3.545,1.353,0.382,1.61,1.347,0.837,1.163,0.452,0.595,1.318,21.65,0
2026-09-07T04:27:53Z,0.69,"8 km NW of The Geysers, CA",45.6,1.6,100.0,100sps,1.201,1.128,0.758,0.68,0.63,0.819,338.2,NNW,7.85,13.56,29.54,0,0.634,0.111,0,0,0.525,0.515,0.98,1.015,0.548,0.54,1.087,0.918,0.845,1.16,0.408,0.457,1.119,29.13,0
2026-09-07T03:50:24Z,2.01,"8 km E of Willits, CA",119.4,6.7,100.0,100sps,1.522,1.203,1.5,1.7,0.99,2.594,332.6,NNW,20.57,35.51,8.95,0,3.297,-0.104,0,0,0.529,0.568,1.072,1.108,1.393,1.258,1.579,1.675,1.061,1.01,0.418,0.746,1.785,16.06,0
2026-09-07T03:43:55Z,0.73,"11 km WNW of Cobb, CA",49.1,2.3,100.0,100sps,2.535,2.31,1.268,0.98,0.5,2.486,336.5,NNW,8.46,14.6,3.62,0,0.63,0.596,0,0,0.526,0.513,0.975,2.376,1.194,0.502,1.825,1.659,0.909,1.073,0.415,0.448,1.079,29.62,0
2026-09-07T03:17:08Z,2.25,"3 km SSW of Cobb, CA",40.2,1.6,100.0,100sps,1.805,1.37,8.056,9.36,4.46,16.896,345.7,NNW,6.93,11.97,4.86,1,27.047,-0.204,1,0,0.51,4.556,8.928,1.307,6.369,4.873,1.605,2.401,1.496,5.968,0.397,12.948,32.647,2.66,0
2026-09-07T02:52:32Z,0.71,"6 km WNW of Cobb, CA",45.4,2.2,100.0,100sps,2.007,1.759,2.176,2.72,1.08,5.452,340.6,NNW,7.82,13.49,2.52,0,0.668,0.912,0,0,0.52,0.56,1.077,1.734,2.234,1.288,1.604,1.6,0.998,1.079,0.407,0.647,1.589,21.09,0
2026-09-07T02:19:05Z,0.79,"2 km NW of The Geysers, CA",39.6,1.7,100.0,100sps,2.3,1.862,4.704,4.8,2.04,11.047,340.6,NNW,6.83,11.78,3.13,0,0.957,1.063,0,0,0.514,0.565,1.1,1.844,4.951,2.686,1.636,2.225,1.36,0.809,0.402,0.593,1.476,25.05,0
2026-09-07T00:16:50Z,1.09,"6 km NW of The Geysers, CA",44.0,2.9,100.0,100sps,2.291,1.883,3.782,2.43,1.65,5.574,339.6,NNW,7.59,13.1,12.51,0,1.665,0.525,0,0,0.526,0.522,0.991,1.89,3.898,2.062,1.706,2.275,1.333,0.743,0.416,0.555,1.334,23.07,0
2026-09-06T23:41:06Z,1.91,"2 km E of The Geysers, CA",37.4,1.1,100.0,100sps,2.976,2.044,3.727,1.9,1.25,5.659,345.4,NNW,6.45,11.13,13.26,0,13.559,-0.379,0,0,0.527,0.997,1.891,2.06,3.767,1.828,1.92,2.19,1.141,1.658,0.415,1.765,4.254,10.33,0
2026-09-06T23:35:06Z,1.04,"2 km NNW of The Geysers, CA",39.6,1.2,100.0,100sps,2.201,1.708,2.359,1.75,1.07,3.847,342.1,NNW,6.83,11.79,8.14,0,1.7,0.355,0,0,0.532,0.534,1.004,1.697,2.409,1.42,1.763,2.051,1.163,0.864,0.424,0.551,1.299,24.93,0
2026-09-06T22:35:20Z,0.95,"7 km NW of The Geysers, CA",44.6,1.3,100.0,100sps,2.446,2.654,1.727,0.94,0.71,2.307,338.3,NNW,7.69,13.27,19.23,0,1.186,0.289,0,0,0.55,0.55,1.001,2.746,1.674,0.609,1.934,1.494,0.772,1.296,0.43,0.733,1.705,13.21,0
2026-09-06T19:43:38Z,0.72,"11 km NW of The Geysers, CA",48.7,10.6,100.0,100sps,2.847,2.596,1.863,0.9,0.65,2.564,335.0,NNW,8.38,14.47,17.08,0,0.622,0.615,0,0,0.572,0.583,1.021,2.717,1.826,0.672,2.059,1.691,0.821,1.243,0.469,0.616,1.313,24.11,0
2026-09-06T19:34:42Z,1.19,"8 km E of Mammoth Lakes, CA",340.2,1.5,100.0,100sps,2.702,2.595,3.149,2.98,1.17,8.049,104.5,ESE,49.42,87.65,3.85,0,0.06,2.13,0,0,0.6,0.61,1.018,2.625,3.216,1.225,2.011,2.613,1.299,0.783,0.49,0.647,1.322,30.12,1
2026-09-06T19:30:50Z,1.08,"6 km W of Cobb, CA",43.6,1.3,100.0,100sps,2.809,2.387,2.96,1.92,1.05,5.38,340.8,NNW,7.52,12.98,5.73,0,1.647,0.514,0,0,0.562,0.58,1.031,2.414,3.03,1.255,2.026,2.428,1.198,0.861,0.439,0.581,1.322,26.62,0
2026-09-06T19:13:11Z,0.77,"6 km W of Cobb, CA",44.7,1.9,100.0,100sps,3.369,2.705,2.056,1.27,0.61,4.292,340.7,NNW,7.71,13.31,1.34,0,0.78,0.74,0,0,0.559,0.56,1.001,2.789,2.073,0.743,1.831,1.618,0.884,1.133,0.445,0.487,1.094,28.48,0
2026-09-06T19:00:34Z,1.96,"8 km NE of Lake Davis, CA",251.8,9.0,100.0,100sps,3.322,3.358,3.225,1.81,0.97,6.021,48.7,NE,37.56,66.46,6.43,0,0.721,0.922,0,0,0.945,0.648,0.686,3.297,3.444,1.045,1.764,1.78,1.009,0.679,0.883,0.732,0.829,30.45,1
2026-09-06T18:30:49Z,1.64,"8 km E of Hidden Valley Lake, CA",42.4,4.1,100.0,100sps,2.868,2.77,2.29,1.35,0.8,3.878,18.7,NNE,7.3,12.6,7.97,0,6.209,-0.204,0,0,0.57,0.528,0.926,2.823,2.372,0.84,1.967,1.799,0.914,1.013,0.447,0.467,1.044,26.58,0
2026-09-06T18:28:51Z,0.76,"5 km WNW of The Geysers, CA",41.6,3.2,100.0,100sps,2.302,2.595,2.644,1.5,1.15,3.461,336.7,NNW,7.17,12.37,20.51,0,0.838,0.616,0,0,0.554,0.552,0.996,2.705,2.72,1.005,1.986,1.951,0.982,1.014,0.442,0.596,1.349,22.36,0
2026-09-06T17:58:31Z,1.83,"9 km E of Willits, CA",119.3,6.7,100.0,100sps,2.405,2.663,2.972,2.24,1.24,5.396,332.7,NNW,20.56,35.5,7.97,0,2.179,0.394,0,0,0.543,0.569,1.047,2.755,3.133,1.137,1.562,2.057,1.317,0.795,0.429,0.544,1.266,35.79,0
2026-09-06T17:57:47Z,0.69,"6 km WNW of Cobb, CA",45.2,1.8,100.0,100sps,2.758,2.191,3.348,2.07,1.21,5.698,341.3,NNW,7.8,13.46,7.42,0,0.64,0.95,0,0,0.547,0.541,0.988,2.244,3.531,1.574,1.433,1.658,1.157,0.854,0.43,0.474,1.104,27.15,0
2026-09-06T16:44:52Z,1.01,"7 km WNW of Cobb, CA",45.7,2.3,100.0,100sps,2.871,2.746,2.629,2.28,0.92,6.558,339.8,NNW,7.88,13.61,2.17,0,1.317,0.697,0,0,0.566,0.555,0.98,2.852,2.783,0.976,1.851,1.68,0.908,1.08,0.452,0.474,1.047,28.2,0
2026-09-06T16:18:52Z,1.85,"13 km SE of Pinnacles, CA",262.8,9.7,100.0,100sps,2.02,1.922,1.854,1.38,0.92,2.793,147.3,SSE,38.83,68.76,19.32,0,0.509,0.739,0,0,0.553,0.539,0.975,1.951,1.821,0.933,1.919,1.88,0.98,0.995,0.439,0.527,1.201,35.28,1
2026-09-06T16:05:24Z,1.39,"2 km NW of The Geysers, CA",39.9,3.6,100.0,100sps,1.971,4.598,5.118,4.32,2.6,8.514,340.8,NNW,6.88,11.87,10.2,0,3.77,0.354,0,0,0.553,0.635,1.149,4.797,5.443,1.135,2.313,2.868,1.24,0.926,0.438,0.676,1.544,23.02,0
2026-09-06T15:34:08Z,0.41,"5 km NW of The Geysers, CA",43.1,3.4,100.0,100sps,1.667,3.574,2.696,3.14,1.62,5.237,339.8,NNW,7.43,12.82,4.93,0,0.358,1.166,0,0,0.711,0.548,0.771,3.667,2.73,0.744,1.928,1.792,0.929,0.829,0.633,0.505,0.798,27.08,0
2026-09-06T15:29:38Z,0.6,"8 km NW of The Geysers, CA",45.6,1.6,100.0,100sps,2.317,1.749,2.078,2.14,0.9,4.954,338.1,NNW,7.86,13.57,2.29,0,0.515,0.983,0,0,0.542,0.533,0.985,1.731,2.109,1.219,1.033,1.275,1.234,0.798,0.418,0.48,1.148,27.31,0
2026-09-06T15:06:53Z,1.6,"8 km W of Templeton, CA",361.0,5.2,100.0,100sps,2.679,2.966,1.245,0.84,0.46,2.244,152.7,SSE,51.54,91.54,8.09,0,0.131,1.233,0,0,0.565,0.57,1.008,3.032,1.128,0.372,1.546,1.104,0.714,1.411,0.447,0.709,1.587,15.66,1
2026-09-06T14:42:28Z,0.9,"11 km NW of The Geysers, CA",48.3,1.2,100.0,100sps,1.656,2.274,1.509,1.41,0.91,2.34,336.1,NNW,8.32,14.36,14.64,0,0.953,0.39,0,0,0.543,0.549,1.012,2.301,1.444,0.627,1.881,1.695,0.901,1.123,0.415,0.502,1.21,27.47,0
2026-09-06T13:48:47Z,0.7,"11 km NW of The Geysers, CA",48.2,1.5,100.0,100sps,1.385,1.536,1.421,2.19,1.03,3.029,335.9,NNW,8.3,14.33,3.9,0,0.603,0.701,0,0,0.532,0.567,1.065,1.503,1.347,0.896,0.965,1.025,1.062,1.003,0.415,0.563,1.357,25.37,0
2026-09-06T13:31:22Z,0.93,"11 km WNW of Cobb, CA",48.4,1.3,100.0,100sps,1.252,0.905,1.66,1.94,1.33,2.425,336.1,NNW,8.34,14.4,14.36,0,1.018,0.377,0,0,0.542,0.556,1.026,0.731,1.614,2.209,0.735,1.177,1.601,0.641,0.417,0.489,1.173,27.76,0
2026-09-06T13:11:50Z,0.73,"11 km NW of The Geysers, CA",48.2,1.5,100.0,100sps,1.159,0.878,1.3,2.25,1.12,2.611,335.9,NNW,8.32,14.35,4.44,0,0.645,0.608,0,0,0.523,0.548,1.048,0.72,1.249,1.736,0.942,0.98,1.04,1.008,0.409,0.451,1.1,29.2,0
2026-09-06T13:02:59Z,0.64,"11 km NW of The Geysers, CA",48.3,1.9,100.0,100sps,1.363,1.219,1.441,2.04,1.06,2.779,335.9,NNW,8.32,14.37,5.59,0,0.523,0.725,0,0,0.535,0.551,1.03,1.115,1.375,1.233,1.275,1.358,1.065,0.967,0.417,0.495,1.186,29.1,0
2026-09-06T12:47:41Z,1.06,"11 km NW of The Geysers, CA",48.4,1.4,100.0,100sps,0.901,0.926,2.275,4.71,2.53,4.241,335.8,NNW,8.35,14.41,6.22,0,1.371,0.49,0,0,0.539,0.546,1.013,0.756,2.287,3.025,1.076,1.232,1.145,0.885,0.415,0.48,1.157,29.15,0
2026-09-06T12:45:03Z,0.67,"11 km NW of The Geysers, CA",48.0,3.0,100.0,100sps,0.917,0.984,0.822,1.02,0.9,0.931,336.1,NNW,8.27,14.28,29.07,0,0.565,0.217,0,0,0.54,0.527,0.975,0.828,0.627,0.757,0.882,0.69,0.783,1.245,0.411,0.463,1.125,28.6,0
2026-09-06T12:14:18Z,1.31,"7 km NW of The Geysers, CA",43.8,2.6,100.0,100sps,0.727,0.739,1.349,3.17,1.85,2.302,337.0,NNW,7.54,13.02,8.46,0,2.784,-0.083,0,0,0.521,0.532,1.02,0.513,1.277,2.487,1.097,1.239,1.129,0.904,0.404,0.467,1.158,28.65,0
2026-09-06T11:59:16Z,2.11,"21 km NNE of Yerington, Nevada",320.3,14.7,100.0,100sps,1.405,0.708,1.068,1.38,0.76,1.945,74.7,ENE,45.33,80.53,7.69,0,0.579,0.526,0,0,0.539,0.528,0.98,0.441,0.933,2.116,0.816,0.957,1.173,0.836,0.423,0.469,1.108,38.78,1
2026-09-06T11:50:27Z,0.72,"8 km W of Cobb, CA",45.8,1.9,100.0,100sps,0.802,0.898,0.707,0.88,0.88,0.703,338.9,NNW,7.9,13.64,29.24,0,0.674,0.019,0,0,0.536,0.52,0.969,0.728,0.465,0.638,1.267,1.178,0.929,1.043,0.414,0.437,1.057,29.08,0
2026-09-06T11:45:46Z,1.27,"8 km W of Cobb, CA",45.7,2.0,100.0,100sps,1.072,0.997,0.743,0.69,0.69,0.738,338.9,NNW,7.87,13.59,29.55,0,2.401,-0.513,0,0,0.525,0.531,1.011,0.859,0.501,0.583,0.984,0.827,0.84,1.204,0.409,0.524,1.283,24.36,0
2026-09-06T11:38:37Z,1.28,"9 km NW of The Geysers, CA",46.7,1.7,100.0,100sps,0.864,1.47,0.807,0.99,0.93,0.857,336.6,NNW,8.05,13.9,29.45,0,2.387,-0.445,0,0,0.544,0.538,0.989,1.505,0.59,0.392,1.265,1.08,0.854,1.158,0.432,0.494,1.142,29.02,0
2026-09-06T11:20:44Z,1.02,"10 km NW of The Geysers, CA",46.6,1.7,100.0,100sps,1.147,0.792,0.791,0.76,0.69,0.872,334.4,NNW,8.03,13.86,28.96,0,1.317,-0.179,0,0,0.529,0.524,0.99,0.581,0.581,1.001,0.623,0.637,1.022,0.968,0.403,0.483,1.2,27.8,0
2026-09-06T10:33:21Z,1.95,"3 km W of Dixon Lane-Meadow Creek, CA",385.8,13.6,100.0,100sps,0.868,0.924,0.908,1.37,1.05,1.189,106.7,ESE,53.57,95.33,32.04,0,0.245,0.686,0,0,0.543,0.545,1.005,0.752,0.733,0.974,1.348,1.359,1.008,0.997,0.421,0.581,1.379,33.02,1
2026-09-06T10:09:36Z,0.73,"5 km NW of The Geysers, CA",43.0,4.6,100.0,100sps,0.862,0.838,0.872,1.12,1.01,0.965,339.4,NNW,7.41,12.79,29.16,0,0.749,0.11,0,0,0.567,0.604,1.066,0.601,0.607,1.01,0.843,0.829,0.984,1.084,0.452,0.62,1.372,23.2,0
2026-09-06T08:59:47Z,1.49,"4 km S of Pittsburg, CA",83.0,15.6,100.0,100sps,0.855,0.889,0.705,0.97,0.82,0.832,128.3,SE,14.29,24.66,33.5,0,1.747,-0.322,0,0,0.52,0.527,1.014,0.748,0.451,0.604,0.949,0.906,0.954,1.063,0.394,0.46,1.166,33.61,0
2026-09-06T08:53:08Z,1.32,"1 km WNW of Anderson Springs, CA",37.2,3.3,100.0,100sps,0.694,0.898,1.074,3.1,1.55,2.155,348.3,NNW,6.42,11.08,4.43,1,3.506,-0.211,0,0,0.519,0.634,1.222,0.74,0.846,1.144,1.044,1.027,0.984,1.242,0.397,0.882,2.219,8.81,0
2026-09-06T08:06:20Z,0.76,"7 km WNW of The Geysers, CA",43.4,2.5,100.0,100sps,1.083,1.309,1.002,1.32,0.93,1.434,336.5,NNW,7.48,12.92,13.26,0,0.793,0.257,0,0,0.562,0.505,0.898,1.214,0.883,0.728,1.631,1.128,0.691,1.299,0.443,0.482,1.088,26.22,0
2026-09-06T07:48:07Z,0.72,"2 km N of The Geysers, CA",40.2,2.5,100.0,100sps,0.78,0.901,1.372,3.02,1.76,2.353,343.4,NNW,6.93,11.96,9.75,0,0.798,0.469,0,0,0.529,0.518,0.979,0.74,1.369,1.851,1.183,1.312,1.109,0.883,0.41,0.428,1.044,28.09,0
2026-09-06T07:30:06Z,0.36,"6 km NNW of The Geysers, CA",44.1,5.9,100.0,100sps,0.963,1.002,0.738,0.81,0.77,0.782,340.3,NNW,7.59,13.1,29.27,0,0.31,0.402,0,0,0.527,0.522,0.99,0.861,0.511,0.594,1.322,1.158,0.876,1.13,0.415,0.451,1.086,28.91,0
2026-09-06T06:12:26Z,0.66,"9 km WNW of Cobb, CA",46.6,1.9,100.0,100sps,1.234,1.705,3.485,6.86,2.82,8.468,337.8,NNW,8.03,13.86,5.78,0,0.574,1.169,1,0,0.526,0.517,0.984,1.694,3.653,2.157,1.305,1.974,1.512,0.65,0.409,0.495,1.212,27.61,0
2026-09-06T05:55:21Z,1.5,"5 km WNW of Cobb, CA",45.2,2.0,100.0,100sps,1.496,1.802,1.331,1.16,0.89,1.738,341.8,NNW,7.8,13.46,18.91,0,4.131,-0.376,0,0,0.526,0.555,1.056,1.782,1.247,0.7,1.821,1.773,0.974,1.085,0.411,0.694,1.689,14.94,0
2026-09-06T05:42:11Z,1.34,"8 km ESE of Cloverdale, CA",45.4,3.8,100.0,100sps,1.535,1.045,0.92,0.68,0.6,1.04,323.1,NW,7.83,13.51,29.33,0,2.842,-0.437,0,0,0.539,0.526,0.975,0.913,0.756,0.828,1.599,1.767,1.106,0.882,0.42,0.499,1.188,27.79,0
2026-09-06T03:09:29Z,0.76,"5 km NW of The Geysers, CA",42.8,3.0,100.0,100sps,1.486,1.813,2.074,2.54,1.4,3.773,339.9,NNW,7.37,12.73,8.64,0,0.808,0.669,0,0,0.524,0.533,1.017,1.866,2.093,1.122,1.651,1.7,1.03,0.988,0.41,0.495,1.208,28.24,0
2026-09-06T00:59:05Z,1.88,"20 km SSW of Mina, Nevada",388.4,1.7,100.0,100sps,2.334,2.389,2.459,2.03,1.05,4.742,92.5,E,55.35,98.32,3.86,0,0.205,1.365,0,0,0.53,0.56,1.057,2.399,2.538,1.058,1.909,1.978,1.036,1.02,0.421,0.574,1.364,34.26,1
2026-09-06T00:29:05Z,0.77,"5 km WNW of The Geysers, CA",42.2,3.5,100.0,100sps,2.73,2.513,1.944,1.04,0.71,2.839,336.7,NNW,7.27,12.56,15.1,0,0.842,0.528,0,0,0.545,0.521,0.956,2.591,1.916,0.739,1.867,1.73,0.927,1.031,0.433,0.517,1.193,26.96,0
2026-09-06T00:25:03Z,0.73,"8 km WNW of Cobb, CA",45.9,1.9,100.0,100sps,2.493,2.633,2.238,2.23,0.9,5.551,339.2,NNW,7.9,13.64,2.68,0,0.689,0.906,0,0,0.56,0.538,0.961,2.682,2.333,0.87,2.112,2.104,0.996,0.965,0.456,0.545,1.195,23.81,0
2026-09-06T00:09:24Z,1.22,"6 km NW of The Geysers, CA",43.9,2.4,100.0,100sps,2.691,2.415,2.845,1.9,1.06,5.123,339.1,NNW,7.57,13.07,6.07,0,2.252,0.357,0,0,0.549,0.56,1.021,2.472,2.917,1.18,2.004,1.764,0.88,1.16,0.43,0.567,1.319,24.89,0
2026-09-06T00:09:08Z,2.13,"22 km NE of Pinnacles, CA",248.4,3.7,100.0,100sps,2.6,2.476,3.021,1.97,1.16,5.123,143.0,SE,37.8,66.79,10.74,0,1.099,0.668,0,0,0.535,0.546,1.02,2.542,3.151,1.24,2.02,1.711,0.847,1.205,0.424,0.531,1.252,35.63,1
2026-09-05T23:01:57Z,1.04,"5 km NW of The Geysers, CA",42.7,3.0,100.0,100sps,3.159,2.856,2.578,1.33,0.82,4.206,339.8,NNW,7.35,12.69,10.62,0,1.545,0.435,0,0,0.582,0.547,0.939,2.893,2.612,0.903,6.948,7.081,1.019,0.922,0.484,0.554,1.146,24.66,0
2026-09-05T21:52:55Z,1.02,"10 km WNW of The Geysers, CA",46.2,2.0,100.0,100sps,4.167,3.813,2.701,1.08,0.65,4.51,334.0,NNW,7.97,13.75,7.36,0,1.33,0.53,0,0,0.582,0.554,0.952,4.038,2.804,0.694,6.302,5.485,0.87,1.093,0.481,0.69,1.435,16.98,0
2026-09-05T21:50:18Z,0.82,"7 km NW of The Geysers, CA",45.1,1.5,100.0,100sps,3.791,4.373,3.226,1.48,0.85,5.595,338.6,NNW,7.77,13.42,8.53,0,0.867,0.81,0,0,0.843,0.663,0.786,4.519,3.311,0.733,6.814,5.599,0.822,0.957,0.787,1.088,1.382,5.86,0
2026-09-05T21:50:09Z,1.05,"7 km NW of The Geysers, CA",45.1,1.5,100.0,100sps,3.617,4.057,6.139,5.41,1.7,19.577,338.6,NNW,7.77,13.42,1.28,0,1.471,1.124,0,0,0.818,0.602,0.736,4.18,6.683,1.599,6.591,5.656,0.858,0.858,0.76,0.633,0.833,25.04,0
2026-09-05T21:43:21Z,0.76,"8 km NW of The Geysers, CA",45.4,1.6,100.0,100sps,3.205,5.442,3.871,1.58,1.21,5.064,338.2,NNW,7.82,13.5,21.91,0,0.749,0.83,0,0,0.585,0.585,0.999,5.656,3.95,0.698,5.867,5.689,0.97,1.031,0.481,0.648,1.347,22.93,0
2026-09-05T21:34:54Z,1.77,"5 km NW of The Geysers, CA",43.4,3.5,100.0,100sps,2.928,3.242,3.462,2.27,1.18,6.637,339.3,NNW,7.47,12.9,4.28,0,8.128,-0.088,0,0,0.564,0.828,1.469,3.385,3.543,1.047,5.519,5.285,0.958,1.534,0.466,1.324,2.844,8.11,0
2026-09-05T21:30:29Z,0.67,"13 km NW of The Geysers, CA",48.8,2.5,100.0,100sps,3.6,2.689,2.573,1.26,0.71,4.529,332.9,NNW,8.41,14.51,5.29,0,0.553,0.913,0,0,0.554,0.543,0.981,2.751,2.649,0.963,5.613,5.447,0.97,1.011,0.448,0.575,1.284,24.05,0
2026-09-05T20:44:59Z,1.31,"2 km NNW of The Geysers, CA",39.8,1.3,100.0,100sps,3.675,6.05,4.384,1.78,1.19,6.559,342.3,NNW,6.86,11.84,12.06,0,3.15,0.319,0,0,0.618,0.685,1.108,6.47,4.466,0.69,3.85,3.042,0.79,1.402,0.526,0.858,1.633,19.68,0
2026-09-05T20:28:01Z,0.97,"10 km WNW of Cobb, CA",48.3,0.4,100.0,100sps,3.754,2.474,2.433,0.91,0.65,3.428,337.8,NNW,8.32,14.36,16.57,0,1.12,0.486,0,0,0.558,0.551,0.987,2.543,2.434,0.957,1.557,1.655,1.063,0.928,0.446,0.51,1.143,28.6,0
2026-09-05T20:06:56Z,1.59,"12 km NE of Napa, CA",42.5,14.3,100.0,100sps,2.405,3.079,4.414,4.0,1.84,9.613,104.1,ESE,7.32,12.63,4.27,1,5.506,0.242,0,0,0.549,1.275,2.323,3.204,4.345,1.356,2.842,2.49,0.876,2.651,0.436,3.431,7.875,2.27,0
2026-09-05T19:18:37Z,0.77,"8 km NW of The Geysers, CA",45.4,2.0,100.0,100sps,3.378,4.134,2.773,1.15,0.82,3.881,338.8,NNW,7.81,13.48,13.61,0,0.766,0.705,0,0,0.67,0.664,0.991,4.345,2.796,0.644,4.087,2.113,0.517,1.916,0.58,0.734,1.266,22.64,0
2026-09-05T17:31:19Z,0.91,"10 km WNW of The Geysers, CA",45.9,2.7,100.0,100sps,3.816,5.006,3.019,1.62,0.79,6.188,334.0,NNW,7.91,13.66,6.71,0,1.041,0.774,0,0,0.648,0.584,0.9,5.261,3.106,0.59,2.796,1.708,0.611,1.474,0.556,0.72,1.295,16.68,0
2026-09-05T17:29:34Z,0.6,"10 km WNW of Cobb, CA",48.4,9.2,100.0,100sps,2.64,4.999,4.946,2.88,1.87,7.589,337.3,NNW,8.34,14.39,11.22,0,0.476,1.203,0,0,0.629,0.642,1.021,5.273,5.214,0.989,2.731,2.743,1.004,1.017,0.526,0.686,1.304,23.22,0
2026-09-05T16:06:30Z,0.72,"5 km NW of The Geysers, CA",42.8,1.5,100.0,100sps,4.06,2.772,3.741,2.58,0.92,10.489,339.9,NNW,7.38,12.74,1.22,0,0.737,1.154,0,0,1.01,0.65,0.644,2.684,3.898,1.452,2.035,1.815,0.892,0.722,0.949,0.771,0.812,21.67,0
2026-09-05T16:03:02Z,0.72,"5 km NW of The Geysers, CA",43.3,2.4,100.0,100sps,2.335,4.079,6.229,5.58,2.67,13.038,339.4,NNW,7.46,12.88,4.21,0,0.726,1.254,1,0,0.58,0.624,1.075,4.309,6.561,1.523,2.235,2.735,1.224,0.879,0.459,0.573,1.249,26.31,0
2026-09-05T15:53:39Z,1.21,"4 km WNW of The Geysers, CA",41.3,3.1,100.0,100sps,4.396,2.19,2.398,0.99,0.55,4.364,338.0,NNW,7.11,12.27,6.65,0,2.388,0.262,0,0,0.578,0.558,0.965,2.195,2.487,1.133,1.565,1.49,0.952,1.014,0.471,0.587,1.245,20.49,0
2026-09-05T15:46:17Z,0.8,"7 km WNW of The Geysers, CA",42.4,-0.8,100.0,100sps,3.263,3.118,1.574,0.72,0.48,2.345,334.8,NNW,7.31,12.62,13.3,0,0.896,0.418,0,0,0.586,0.572,0.976,3.195,1.508,0.472,2.393,1.561,0.652,1.496,0.469,0.547,1.166,26.73,0
2026-09-05T14:59:59Z,2.19,"7 km SW of Gilroy, CA",188.3,4.6,100.0,100sps,2.297,6.499,1.821,1.44,0.79,3.297,151.9,SSE,30.25,53.23,7.88,0,2.229,0.17,0,0,0.587,0.562,0.957,6.762,1.786,0.264,4.091,1.272,0.311,3.077,0.468,0.52,1.111,37.89,1
2026-09-05T14:09:40Z,0.91,"8 km NW of The Geysers, CA",45.4,1.7,100.0,100sps,2.297,1.797,2.748,2.22,1.2,5.107,338.2,NNW,7.83,13.52,6.53,0,1.056,0.685,0,0,0.534,0.551,1.032,1.777,2.797,1.574,1.218,1.728,1.419,0.727,0.417,0.555,1.329,28.0,0
2026-09-05T13:42:32Z,1.01,"7 km WNW of Cobb, CA",45.7,2.0,100.0,100sps,1.916,1.816,2.224,2.05,1.16,3.925,340.0,NNW,7.87,13.59,6.74,0,1.32,0.473,0,0,0.553,0.546,0.988,1.792,2.338,1.304,1.435,1.453,1.012,0.976,0.426,0.477,1.12,29.18,0
2026-09-05T13:17:14Z,1.95,"24 km NE of King City, CA",275.2,9.2,100.0,100sps,2.276,2.08,1.457,0.98,0.64,2.231,146.9,SSE,40.43,71.62,16.89,0,0.577,0.588,0,0,0.581,0.57,0.98,2.056,1.399,0.681,1.621,1.474,0.909,1.078,0.466,0.667,1.432,23.3,1
2026-09-05T12:50:38Z,0.68,"8 km NW of The Geysers, CA",45.5,2.1,100.0,100sps,1.102,2.872,0.991,1.16,0.9,1.282,338.0,NNW,7.85,13.55,23.31,0,0.62,0.316,0,0,0.765,0.553,0.722,2.919,0.846,0.29,2.077,0.938,0.451,1.6,0.702,0.52,0.74,26.32,0
2026-09-05T12:27:42Z,1.73,"7 km SW of Gilroy, CA",188.0,4.5,100.0,100sps,1.065,1.094,1.703,3.89,1.6,4.141,151.8,SSE,30.23,53.19,3.7,0,0.775,0.728,0,0,0.545,0.528,0.969,0.973,1.706,1.753,0.719,0.898,1.248,0.776,0.424,0.485,1.146,38.47,1
2026-09-05T11:36:48Z,1.55,"7 km SW of Gilroy, CA",188.0,4.2,100.0,100sps,0.735,1.776,0.846,1.5,1.15,1.105,151.8,SSE,30.26,53.25,28.02,0,0.512,0.334,0,0,0.54,0.525,0.972,1.817,0.675,0.371,1.022,0.784,0.767,1.267,0.423,0.513,1.212,35.07,1
2026-09-05T09:42:07Z,1.7,"5 km SW of Redwood Valley, CA",102.4,3.1,100.0,100sps,0.832,0.878,0.785,0.95,0.94,0.792,328.3,NNW,17.65,30.47,36.41,0,2.061,-0.415,0,0,0.579,0.531,0.917,0.652,0.57,0.875,0.8,0.552,0.69,1.328,0.459,0.475,1.034,35.57,0
2026-09-05T09:38:47Z,1.34,"9 km SSE of San Juan Bautista, CA",211.9,8.3,100.0,100sps,0.824,0.793,4.169,12.11,5.06,9.976,151.5,SSE,32.72,57.74,6.0,0,0.249,1.602,1,0,0.599,0.578,0.965,0.492,4.263,8.674,0.662,2.035,3.076,0.314,0.472,0.629,1.333,34.27,1
2026-09-05T09:33:12Z,0.52,"11 km WNW of Cobb, CA",48.5,1.6,100.0,100sps,0.976,0.784,1.007,1.2,1.03,1.174,336.4,NNW,8.35,14.42,28.58,0,0.395,0.473,0,0,0.586,0.588,1.004,0.505,0.816,1.615,1.037,0.815,0.786,1.277,0.458,0.622,1.358,23.57,0
2026-09-05T09:26:48Z,1.87,"6 km NW of Pinnacles, CA",244.5,3.3,100.0,100sps,0.771,2.401,0.791,1.07,1.03,0.823,148.4,SSE,37.37,66.0,39.53,0,0.625,0.119,0,0,0.599,0.594,0.991,2.429,0.502,0.207,1.744,1.336,0.766,1.294,0.467,0.679,1.454,27.02,1
2026-09-05T09:16:00Z,0.94,"1 km SSE of The Geysers, CA",37.9,7.3,100.0,100sps,1.114,0.892,0.914,1.23,0.82,1.369,342.5,NNW,6.52,11.26,15.63,0,1.431,-0.019,0,0,0.579,0.606,1.045,0.665,0.686,1.032,1.275,1.17,0.918,1.139,0.446,0.567,1.269,25.73,0
2026-09-05T08:58:03Z,1.55,"13 km SSW of Tres Pinos, CA",225.8,5.1,100.0,100sps,0.912,0.897,0.867,1.04,0.95,0.948,150.4,SSE,34.83,61.47,38.98,0,0.355,0.427,0,0,0.536,0.571,1.064,0.717,0.645,0.9,1.379,1.361,0.987,1.078,0.419,0.603,1.437,31.76,1
2026-09-05T08:24:56Z,0.79,"5 km WNW of The Geysers, CA",41.7,2.9,100.0,100sps,1.305,7.139,0.971,1.01,0.74,1.323,336.6,NNW,7.19,12.41,18.65,0,0.895,0.17,0,0,2.368,0.525,0.222,6.721,0.824,0.123,4.304,2.088,0.485,0.457,2.346,0.509,0.217,27.37,0
2026-09-05T08:23:25Z,1.61,"4 km ESE of Roseland, CA",9.8,6.8,100.0,100sps,1.3,1.039,12.212,21.47,9.4,27.899,231.2,SW,1.88,3.26,3.84,1,34.002,-0.086,1,0,0.53,3.999,7.548,0.921,11.514,12.502,1.839,6.991,3.801,1.986,0.415,10.046,24.186,3.61,0
2026-09-05T07:31:01Z,0.25,"10 km WNW of The Geysers, CA",46.2,2.3,100.0,100sps,0.906,1.614,0.884,1.28,0.97,1.165,334.4,NNW,7.97,13.76,18.12,0,0.226,0.713,0,0,0.522,0.515,0.985,1.585,0.738,0.466,1.222,0.719,0.588,1.675,0.409,0.483,1.18,28.51,0
2026-09-05T06:37:12Z,0.74,"14 km WSW of Toms Place, CA",349.2,4.8,100.0,100sps,1.379,0.871,2.275,5.16,1.65,7.123,106.2,ESE,50.12,88.97,1.89,0,0.02,2.556,0,0,0.525,0.53,1.009,0.697,2.341,3.358,3.005,3.08,1.025,0.984,0.407,0.498,1.224,39.12,1
2026-09-05T06:24:58Z,1.0,"4 km W of Cobb, CA",43.0,2.2,100.0,100sps,1.432,1.87,1.013,1.1,0.71,1.572,343.3,NNW,7.41,12.8,10.99,0,1.395,0.052,0,0,0.543,0.534,0.983,1.858,0.866,0.466,3.205,3.013,0.94,1.046,0.435,0.567,1.303,24.0,0
2026-09-05T06:24:48Z,1.04,"10 km NW of The Geysers, CA",47.5,1.7,100.0,100sps,1.352,1.913,1.018,1.16,0.75,1.572,336.8,NNW,8.18,14.12,10.76,0,1.345,0.068,0,0,0.541,0.516,0.955,1.907,0.886,0.465,3.211,2.985,0.93,1.027,0.431,0.561,1.3,23.35,0
2026-09-05T06:19:49Z,1.55,"4 km W of Cobb, CA",43.0,2.0,100.0,100sps,1.356,1.347,1.596,2.52,1.18,3.424,343.1,NNW,7.41,12.79,3.61,0,4.952,-0.16,0,0,0.541,0.701,1.295,1.267,1.453,1.147,2.939,2.996,1.019,1.27,0.429,1.713,3.989,1.69,0
2026-09-05T05:54:50Z,0.72,"8 km W of Cobb, CA",45.7,2.2,100.0,100sps,1.242,1.611,1.869,2.83,1.5,3.51,339.2,NNW,7.88,13.61,4.12,0,0.676,0.716,0,0,0.527,0.533,1.012,1.543,1.866,1.209,1.525,2.267,1.487,0.68,0.416,0.522,1.254,26.79,0
2026-09-05T04:35:31Z,1.74,"4 km SW of Brentwood, CA",99.0,14.4,100.0,100sps,1.885,1.703,3.634,5.53,1.93,10.417,128.5,SE,17.02,29.42,3.43,0,2.383,0.641,1,0,0.533,0.531,0.996,1.679,3.913,2.331,1.541,2.143,1.39,0.716,0.418,0.711,1.703,12.25,0
2026-09-05T03:53:49Z,0.9,"6 km WNW of Cobb, CA",45.0,2.1,100.0,100sps,2.249,2.062,1.285,0.95,0.57,2.146,341.0,NNW,7.76,13.4,6.49,0,1.043,0.313,0,0,0.541,0.529,0.98,2.087,1.241,0.595,1.095,1.096,1.001,0.979,0.427,0.51,1.194,28.2,0
2026-09-05T03:31:35Z,0.69,"7 km W of Cobb, CA",45.4,2.0,100.0,100sps,2.111,1.349,1.268,0.85,0.6,1.785,339.2,NNW,7.83,13.52,19.32,0,0.636,0.448,0,0,0.518,0.519,1.002,1.298,1.191,0.918,1.231,1.428,1.161,0.863,0.401,0.441,1.1,28.67,0
2026-09-05T03:18:40Z,0.86,"7 km NW of The Geysers, CA",44.4,2.0,100.0,100sps,1.71,1.503,1.448,1.43,0.85,2.438,336.9,NNW,7.65,13.21,7.34,0,0.97,0.4,0,0,0.523,0.519,0.991,1.469,1.389,0.946,1.092,1.008,0.923,1.074,0.411,0.513,1.249,26.1,0
2026-09-05T03:06:05Z,0.7,"7 km NW of The Geysers, CA",44.8,1.2,100.0,100sps,2.125,2.85,1.187,0.93,0.56,1.97,338.3,NNW,7.72,13.33,10.07,0,0.663,0.473,0,0,0.58,0.514,0.886,2.891,1.096,0.379,1.788,1.179,0.66,1.343,0.484,0.497,1.027,27.0,0
2026-09-05T03:04:21Z,2.37,"9 km NW of Honey Lake, CA",279.2,-1.6,100.0,100sps,2.062,2.037,2.18,2.16,1.06,4.449,42.1,NE,42.05,74.36,5.6,0,1.468,0.482,0,0,0.538,0.558,1.038,2.067,2.248,1.088,1.621,1.681,1.037,1.001,0.43,0.712,1.654,18.27,1
2026-09-05T02:22:40Z,0.35,"8 km NW of The Geysers, CA",45.1,2.3,100.0,100sps,2.324,1.764,2.719,1.5,1.17,3.482,338.1,NNW,7.78,13.42,22.89,0,0.293,1.074,0,0,0.532,0.536,1.007,1.733,2.778,1.603,1.038,1.774,1.708,0.59,0.413,0.476,1.153,29.06,0
2026-09-05T02:14:12Z,1.23,"9 km NW of The Geysers, CA",45.6,1.9,100.0,100sps,2.696,4.344,1.369,0.82,0.51,2.2,335.2,NNW,7.86,13.57,8.78,0,2.196,0.001,0,0,0.584,0.572,0.98,4.574,1.257,0.275,2.029,0.967,0.477,2.055,0.485,0.736,1.517,14.33,0
2026-09-05T01:35:38Z,0.74,"8 km NW of The Geysers, CA",45.3,8.5,100.0,100sps,2.722,2.783,1.291,0.82,0.47,2.23,336.2,NNW,7.8,13.46,7.04,0,0.717,0.493,0,0,0.556,0.526,0.946,2.854,1.191,0.417,1.917,1.24,0.647,1.462,0.453,0.482,1.065,27.36,0
2026-09-05T00:09:13Z,0.71,"9 km WNW of Cobb, CA",46.9,1.5,100.0,100sps,4.242,3.71,3.034,1.28,0.72,5.426,337.9,NNW,8.08,13.95,6.73,0,0.639,0.929,0,0,0.55,0.664,1.208,3.916,3.053,0.78,2.932,2.564,0.874,1.381,0.435,0.991,2.277,9.42,0
2026-09-04T23:50:11Z,0.75,"5 km NNW of The Geysers, CA",42.7,0.7,100.0,100sps,3.576,3.189,5.879,2.76,1.64,9.862,340.7,NNW,7.36,12.7,9.93,0,0.792,1.095,0,0,0.599,0.969,1.617,3.349,6.047,1.806,2.87,5.379,1.874,0.863,0.5,1.891,3.779,6.02,0
2026-09-04T23:46:28Z,0.65,"11 km WNW of Cobb, CA",48.6,2.5,100.0,100sps,4.477,3.5,6.809,3.37,1.52,15.107,336.0,NNW,8.38,14.47,3.72,0,0.53,1.455,0,0,0.655,0.682,1.04,3.623,7.093,1.958,2.915,4.334,1.487,0.7,0.575,0.785,1.365,21.65,0
2026-09-04T23:45:32Z,0.62,"9 km WNW of Cobb, CA",46.9,1.8,100.0,100sps,4.138,4.401,3.792,1.74,0.92,7.199,337.9,NNW,8.09,13.97,5.56,0,0.519,1.142,0,0,0.833,0.663,0.796,4.521,3.953,0.874,2.944,2.905,0.987,0.806,0.755,0.957,1.268,10.22,0
2026-09-04T23:44:03Z,0.82,"6 km NW of The Geysers, CA",43.7,1.5,100.0,100sps,4.181,4.676,6.119,2.37,1.46,9.915,337.9,NNW,7.54,13.01,11.05,0,0.902,1.041,0,0,0.862,0.964,1.118,4.701,6.338,1.348,3.447,3.244,0.941,1.188,0.734,1.447,1.971,9.35,0
2026-09-04T23:26:33Z,0.71,"8 km NW of The Geysers, CA",45.7,1.5,100.0,100sps,5.178,5.241,4.863,1.77,0.94,9.189,338.1,NNW,7.88,13.61,4.6,0,0.66,1.144,0,0,0.902,0.568,0.63,5.468,5.103,0.933,5.188,3.697,0.713,0.884,0.832,0.552,0.664,26.15,0
2026-09-04T23:24:02Z,1.43,"8 km NW of The Geysers, CA",45.8,1.9,100.0,100sps,4.542,4.961,5.934,2.5,1.31,11.369,338.2,NNW,7.89,13.62,5.15,0,3.463,0.516,0,0,0.649,0.706,1.087,5.298,6.27,1.184,5.588,8.855,1.585,0.686,0.563,1.198,2.127,4.25,0
2026-09-04T22:50:08Z,0.57,"6 km NW of The Geysers, CA",43.3,2.2,100.0,100sps,3.676,6.101,3.712,1.64,1.01,6.023,336.9,NNW,7.47,12.89,9.25,0,0.514,1.069,0,0,0.661,0.612,0.926,6.452,3.785,0.587,3.78,4.839,1.28,0.723,0.565,0.721,1.276,18.71,0
2026-09-04T22:39:23Z,1.72,"5 km NNW of Green Valley, CA",42.5,4.6,100.0,100sps,4.46,3.336,5.157,2.12,1.16,9.449,113.7,ESE,7.33,12.65,6.0,0,7.429,0.104,0,0,0.576,0.771,1.339,3.42,5.5,1.608,3.701,4.121,1.114,1.202,0.467,0.937,2.005,19.58,0
2026-09-04T21:56:28Z,1.69,"15 km E of Seven Trees, CA",153.7,1.5,100.0,100sps,4.168,5.576,7.075,3.15,1.7,13.13,146.8,SSE,26.35,45.74,6.71,0,1.027,1.107,0,0,0.679,0.947,1.395,5.71,7.311,1.28,3.099,3.488,1.126,1.239,0.585,1.807,3.09,5.22,1
2026-09-04T21:51:54Z,0.69,"8 km WNW of Cobb, CA",46.0,1.8,100.0,100sps,4.836,4.684,2.945,1.02,0.61,4.919,338.9,NNW,7.92,13.67,8.27,0,0.627,0.895,0,0,0.701,0.613,0.874,4.852,2.959,0.61,3.003,2.651,0.883,0.99,0.622,0.744,1.196,18.58,0
2026-09-04T21:51:36Z,1.15,"8 km W of Cobb, CA",45.8,2.0,100.0,100sps,4.521,5.151,2.516,0.89,0.56,4.012,338.9,NNW,7.9,13.64,8.63,0,1.813,0.345,0,0,0.747,0.649,0.869,5.367,2.507,0.467,3.074,2.521,0.82,1.06,0.67,0.873,1.303,14.45,0
2026-09-04T20:49:50Z,1.92,"4 km N of Canyondam, CA",236.1,7.2,100.0,100sps,4.798,5.575,4.065,1.71,0.85,8.217,33.8,NE,35.84,63.33,6.29,0,0.756,1.036,0,0,1.145,0.763,0.666,5.766,4.154,0.72,4.295,4.429,1.031,0.646,1.083,1.249,1.153,11.57,1
2026-09-04T20:02:38Z,0.97,"8 km W of Cobb, CA",45.9,1.9,100.0,100sps,3.724,2.759,2.263,0.96,0.61,3.572,338.3,NNW,7.92,13.67,11.18,0,1.196,0.475,0,0,0.606,0.585,0.965,2.847,2.254,0.792,1.569,1.504,0.959,1.006,0.5,0.685,1.368,19.75,0
2026-09-04T18:23:15Z,1.14,"2 km NW of The Geysers, CA",39.4,0.4,100.0,100sps,3.613,2.996,4.872,2.35,1.35,8.484,340.8,NNW,6.8,11.73,9.23,0,2.155,0.595,0,0,0.675,0.668,0.989,3.024,5.339,1.766,1.742,2.839,1.629,0.607,0.584,1.103,1.889,5.31,0
2026-09-04T18:09:38Z,0.73,"11 km NW of The Geysers, CA",48.5,1.1,100.0,100sps,3.321,4.842,3.228,1.68,0.97,5.571,335.9,NNW,8.36,14.43,6.73,0,0.64,0.94,0,0,0.904,0.684,0.756,4.94,3.272,0.662,2.629,2.388,0.908,0.833,0.846,0.925,1.094,14.71,0
2026-09-04T17:31:27Z,2.33,"2 km N of The Geysers, CA",39.8,1.9,100.0,100sps,4.006,4.096,6.642,2.93,1.66,11.744,342.4,NNW,6.85,11.83,9.07,0,33.01,-0.449,0,0,0.688,2.516,3.656,4.259,6.185,1.452,2.47,3.087,1.25,2.925,0.594,4.991,8.4,6.75,0
2026-09-04T15:46:50Z,0.27,"5 km NW of The Geysers, CA",42.6,3.2,100.0,100sps,4.945,4.69,4.293,2.17,0.87,10.708,339.2,NNW,7.34,12.67,3.34,0,0.263,1.61,0,0,0.638,0.68,1.066,4.86,4.461,0.918,2.072,2.381,1.149,0.927,0.545,0.814,1.493,19.0,0
2026-09-04T15:27:27Z,2.29,"5 km NE of Willits, CA",125.6,-0.3,100.0,100sps,3.005,3.307,2.765,2.53,0.92,7.592,331.7,NNW,21.65,37.38,2.62,0,5.779,0.119,0,0,0.634,0.653,1.03,3.506,2.828,0.807,2.04,1.571,0.77,1.337,0.535,0.929,1.737,12.74,0
2026-09-04T15:24:01Z,0.73,"11 km NW of The Geysers, CA",48.2,1.6,100.0,100sps,3.148,2.97,7.178,3.52,2.28,11.076,335.9,NNW,8.3,14.33,13.85,0,0.646,1.234,0,0,0.61,0.747,1.224,3.022,7.497,2.481,2.335,8.633,3.698,0.331,0.498,0.948,1.905,19.76,0
2026-09-04T14:54:30Z,0.98,"9 km NW of The Geysers, CA",45.7,1.7,100.0,100sps,4.506,2.933,3.209,0.95,0.71,4.301,335.2,NNW,7.88,13.61,18.48,0,1.23,0.544,0,0,0.594,0.635,1.068,3.017,3.279,1.087,1.748,2.43,1.391,0.768,0.489,0.834,1.706,15.27,0
2026-09-04T14:34:48Z,1.13,"7 km NW of American Canyon, CA",41.2,18.2,100.0,100sps,5.932,6.081,2.758,0.71,0.46,4.207,133.6,SE,7.08,12.23,9.11,0,1.99,0.325,0,0,0.596,0.613,1.028,6.394,2.836,0.444,3.003,1.834,0.611,1.682,0.488,0.66,1.354,24.03,0
2026-09-04T13:12:28Z,0.41,"4 km NNW of The Geysers, CA",46.5,20.0,100.0,100sps,2.276,1.051,1.295,0.74,0.57,1.691,342.5,NNW,8.0,13.81,18.85,0,0.324,0.718,0,0,0.534,0.534,1.001,0.956,1.204,1.259,0.806,1.064,1.32,0.759,0.41,0.51,1.245,26.35,0
2026-09-04T11:45:32Z,1.35,"14 km S of Tres Pinos, CA",229.8,5.5,100.0,100sps,0.877,1.038,0.968,1.47,1.1,1.288,149.7,SSE,35.27,62.28,25.31,0,0.216,0.776,0,0,0.521,0.53,1.018,0.919,0.828,0.901,1.178,1.251,1.062,0.959,0.405,0.494,1.219,38.46,1
2026-09-04T11:35:02Z,1.16,"2 km NE of The Geysers, CA",38.9,4.1,100.0,100sps,1.183,0.811,0.714,0.63,0.6,0.742,344.4,NNW,6.71,11.58,28.58,0,2.292,-0.49,0,0,0.541,0.529,0.978,0.598,0.462,0.772,0.598,0.531,0.889,1.1,0.418,0.474,1.133,28.42,0
2026-09-04T11:04:14Z,0.27,"10 km WNW of The Geysers, CA",46.2,2.4,100.0,100sps,0.735,1.213,0.717,0.98,0.97,0.724,334.2,NNW,7.97,13.76,29.26,0,0.236,0.486,0,0,0.534,0.533,0.998,1.154,0.463,0.401,1.533,1.473,0.961,1.038,0.412,0.475,1.152,28.11,0
2026-09-04T10:53:47Z,1.58,"20 km WNW of Cloverdale, CA",70.3,1.5,100.0,100sps,1.178,1.199,0.724,0.63,0.61,0.746,311.4,NW,12.12,20.92,32.43,0,2.729,-0.564,0,0,0.529,0.526,0.995,1.146,0.482,0.421,1.331,1.217,0.914,1.089,0.407,0.463,1.137,31.54,0
2026-09-04T09:09:01Z,0.74,"2 km ESE of The Geysers, CA",37.0,1.0,100.0,100sps,0.803,0.869,1.751,4.02,2.18,3.23,344.3,NNW,6.38,11.01,7.24,0,0.93,0.541,0,0,0.529,0.552,1.043,0.684,1.675,2.449,1.255,1.316,1.049,0.995,0.413,0.558,1.35,24.53,0
2026-09-04T09:01:34Z,1.84,"4 km NE of Almanor, CA",236.8,11.4,100.0,100sps,0.806,0.785,0.822,1.06,1.02,0.856,32.0,NNE,35.41,62.63,39.79,0,0.625,0.137,0,0,0.529,0.543,1.027,0.572,0.611,1.068,0.723,0.6,0.831,1.237,0.411,0.496,1.208,36.7,1
2026-09-04T08:52:10Z,0.74,"2 km ESE of The Geysers, CA",37.1,1.0,100.0,100sps,0.795,1.178,1.18,2.96,1.48,2.353,344.3,NNW,6.4,11.04,3.69,0,0.927,0.405,0,0,0.55,0.557,1.013,1.057,1.065,1.008,1.598,1.467,0.918,1.103,0.433,0.604,1.396,21.83,0
2026-09-04T07:59:26Z,0.75,"12 km WNW of The Geysers, CA",48.0,2.6,100.0,100sps,0.816,1.031,0.855,1.37,1.05,1.118,332.4,NNW,8.27,14.27,26.74,0,0.68,0.216,0,0,0.522,0.542,1.037,0.915,0.669,0.732,1.277,1.198,0.938,1.106,0.399,0.486,1.219,29.52,0
2026-09-04T06:30:40Z,0.89,"6 km ESE of Tres Pinos, CA",222.4,6.1,100.0,100sps,1.683,2.396,2.68,2.13,1.59,3.591,146.9,SSE,34.29,60.51,25.89,0,0.08,1.652,0,0,0.574,0.539,0.938,2.409,2.619,1.087,2.492,2.145,0.861,1.09,0.463,0.697,1.507,14.87,1
2026-09-04T05:52:15Z,1.82,"16 km SE of Petrolia, CA",237.4,2.3,100.0,100sps,0.95,0.847,1.379,2.87,1.45,2.725,326.7,NNW,36.6,64.61,7.76,0,0.594,0.662,0,0,0.53,0.533,1.007,0.668,1.315,1.968,0.982,1.159,1.18,0.853,0.407,0.471,1.159,39.14,1
2026-09-04T05:12:37Z,0.1,"4 km WNW of The Geysers, CA",41.4,3.4,100.0,100sps,1.511,1.72,0.789,0.61,0.52,0.925,337.5,NNW,7.14,12.32,28.27,0,0.184,0.701,0,0,0.528,0.537,1.018,1.682,0.571,0.339,1.226,1.077,0.878,1.159,0.414,0.394,0.951,28.45,0
2026-09-04T04:38:58Z,0.26,"9 km NW of The Geysers, CA",46.3,1.2,100.0,100sps,2.09,1.782,1.138,1.0,0.54,2.091,336.8,NNW,7.99,13.79,5.08,0,0.23,0.958,0,0,0.533,0.531,0.995,1.736,1.024,0.59,1.145,1.02,0.891,1.117,0.409,0.482,1.179,28.89,0
2026-09-04T04:38:07Z,0.79,"1 km NE of The Geysers, CA",39.0,1.9,100.0,100sps,1.52,2.112,1.279,1.55,0.84,2.356,343.8,NNW,6.73,11.61,4.67,0,0.975,0.383,0,0,0.532,0.529,0.993,2.121,1.173,0.553,1.235,1.07,0.866,1.146,0.408,0.414,1.015,28.37,0
2026-09-04T04:28:02Z,0.75,"8 km NW of The Geysers, CA",45.2,2.2,100.0,100sps,1.511,1.31,1.915,2.9,1.27,4.382,338.2,NNW,7.79,13.45,3.74,0,0.735,0.775,0,0,0.532,0.532,1.0,1.245,1.946,1.563,1.449,1.081,0.746,1.34,0.412,0.438,1.061,28.59,0
2026-09-04T04:15:43Z,0.75,"4 km NNW of The Geysers, CA",42.0,1.4,100.0,100sps,1.48,1.761,1.177,1.5,0.79,2.222,341.9,NNW,7.25,12.51,3.67,0,0.808,0.44,0,0,0.552,0.544,0.985,1.701,1.078,0.634,1.524,0.946,0.621,1.587,0.43,0.49,1.139,28.49,0
2026-09-04T04:01:02Z,0.78,"7 km NW of The Geysers, CA",44.0,3.1,100.0,100sps,1.647,2.002,1.143,1.08,0.69,1.774,337.6,NNW,7.58,13.09,10.12,0,0.816,0.337,0,0,0.538,0.533,0.99,1.98,1.037,0.523,1.33,1.624,1.221,0.811,0.421,0.506,1.202,26.86,0
2026-09-04T03:34:16Z,0.96,"7 km NW of The Geysers, CA",45.0,3.1,100.0,100sps,1.758,2.017,2.63,3.43,1.5,6.031,338.2,NNW,7.75,13.38,3.97,0,1.2,0.701,0,0,0.535,0.546,1.02,2.089,2.665,1.276,1.375,1.573,1.144,0.891,0.415,0.53,1.277,27.03,0
2026-09-04T03:13:21Z,0.69,"11 km WNW of Cobb, CA",48.5,1.4,100.0,100sps,1.73,3.196,1.95,1.85,1.13,3.207,336.2,NNW,8.36,14.43,9.36,0,0.584,0.74,0,0,0.55,0.553,1.005,3.283,1.915,0.583,1.441,1.546,1.073,0.936,0.433,0.596,1.375,23.36,0
2026-09-04T03:01:02Z,0.46,"6 km WNW of The Geysers, CA",42.5,3.1,100.0,100sps,1.829,2.174,2.618,2.85,1.43,5.22,336.4,NNW,7.33,12.65,5.75,0,0.408,1.107,0,0,0.531,0.553,1.041,2.185,2.631,1.204,1.74,1.714,0.985,1.057,0.41,0.58,1.416,26.3,0
2026-09-04T02:41:39Z,0.75,"10 km NW of The Geysers, CA",46.8,1.5,100.0,100sps,2.21,1.373,1.569,1.68,0.71,3.716,336.6,NNW,8.06,13.91,1.72,0,0.703,0.723,0,0,0.562,0.545,0.971,1.282,1.526,1.19,1.568,1.646,1.05,0.925,0.443,0.557,1.259,25.99,0
2026-09-04T02:40:35Z,0.89,"10 km NW of The Geysers, CA",46.8,1.6,100.0,100sps,1.54,2.215,1.104,0.97,0.72,1.499,336.6,NNW,8.07,13.93,21.8,0,0.969,0.189,0,0,0.543,0.584,1.077,2.224,0.94,0.423,1.496,1.396,0.933,1.154,0.422,0.564,1.338,27.65,0
2026-09-04T01:29:42Z,1.46,"8 km NW of The Geysers, CA",45.5,1.8,100.0,100sps,2.972,2.958,4.808,3.68,1.62,10.949,338.4,NNW,7.83,13.52,4.39,0,3.743,0.466,0,0,0.603,0.664,1.101,3.006,5.058,1.683,1.552,2.738,1.764,0.624,0.483,0.756,1.566,19.58,0
2026-09-04T00:37:16Z,1.28,"1 km NE of The Geysers, CA",38.6,0.1,100.0,100sps,3.834,3.626,3.103,0.98,0.81,3.765,343.1,NNW,6.66,11.5,24.33,0,3.052,0.091,0,0,0.693,0.61,0.881,3.758,3.196,0.85,2.347,2.432,1.036,0.85,0.576,0.65,1.129,23.79,0
2026-09-04T00:18:41Z,1.07,"3 km W of Cobb, CA",43.5,2.0,100.0,100sps,3.544,3.39,3.911,2.22,1.1,7.858,343.6,NNW,7.5,12.94,4.77,0,1.615,0.687,0,0,0.664,0.572,0.86,3.486,4.052,1.162,2.568,2.254,0.878,0.981,0.548,0.692,1.261,17.28,0
2026-09-03T22:13:30Z,0.75,"10 km WNW of The Geysers, CA",45.9,2.2,100.0,100sps,4.194,3.572,2.939,1.09,0.7,4.558,334.1,NNW,7.91,13.66,11.51,0,0.72,0.801,0,0,0.672,0.597,0.888,3.639,3.011,0.827,2.66,2.597,0.976,0.91,0.587,0.644,1.097,23.09,0
2026-09-03T22:10:06Z,2.01,"15 km SSE of Willow Creek, CA",276.9,23.2,100.0,100sps,3.476,2.773,5.163,2.98,1.49,10.35,343.7,NNW,38.95,69.22,5.42,0,0.653,1.2,0,0,0.587,0.669,1.14,2.844,5.446,1.915,2.455,2.995,1.22,0.935,0.48,1.228,2.559,5.42,1
2026-09-03T21:26:10Z,1.05,"3 km NNW of The Geysers, CA",40.9,3.4,100.0,100sps,3.32,2.506,4.115,2.53,1.24,8.407,341.7,NNW,7.05,12.16,4.38,0,1.671,0.702,0,0,0.953,1.645,1.726,2.405,3.962,1.648,1.929,2.456,1.273,1.356,0.91,3.611,3.967,4.24,0
2026-09-03T20:49:47Z,1.21,"2 km NE of Pinnacles, CA",250.2,1.0,100.0,100sps,3.936,3.806,3.237,1.28,0.82,5.043,147.6,SSE,38.34,67.72,16.42,0,0.13,1.589,0,0,0.689,0.721,1.046,3.894,3.262,0.838,2.614,2.927,1.12,0.934,0.59,1.35,2.287,3.91,1
2026-09-03T20:10:02Z,1.71,"9 km WSW of Patterson, CA",165.3,7.9,100.0,100sps,4.531,4.755,5.677,3.39,1.25,15.372,131.9,SE,26.98,47.41,1.78,0,0.943,1.212,0,0,0.876,1.224,1.398,4.856,5.876,1.21,3.245,3.869,1.192,1.172,0.808,2.025,2.505,14.2,1
2026-09-03T19:58:23Z,2.35,"4 km ENE of Pinnacles, CA",251.0,8.2,100.0,100sps,3.785,4.832,2.368,0.92,0.63,3.474,147.3,SSE,37.56,66.44,19.33,0,1.783,0.29,0,0,0.784,0.779,0.994,5.124,2.274,0.444,2.611,1.673,0.641,1.551,0.712,1.571,2.206,4.73,1
2026-09-03T19:05:23Z,1.32,"8 km ESE of Mammoth Lakes, CA",339.7,3.1,100.0,100sps,4.318,2.899,3.335,1.43,0.77,6.169,104.8,ESE,49.16,87.2,11.08,0,0.081,1.883,0,0,0.615,0.717,1.165,2.953,3.38,1.145,2.055,2.449,1.192,0.978,0.512,1.135,2.217,8.75,1
2026-09-03T18:03:44Z,1.9,"6 km NE of Medford, Oregon",437.0,-1.5,100.0,100sps,3.254,5.416,5.092,3.27,1.56,10.636,357.8,N,61.57,109.47,6.11,0,0.152,1.845,0,0,0.81,0.711,0.878,5.794,5.338,0.921,2.781,3.208,1.154,0.761,0.723,0.958,1.324,18.64,1
2026-09-03T17:38:25Z,1.67,"6 km SE of Cloverdale, CA",46.8,6.9,100.0,100sps,3.651,3.343,4.153,1.61,1.14,5.874,320.8,NW,8.07,13.92,16.88,0,5.84,0.003,0,0,1.011,1.233,1.22,3.319,4.192,1.263,2.481,2.575,1.038,1.175,0.96,2.352,2.449,5.45,0
2026-09-03T17:33:27Z,3.34,"3 km ESE of Larkfield-Wikiup, CA",13.3,8.8,100.0,100sps,5.772,2.356,1050.442,462.19,181.98,2667.855,303.8,NW,2.57,4.44,3.5,1,1275.522,0.32,1,0,0.701,525.482,750.026,2.39,876.074,366.515,1.677,214.839,128.092,5.855,0.615,1201.781,1954.1,4.71,0
2026-09-03T17:24:50Z,1.13,"4 km WSW of Cobb, CA",42.2,2.1,100.0,100sps,3.766,4.296,6.182,3.48,1.64,13.115,342.9,NNW,7.28,12.56,3.68,0,1.927,0.833,0,0,0.641,0.748,1.168,4.522,6.534,1.445,2.407,3.007,1.249,0.934,0.551,1.056,1.918,12.09,0
2026-09-03T17:13:29Z,1.42,"4 km SE of Calistoga, CA",13.0,3.4,100.0,100sps,5.242,3.708,4.964,1.82,0.95,9.539,30.4,NNE,2.5,4.33,4.97,0,15.812,-0.219,0,0,0.694,0.816,1.176,3.787,5.31,1.402,2.398,2.601,1.085,1.085,0.603,1.833,3.041,2.16,0
2026-09-03T16:54:30Z,2.78,"15 km SE of Petrolia, CA",238.7,11.3,100.0,100sps,3.315,3.115,3.561,3.08,1.07,10.202,326.3,NNW,35.65,63.06,1.13,0,5.354,0.28,0,0,0.693,0.586,0.844,3.175,3.76,1.185,2.028,1.92,0.947,0.892,0.601,0.659,1.097,27.85,1
2026-09-03T16:30:05Z,1.52,"7 km NNW of Pinnacles, CA",244.2,4.1,100.0,100sps,3.149,3.826,4.125,2.15,1.31,6.755,147.7,SSE,37.23,65.77,12.53,0,0.28,1.382,0,0,0.665,0.711,1.069,4.034,4.222,1.046,3.014,2.408,0.799,1.338,0.566,0.996,1.76,18.33,1
2026-09-03T15:58:50Z,1.61,"6 km SE of Poplar-Cotton Center, CA",413.8,14.8,100.0,100sps,3.644,3.022,3.109,1.27,0.85,4.629,130.0,SE,56.89,101.31,17.97,0,0.092,1.703,0,0,0.642,0.592,0.922,3.067,3.221,1.05,2.295,2.705,1.179,0.782,0.552,0.594,1.076,34.58,1
2026-09-03T15:52:32Z,2.31,"5 km ENE of Willits, CA",122.6,-0.2,100.0,100sps,3.296,3.043,2.808,1.28,0.85,4.221,331.6,NNW,21.13,36.47,16.08,0,6.302,-0.174,0,0,0.605,0.588,0.972,3.149,2.874,0.913,2.082,2.463,1.183,0.822,0.505,0.595,1.179,34.22,0
2026-09-03T15:05:36Z,2.1,"5 km ENE of Willits, CA",123.0,0.2,100.0,100sps,4.975,8.659,3.064,1.41,0.62,6.993,331.7,NNW,21.2,36.6,4.12,0,3.863,0.258,0,0,0.722,0.717,0.993,9.282,3.194,0.344,3.994,2.195,0.55,1.808,0.642,0.856,1.332,25.1,0
2026-09-03T14:51:30Z,2.02,"21 km SSW of Silver Peak, Nevada",437.4,4.2,100.0,100sps,5.277,3.2,3.81,1.16,0.72,6.114,101.2,E,61.12,108.73,13.97,0,0.2,1.485,0,0,0.86,1.125,1.308,3.22,3.765,1.169,2.335,2.531,1.084,1.206,0.795,3.416,4.299,1.34,1
2026-09-03T14:26:33Z,1.61,"7 km ESE of Cloverdale, CA",46.3,6.5,100.0,100sps,4.448,4.64,3.238,1.09,0.73,4.835,323.2,NW,7.97,13.76,15.5,0,5.166,-0.029,0,0,0.857,1.074,1.254,4.817,3.099,0.643,3.109,2.468,0.794,1.58,0.8,1.822,2.278,9.57,0
2026-09-03T13:58:31Z,1.72,"3 km SE of East Valley, Nevada",261.8,9.2,100.0,100sps,3.208,3.004,1.795,0.82,0.56,2.635,77.4,ENE,38.77,68.64,20.57,0,0.38,0.841,0,0,1.378,0.745,0.54,2.754,1.702,0.618,2.412,1.712,0.71,0.761,1.346,1.417,1.052,6.05,1
2026-09-03T13:44:29Z,1.73,"43 km E of Big Pine, California",448.0,0.0,100.0,100sps,2.239,4.23,2.552,1.89,1.14,4.235,107.4,ESE,62.93,111.91,14.08,0,0.095,1.648,0,0,0.73,0.804,1.101,4.557,2.504,0.55,2.693,1.794,0.666,1.653,0.642,1.248,1.942,12.2,1
2026-09-03T12:34:43Z,1.07,"2 km ENE of The Geysers, CA",38.3,1.7,100.0,100sps,2.39,2.212,2.78,3.12,1.16,7.446,345.2,NNW,6.6,11.4,1.13,0,1.902,0.593,0,0,0.904,0.547,0.606,2.055,2.876,1.4,1.947,1.586,0.815,0.743,0.871,0.548,0.629,23.52,0
2026-09-03T12:32:37Z,1.36,"2 km N of The Geysers, CA",39.8,2.2,100.0,100sps,2.903,0.935,1.804,1.11,0.62,3.229,342.4,NNW,6.86,11.84,7.89,0,3.534,-0.039,0,0,0.603,0.86,1.425,0.71,1.531,2.157,0.854,0.978,1.146,1.244,0.516,1.506,2.918,9.39,0
2026-09-03T11:59:46Z,1.1,"2 km N of The Geysers, CA",39.6,3.4,100.0,100sps,1.272,1.234,2.503,4.44,1.97,5.646,343.1,NNW,6.83,11.79,5.17,0,1.951,0.461,0,0,0.536,0.698,1.303,1.167,2.522,2.162,1.283,1.506,1.174,1.11,0.417,1.128,2.704,7.08,0
2026-09-03T11:37:40Z,1.31,"5 km NW of The Geysers, CA",42.2,3.5,100.0,100sps,0.986,1.02,0.952,1.35,0.97,1.334,338.7,NNW,7.27,12.56,18.15,0,2.916,-0.34,0,0,0.559,0.534,0.955,0.87,0.791,0.909,1.507,1.42,0.942,1.013,0.443,0.463,1.044,27.45,0
2026-09-03T11:06:02Z,0.86,"11 km NW of The Geysers, CA",48.3,1.0,100.0,100sps,1.902,1.399,0.884,0.55,0.46,1.049,336.0,NNW,8.33,14.39,28.08,0,0.867,0.082,0,0,0.577,0.577,0.999,1.35,0.669,0.496,1.323,1.242,0.939,1.064,0.463,0.746,1.612,14.2,0
2026-09-03T11:03:31Z,1.07,"7 km NW of The Geysers, CA",44.0,2.7,100.0,100sps,1.038,2.764,0.953,1.68,0.92,1.747,336.9,NNW,7.58,13.08,3.13,0,1.593,0.04,0,0,0.591,0.582,0.986,2.857,0.76,0.266,2.046,1.533,0.749,1.316,0.473,0.565,1.193,25.06,0
2026-09-03T10:59:51Z,1.33,"17 km NW of Pinnacles, CA",234.1,5.2,100.0,100sps,1.435,0.848,2.781,6.29,1.94,9.026,149.3,SSE,35.84,63.3,1.97,0,0.198,1.659,0,0,0.583,0.627,1.075,0.606,2.892,4.769,1.593,2.429,1.525,0.705,0.462,0.638,1.382,32.91,1
2026-09-03T10:53:51Z,1.06,"11 km NW of The Geysers, CA",48.1,1.2,100.0,100sps,0.808,0.801,0.772,0.98,0.96,0.789,335.7,NNW,8.29,14.3,29.71,0,1.385,-0.245,0,0,0.607,0.559,0.921,0.499,0.518,1.038,0.935,0.724,0.774,1.189,0.486,0.502,1.033,27.9,0
2026-09-03T10:52:02Z,0.72,"2 km ESE of The Geysers, CA",36.6,2.4,100.0,100sps,2.29,0.782,0.843,0.38,0.37,0.882,344.7,NNW,6.3,10.88,28.08,0,0.902,-0.01,0,0,0.572,0.636,1.111,0.512,0.532,1.038,0.735,0.762,1.037,1.072,0.445,0.656,1.475,24.62,0
2026-09-03T10:22:59Z,1.14,"11 km WNW of Cobb, CA",48.4,1.4,100.0,100sps,0.792,1.634,0.808,1.06,1.02,0.836,336.0,NNW,8.35,14.41,29.87,0,1.651,-0.295,0,0,0.61,0.601,0.985,1.573,0.523,0.333,1.634,1.25,0.765,1.287,0.492,0.563,1.146,25.95,0
2026-09-03T09:48:58Z,1.04,"6 km NW of The Geysers, CA",43.8,2.4,100.0,100sps,0.891,0.851,0.835,1.04,0.94,0.927,339.1,NNW,7.54,13.02,28.59,0,1.495,-0.208,0,0,0.532,0.538,1.01,0.657,0.637,0.969,0.72,0.732,1.017,0.993,0.419,0.491,1.172,27.04,0
2026-09-03T09:04:55Z,0.76,"7 km NW of The Geysers, CA",44.5,0.7,100.0,100sps,0.795,0.803,1.037,2.61,1.3,2.079,339.0,NNW,7.67,13.24,3.43,0,0.768,0.432,0,0,0.535,0.528,0.987,0.591,0.94,1.59,0.588,0.971,1.65,0.598,0.414,0.448,1.081,28.78,0
2026-09-03T08:27:10Z,0.63,"5 km WNW of Cobb, CA",45.3,1.7,100.0,100sps,0.805,0.784,0.776,1.04,0.96,0.834,342.2,NNW,7.81,13.47,28.52,0,0.556,0.176,0,0,0.519,0.515,0.993,0.577,0.572,0.991,1.054,1.276,1.211,0.82,0.408,0.477,1.17,27.72,0
2026-09-03T07:09:51Z,1.18,"12 km NNW of Angwin, CA",28.4,6.8,100.0,100sps,1.09,1.032,0.973,1.42,0.89,1.55,22.7,NNE,4.89,8.45,8.4,0,3.563,-0.361,0,0,0.524,0.566,1.08,0.899,0.779,0.866,1.886,1.823,0.966,1.117,0.406,0.584,1.439,22.04,0
2026-09-03T06:42:36Z,1.59,"18 km ESE of Silver Springs, Nevada",325.1,9.5,100.0,100sps,1.128,2.067,1.514,2.44,1.34,2.748,71.4,ENE,46.57,82.67,11.86,0,0.168,1.213,0,0,0.542,0.521,0.961,2.088,1.495,0.716,3.329,2.535,0.761,1.262,0.428,0.495,1.156,38.51,1
2026-09-03T05:06:00Z,0.28,"10 km NW of The Geysers, CA",46.5,2.0,100.0,100sps,1.48,0.938,1.138,1.27,0.77,1.882,334.4,NNW,8.01,13.83,6.63,0,0.24,0.894,0,0,0.531,0.53,1.0,0.782,1.028,1.314,2.193,2.176,0.992,1.008,0.416,0.451,1.083,29.17,0
2026-09-03T04:55:06Z,0.73,"8 km W of Cobb, CA",45.8,2.0,100.0,100sps,1.521,2.236,1.367,1.62,0.9,2.469,338.9,NNW,7.89,13.62,6.42,0,0.691,0.553,0,0,0.52,0.516,0.993,2.299,1.334,0.58,2.278,2.248,0.987,1.006,0.406,0.487,1.2,27.75,0
2026-09-03T04:31:51Z,2.31,"29 km ENE of Benton, California",394.0,5.9,100.0,100sps,2.215,4.45,2.096,1.53,0.95,3.385,97.3,E,55.53,98.71,13.45,0,0.529,0.806,0,0,0.825,0.631,0.765,4.554,2.041,0.448,4.727,3.42,0.723,1.057,0.747,1.343,1.797,2.85,1
2026-09-03T04:24:13Z,1.43,"15 km N of Morgan Hill, CA",158.4,6.1,100.0,100sps,1.699,1.491,1.304,1.05,0.77,1.782,146.6,SSE,26.37,46.27,26.22,0,0.534,0.523,0,0,0.536,0.54,1.008,1.431,1.207,0.844,2.054,2.731,1.33,0.758,0.426,0.67,1.571,22.3,1
2026-09-03T03:58:19Z,1.72,"17 km NNW of Sutcliffe, Nevada",313.9,13.8,100.0,100sps,1.673,2.194,1.036,0.91,0.62,1.528,53.3,NE,44.65,79.29,18.98,0,0.248,0.79,0,0,0.538,0.536,0.997,2.216,0.904,0.408,2.333,2.108,0.904,1.103,0.424,0.464,1.095,37.82,1
2026-09-03T03:21:02Z,1.47,"2 km WSW of Tres Pinos, CA",217.2,3.8,100.0,100sps,1.993,1.814,1.586,1.61,0.8,3.2,148.3,SSE,33.93,59.82,5.3,0,0.32,1.0,0,0,0.536,0.552,1.029,1.81,1.536,0.849,2.198,2.268,1.032,0.997,0.418,0.532,1.273,37.54,1
2026-09-03T03:05:14Z,0.74,"6 km NW of The Geysers, CA",44.2,2.7,100.0,100sps,2.98,2.363,1.745,0.85,0.59,2.53,339.4,NNW,7.61,13.14,17.77,0,0.741,0.534,0,0,0.549,0.549,0.999,2.392,1.708,0.714,1.82,1.497,0.822,1.216,0.443,0.547,1.233,26.21,0
2026-09-02T22:48:54Z,1.03,"2 km NW of The Geysers, CA",39.7,0.9,100.0,100sps,4.14,3.872,4.159,2.18,1.0,9.044,340.8,NNW,6.85,11.82,3.5,0,1.657,0.737,0,0,0.74,0.777,1.049,3.98,4.301,1.081,5.494,5.479,0.997,1.052,0.664,1.247,1.879,8.41,0
2026-09-02T22:36:53Z,1.28,"9 km SSE of San Juan Bautista, CA",212.1,8.6,100.0,100sps,4.209,3.708,4.027,1.69,0.96,7.097,151.6,SSE,32.7,57.71,10.0,0,0.217,1.515,0,0,0.614,0.599,0.976,3.904,4.15,1.063,2.812,2.671,0.95,1.028,0.519,0.843,1.623,15.78,1
2026-09-02T22:23:07Z,1.54,"8 km NW of Avenal, CA",342.4,8.6,100.0,100sps,4.361,3.555,4.01,1.81,0.92,7.914,140.3,SE,48.83,86.72,6.63,0,0.131,1.78,0,0,0.708,0.771,1.089,3.708,4.158,1.121,4.484,5.064,1.129,0.964,0.632,1.342,2.124,9.33,1
2026-09-02T22:05:31Z,1.67,"18 km SW of Toms Place, CA",350.8,1.0,100.0,100sps,4.62,3.374,4.241,1.69,0.92,7.79,107.3,ESE,50.79,90.1,10.22,0,0.166,1.671,0,0,0.668,0.666,0.996,3.484,4.414,1.267,2.509,3.218,1.283,0.777,0.588,0.783,1.332,27.2,1
2026-09-02T21:13:35Z,1.1,"11 km NW of The Geysers, CA",48.2,1.5,100.0,100sps,3.766,6.32,3.21,1.3,0.85,4.89,335.7,NNW,8.3,14.33,11.5,0,1.514,0.509,0,0,1.067,0.687,0.644,6.728,3.254,0.484,3.111,1.979,0.636,1.012,1.017,0.862,0.847,16.54,0
2026-09-02T21:05:09Z,1.29,"3 km WNW of Orinda, CA",72.8,6.1,100.0,100sps,4.504,4.15,3.901,2.2,0.87,9.895,149.8,SSE,12.54,21.65,1.25,0,1.333,0.871,0,0,0.629,0.703,1.117,4.276,3.935,0.92,2.356,2.122,0.901,1.241,0.515,0.952,1.846,12.06,0
2026-09-02T19:41:19Z,0.75,"2 km NNW of The Geysers, CA",39.6,1.1,100.0,100sps,5.662,6.015,3.091,0.6,0.55,3.389,342.0,NNW,6.83,11.79,27.9,0,0.872,0.59,0,0,0.841,0.747,0.888,6.247,3.085,0.494,2.956,2.461,0.833,1.066,0.771,0.837,1.085,21.1,0
2026-09-02T19:33:50Z,1.61,"7 km WNW of Cobb, CA",45.4,2.0,100.0,100sps,4.936,4.163,2.574,0.64,0.52,3.178,340.3,NNW,7.81,13.48,26.06,0,5.3,-0.222,0,0,0.772,0.748,0.97,4.301,2.557,0.594,2.748,2.315,0.843,1.151,0.694,0.929,1.339,19.37,0
2026-09-02T19:09:24Z,0.2,"6 km WNW of Cobb, CA",45.3,1.8,100.0,100sps,2.952,4.548,5.135,3.08,1.74,9.086,341.9,NNW,7.82,13.49,6.9,0,0.206,1.644,0,0,0.791,0.793,1.003,4.611,5.401,1.171,2.719,3.109,1.143,0.877,0.694,1.455,2.097,5.77,0
2026-09-02T18:23:20Z,0.79,"10 km NW of The Geysers, CA",47.1,1.2,100.0,100sps,6.351,3.562,3.077,0.72,0.48,4.598,336.3,NNW,8.11,14.0,11.56,0,0.765,0.779,0,0,0.612,0.665,1.087,3.76,3.114,0.828,2.323,1.815,0.781,1.391,0.513,0.714,1.39,25.9,0
2026-09-02T15:20:19Z,1.47,"6 km NW of The Geysers, CA",44.2,2.8,100.0,100sps,4.964,3.256,6.667,2.05,1.34,10.199,339.3,NNW,7.61,13.14,13.21,0,3.978,0.409,0,0,0.637,1.142,1.793,3.324,6.791,2.043,3.416,4.896,1.433,1.251,0.527,1.649,3.127,16.85,0
2026-09-02T14:16:10Z,0.75,"1 km NNE of The Geysers, CA",39.2,0.8,100.0,100sps,2.583,2.252,2.515,1.86,0.97,4.814,343.6,NNW,6.76,11.66,3.78,0,0.884,0.736,0,0,0.561,0.569,1.013,2.273,2.567,1.129,2.311,2.525,1.093,0.927,0.455,0.554,1.218,26.09,0
2026-09-02T13:56:09Z,1.06,"6 km NW of The Geysers, CA",44.0,2.7,100.0,100sps,3.233,2.684,2.519,1.11,0.78,3.578,339.8,NNW,7.58,13.08,18.33,0,1.557,0.361,0,0,0.613,0.699,1.14,2.669,2.453,0.919,2.216,2.382,1.075,1.06,0.509,1.381,2.715,1.87,0
2026-09-02T13:55:47Z,0.94,"6 km NW of The Geysers, CA",43.8,2.8,100.0,100sps,3.264,3.135,5.915,3.4,1.81,11.086,339.9,NNW,7.55,13.03,7.38,0,1.187,0.97,0,0,0.592,0.949,1.602,3.179,5.925,1.863,2.205,3.626,1.644,0.974,0.48,2.663,5.549,1.46,0
2026-09-02T12:40:45Z,1.22,"9 km WNW of The Geysers, CA",45.5,2.4,100.0,100sps,2.785,2.76,0.963,0.6,0.35,1.669,335.0,NNW,7.85,13.55,8.47,0,2.15,-0.11,0,0,0.542,0.533,0.984,2.856,0.81,0.284,2.353,1.955,0.831,1.184,0.423,0.492,1.163,27.49,0
2026-09-02T12:27:32Z,1.73,"11 km ENE of Hidden Valley Lake, CA",45.8,5.4,100.0,100sps,1.645,2.36,1.954,2.26,1.19,3.727,20.0,NNE,7.89,13.63,8.15,0,6.899,-0.267,0,0,0.563,1.213,2.156,2.414,1.471,0.61,1.324,0.878,0.663,3.252,0.448,2.213,4.936,8.19,0
2026-09-02T11:32:27Z,0.94,"10 km NW of The Geysers, CA",46.7,1.5,100.0,100sps,0.922,1.344,1.214,1.98,1.32,1.827,334.6,NNW,8.06,13.91,12.48,0,1.092,0.224,0,0,0.55,0.563,1.024,1.286,1.127,0.876,0.894,0.733,0.819,1.25,0.427,0.625,1.464,20.65,0
2026-09-02T11:23:37Z,0.76,"11 km WNW of Cobb, CA",48.4,1.6,100.0,100sps,0.836,1.29,0.849,1.15,1.01,0.963,336.3,NNW,8.35,14.42,28.24,0,0.688,0.146,0,0,0.575,0.599,1.041,1.168,0.57,0.488,1.758,1.67,0.949,1.097,0.449,0.595,1.324,25.14,0
2026-09-02T11:21:23Z,1.63,"4 km ESE of Hayward, CA",105.0,7.5,100.0,100sps,0.978,0.832,0.79,0.83,0.81,0.809,150.5,SSE,18.08,31.21,36.72,0,1.688,-0.319,0,0,0.591,0.6,1.014,0.571,0.484,0.847,1.683,1.676,0.996,1.018,0.468,0.603,1.29,32.65,0
2026-09-02T11:00:53Z,1.01,"10 km NW of The Geysers, CA",46.9,1.4,100.0,100sps,0.785,0.761,0.743,0.96,0.95,0.754,336.4,NNW,8.08,13.95,29.5,0,1.275,-0.228,0,0,0.582,0.552,0.949,0.471,0.483,1.026,1.352,1.379,1.02,0.931,0.46,0.49,1.065,27.14,0
2026-09-02T10:57:14Z,0.66,"10 km NW of The Geysers, CA",47.1,1.5,100.0,100sps,1.198,1.193,0.821,0.88,0.69,1.06,336.6,NNW,8.12,14.01,23.0,0,0.567,0.272,0,0,0.593,0.567,0.956,1.099,0.586,0.533,1.448,1.41,0.974,0.982,0.48,0.508,1.058,28.0,0
2026-09-02T10:30:11Z,1.49,"5 km E of Fremont, CA",119.0,4.2,100.0,100sps,0.861,0.773,0.752,1.03,0.87,0.883,148.8,SSE,20.51,35.41,37.97,0,1.0,-0.054,0,0,0.57,0.56,0.983,0.503,0.48,0.956,0.945,0.741,0.784,1.253,0.459,0.59,1.284,25.96,0
2026-09-02T10:08:21Z,1.13,"7 km WNW of Cobb, CA",45.4,2.0,100.0,100sps,0.971,0.894,0.757,0.77,0.78,0.748,340.2,NNW,7.83,13.52,29.04,0,1.752,-0.37,0,0,0.528,0.522,0.99,0.72,0.543,0.755,0.704,0.535,0.759,1.305,0.407,0.482,1.183,28.38,0
2026-09-02T09:45:51Z,1.99,"4 km SSE of Cloverdale, CA",48.6,1.5,100.0,100sps,0.754,0.75,1.899,5.41,2.52,4.081,317.1,NW,8.38,14.47,4.62,1,11.608,-0.454,1,0,0.534,1.268,2.375,0.518,1.334,2.574,0.572,0.613,1.071,2.217,0.415,3.159,7.604,2.13,0
2026-09-02T09:27:18Z,1.13,"8 km ESE of Cloverdale, CA",45.6,4.4,100.0,100sps,0.736,0.754,0.728,1.01,0.99,0.74,323.2,NW,7.86,13.56,29.06,0,1.744,-0.372,0,0,0.521,0.533,1.025,0.54,0.483,0.894,0.805,1.238,1.538,0.666,0.402,0.477,1.185,27.42,0
2026-09-02T09:05:36Z,0.73,"6 km WNW of Cobb, CA",45.1,2.2,100.0,100sps,1.006,0.772,0.765,0.76,0.76,0.76,341.3,NNW,7.78,13.43,29.39,0,0.704,0.034,0,0,0.533,0.528,0.992,0.547,0.541,0.988,1.033,0.999,0.967,1.026,0.418,0.463,1.108,28.19,0
2026-09-02T08:18:27Z,2.96,"4 km WSW of Hamilton City, CA",152.9,25.6,100.0,100sps,0.867,1.5,0.958,1.24,1.11,1.079,18.5,NNE,23.25,41.02,38.46,0,19.301,-1.253,0,0,0.527,0.614,1.164,1.456,0.708,0.486,1.904,1.413,0.742,1.568,0.413,0.673,1.63,30.12,0
2026-09-02T07:37:06Z,2.15,"11 km N of Deep Springs, CA",420.9,8.7,100.0,100sps,0.789,1.298,0.802,1.29,1.02,1.021,103.7,ESE,58.52,104.14,35.59,0,0.303,0.528,0,0,0.522,0.531,1.018,1.242,0.596,0.48,1.166,0.838,0.719,1.416,0.407,0.47,1.155,38.61,1
2026-09-02T07:12:03Z,1.15,"7 km SSW of Ridgemark, CA",217.1,8.7,100.0,100sps,1.094,1.66,0.703,0.63,0.64,0.69,149.9,SSE,33.3,58.79,39.69,0,0.153,0.653,0,0,0.525,0.527,1.005,1.638,0.452,0.276,2.172,1.429,0.658,1.526,0.413,0.468,1.133,39.38,1
2026-09-02T05:43:13Z,1.39,"31 km NW of Covelo, CA",189.2,5.9,100.0,100sps,1.317,0.891,0.773,0.6,0.59,0.796,337.6,NNW,30.19,53.14,39.53,0,0.35,0.356,0,0,0.521,0.541,1.038,0.737,0.545,0.739,1.241,1.137,0.916,1.133,0.408,0.476,1.166,38.44,1
2026-09-02T05:11:53Z,0.2,"8 km NW of The Geysers, CA",45.8,1.8,100.0,100sps,1.588,1.813,0.716,0.46,0.45,0.735,338.2,NNW,7.9,13.63,29.68,0,0.204,0.557,0,0,0.532,0.53,0.997,1.842,0.467,0.254,0.959,0.55,0.574,1.736,0.413,0.459,1.113,27.5,0
2026-09-02T03:49:01Z,2.57,"2 km N of Middletown, CA",35.6,4.2,100.0,100sps,1.917,3.292,16.023,16.53,8.36,31.691,1.3,N,6.14,10.6,7.25,1,65.936,-0.318,1,0,0.547,10.555,19.314,3.44,11.496,3.342,4.358,4.001,0.918,21.038,0.433,25.685,59.28,4.43,0
2026-09-02T02:01:55Z,0.75,"2 km N of The Geysers, CA",39.9,2.7,100.0,100sps,3.717,2.555,1.923,0.96,0.52,3.565,342.3,NNW,6.87,11.87,5.32,0,0.865,0.615,0,0,0.57,0.525,0.922,2.602,1.95,0.749,1.791,2.222,1.241,0.743,0.47,0.49,1.042,26.29,0
2026-09-01T22:26:58Z,0.52,"11 km WNW of Cobb, CA",48.3,1.6,100.0,100sps,4.501,7.121,5.103,2.31,1.13,10.403,336.2,NNW,8.33,14.38,4.06,0,0.396,1.419,0,0,0.767,0.674,0.879,7.395,5.237,0.708,2.938,2.365,0.805,1.092,0.683,0.835,1.224,18.68,0
2026-09-01T21:06:00Z,0.25,"5 km NW of The Geysers, CA",42.6,3.3,100.0,100sps,6.061,3.183,2.358,0.67,0.39,4.055,339.1,NNW,7.35,12.68,7.59,0,0.251,1.208,0,0,0.62,1.08,1.744,3.3,2.082,0.631,2.282,1.754,0.769,2.268,0.525,2.06,3.924,8.0,0
2026-09-01T20:53:22Z,0.7,"6 km NW of The Geysers, CA",43.7,2.5,100.0,100sps,3.392,4.912,5.338,3.45,1.57,11.688,339.1,NNW,7.54,13.01,5.71,0,0.684,1.233,0,0,1.303,0.679,0.521,4.946,5.655,1.143,2.643,2.846,1.077,0.484,1.282,0.762,0.595,24.9,0
2026-09-01T20:36:26Z,0.56,"6 km NW of The Geysers, CA",43.2,3.5,100.0,100sps,4.986,4.241,6.722,2.93,1.35,14.596,337.2,NNW,7.45,12.85,4.19,0,0.503,1.462,0,0,0.667,0.734,1.1,4.417,7.131,1.615,2.724,9.199,3.377,0.326,0.579,1.058,1.827,10.87,0
2026-09-01T20:34:57Z,1.18,"1 km SSE of Blackhawk, CA",95.1,6.9,100.0,100sps,4.048,5.597,2.818,1.5,0.7,6.057,138.4,SE,16.39,28.29,3.25,0,0.698,0.939,0,0,0.769,0.681,0.886,5.967,2.805,0.47,3.353,1.836,0.547,1.618,0.7,1.249,1.783,3.95,0
2026-09-01T20:05:09Z,1.54,"2 km NNW of The Geysers, CA",39.9,2.6,100.0,100sps,3.162,2.755,5.078,3.77,1.61,11.92,342.2,NNW,6.87,11.86,4.83,0,5.332,0.349,0,0,0.626,0.711,1.136,2.791,5.386,1.93,1.865,2.863,1.535,0.74,0.538,1.041,1.934,14.5,0
2026-09-01T17:16:44Z,1.37,"15 km W of Ukiah, CA",101.9,3.2,100.0,100sps,4.143,3.623,5.493,3.73,1.33,15.46,320.0,NW,17.56,30.31,1.96,0,0.972,1.202,0,0,1.92,0.686,0.357,3.172,5.927,1.868,2.47,3.176,1.286,0.278,1.91,0.85,0.445,26.49,0
2026-09-01T17:01:24Z,2.09,"15 km W of Ukiah, CA",101.6,4.0,100.0,100sps,3.06,6.313,3.273,1.66,1.07,5.074,319.9,NW,17.5,30.21,15.05,0,5.125,-0.004,0,0,0.612,1.068,1.747,6.77,3.261,0.482,2.604,2.016,0.774,2.256,0.501,2.254,4.495,7.1,0
2026-09-01T16:34:09Z,1.09,"7 km NW of The Geysers, CA",44.1,2.7,100.0,100sps,3.191,4.005,5.291,3.78,1.66,12.045,337.6,NNW,7.59,13.11,2.13,0,1.663,0.86,0,0,0.602,0.585,0.971,4.092,5.514,1.348,3.266,3.303,1.011,0.96,0.492,0.591,1.2,25.69,0
2026-09-01T16:17:56Z,0.83,"5 km NW of The Geysers, CA",43.3,3.0,100.0,100sps,3.441,4.082,4.176,3.09,1.21,10.65,340.0,NNW,7.46,12.88,2.23,0,0.935,1.057,0,0,0.596,0.608,1.021,4.201,4.308,1.026,3.339,3.317,0.994,1.028,0.481,0.694,1.442,22.33,0
2026-09-01T16:12:51Z,0.73,"7 km NW of The Geysers, CA",44.8,2.2,100.0,100sps,7.417,5.069,3.455,1.03,0.47,7.636,337.9,NNW,7.73,13.34,2.64,0,0.71,1.032,0,0,0.739,0.788,1.066,5.106,3.476,0.681,4.054,3.191,0.787,1.354,0.671,1.413,2.105,6.3,0
2026-09-01T15:58:37Z,1.04,"8 km WNW of Cobb, CA",45.9,2.0,100.0,100sps,4.946,2.391,5.084,2.04,1.03,10.091,338.9,NNW,7.92,13.67,4.21,0,1.403,0.857,0,0,0.644,1.54,2.392,2.403,5.054,2.104,2.263,2.924,1.292,1.851,0.555,3.222,5.808,4.5,0
2026-09-01T15:57:59Z,0.75,"5 km NW of The Geysers, CA",43.4,3.6,100.0,100sps,5.145,4.216,2.195,0.6,0.43,3.091,339.6,NNW,7.48,12.91,16.94,0,0.775,0.601,0,0,0.68,0.728,1.071,4.454,2.131,0.478,3.107,1.822,0.587,1.826,0.603,1.007,1.671,13.32,0
2026-09-01T15:35:37Z,1.22,"16 km NE of Point Arena, CA",103.0,5.3,100.0,100sps,3.85,3.25,4.575,2.23,1.19,8.572,307.5,NW,17.75,30.64,6.81,0,0.676,1.103,0,0,0.645,0.718,1.113,3.286,4.792,1.459,2.575,2.863,1.112,1.001,0.554,0.999,1.804,20.43,0
2026-09-01T15:30:06Z,0.39,"6 km WNW of Cobb, CA",45.3,1.7,100.0,100sps,3.117,4.538,2.453,1.2,0.79,3.755,341.6,NNW,7.81,13.47,11.1,0,0.32,1.069,0,0,0.619,0.593,0.958,4.657,2.454,0.527,2.281,1.909,0.837,1.145,0.519,0.707,1.364,18.06,0
2026-09-01T14:41:36Z,1.0,"7 km NW of The Geysers, CA",43.9,1.7,100.0,100sps,3.693,6.906,3.635,1.69,0.98,6.253,336.9,NNW,7.56,13.06,8.91,0,1.359,0.663,0,0,1.537,1.005,0.654,7.062,3.598,0.51,3.948,2.344,0.594,1.102,1.532,1.659,1.082,7.57,0
2026-09-01T14:38:41Z,0.68,"9 km NW of The Geysers, CA",46.1,0.6,100.0,100sps,3.227,3.802,2.637,1.09,0.82,3.532,337.2,NNW,7.95,13.73,21.57,0,0.609,0.763,0,0,0.748,1.015,1.357,3.971,2.414,0.608,2.442,2.139,0.876,1.549,0.672,1.6,2.38,10.48,0
2026-09-01T14:35:51Z,1.26,"3 km NNW of Redwood Valley, CA",106.5,4.4,100.0,100sps,5.052,2.589,3.803,1.5,0.75,7.554,331.3,NNW,18.36,31.69,4.57,0,0.703,1.031,0,0,0.686,0.555,0.808,2.638,3.997,1.515,2.158,2.592,1.201,0.673,0.601,0.53,0.882,32.73,0
2026-09-01T13:01:39Z,1.27,"8 km NW of Redwood Valley, CA",112.0,6.9,100.0,100sps,3.732,1.36,3.046,1.18,0.82,4.393,329.8,NNW,19.29,33.31,19.99,0,0.665,0.82,0,0,0.574,0.571,0.994,1.28,3.138,2.452,1.904,2.073,1.088,0.914,0.471,0.606,1.288,30.82,0
2026-09-01T12:28:16Z,0.76,"4 km W of Cobb, CA",43.4,2.2,100.0,100sps,1.471,2.356,1.064,0.87,0.72,1.281,343.0,NNW,7.47,12.9,27.7,0,0.794,0.208,0,0,1.038,0.585,0.564,2.137,0.904,0.423,2.221,0.936,0.421,1.339,0.996,0.727,0.729,15.65,0
2026-09-01T12:15:41Z,1.31,"6 km NW of The Geysers, CA",43.8,2.7,100.0,100sps,1.413,2.171,1.032,0.99,0.73,1.405,339.6,NNW,7.56,13.04,21.03,0,2.778,-0.296,0,0,0.606,0.552,0.91,2.186,0.897,0.41,2.195,1.853,0.844,1.077,0.508,0.54,1.064,25.87,0
2026-09-01T12:05:53Z,0.99,"4 km W of Cobb, CA",43.3,2.3,100.0,100sps,0.949,0.922,1.313,3.48,1.38,3.308,343.2,NNW,7.47,12.9,1.21,1,1.349,0.389,0,0,0.545,0.58,1.065,0.742,1.209,1.629,0.876,0.816,0.932,1.142,0.426,0.552,1.296,27.3,0
2026-09-01T11:36:12Z,1.85,"17 km WNW of Cape Vizcaino, CA",191.0,0.2,100.0,100sps,1.448,1.263,0.897,0.96,0.62,1.385,321.5,NW,31.11,54.69,14.44,0,0.992,0.145,0,0,0.55,0.521,0.947,1.16,0.728,0.628,1.431,1.357,0.949,0.998,0.446,0.499,1.118,38.27,1
2026-09-01T10:53:29Z,0.98,"8 km NW of The Geysers, CA",45.4,1.9,100.0,100sps,0.824,1.428,3.763,7.33,4.57,6.043,338.1,NNW,7.83,13.51,10.83,0,1.241,0.687,1,0,0.534,0.796,1.491,1.372,3.614,2.634,1.893,2.238,1.182,1.262,0.41,1.776,4.337,1.26,0
2026-09-01T10:40:41Z,1.31,"8 km ESE of Cloverdale, CA",45.6,5.2,100.0,100sps,0.821,1.06,0.864,1.26,1.05,1.038,323.6,NW,7.86,13.56,29.17,0,2.639,-0.405,0,0,0.528,0.553,1.046,0.949,0.647,0.682,0.728,1.032,1.418,0.738,0.403,0.685,1.699,15.72,0
2026-09-01T10:23:17Z,1.27,"2 km SSW of Cobb, CA",40.3,1.9,100.0,100sps,0.798,0.785,0.81,1.06,1.02,0.843,345.8,NNW,6.94,11.98,28.66,0,2.827,-0.526,0,0,0.537,0.51,0.949,0.564,0.619,1.097,1.314,1.405,1.069,0.888,0.416,0.43,1.032,28.41,0
2026-09-01T09:32:56Z,1.48,"17 km WNW of Cape Vizcaino, CA",190.6,0.9,100.0,100sps,1.187,0.834,0.971,1.16,0.82,1.377,321.0,NW,30.99,54.48,15.16,0,0.425,0.511,0,0,0.526,0.529,1.007,0.649,0.825,1.271,1.044,0.976,0.935,1.077,0.408,0.486,1.192,38.24,1
2026-09-01T08:36:56Z,0.76,"11 km WNW of Cobb, CA",48.9,1.7,100.0,100sps,0.901,0.815,1.516,4.1,1.68,3.695,336.5,NNW,8.43,14.56,2.58,0,0.678,0.736,0,0,0.528,0.528,1.0,0.612,1.458,2.381,1.597,1.705,1.068,0.937,0.415,0.496,1.195,29.18,0
2026-09-01T08:29:57Z,1.08,"5 km NNW of The Geysers, CA",42.8,1.7,100.0,100sps,1.229,0.776,0.888,1.17,0.72,1.434,340.8,NNW,7.37,12.72,6.56,0,1.69,-0.071,0,0,0.517,0.563,1.089,0.569,0.679,1.194,0.523,0.559,1.068,1.019,0.4,0.774,1.935,5.54,0
2026-09-01T08:10:31Z,0.61,"3 km WSW of Cobb, CA",48.0,24.2,100.0,100sps,0.783,1.027,0.681,0.98,0.87,0.769,343.7,NNW,8.07,13.95,29.08,0,0.492,0.194,0,0,0.523,0.517,0.989,0.926,0.425,0.459,1.186,1.06,0.894,1.106,0.412,0.492,1.192,27.55,0
2026-09-01T08:06:48Z,1.31,"18 km SW of Toms Place, CA",351.2,0.8,100.0,100sps,0.692,0.7,0.704,1.07,1.02,0.742,107.3,ESE,50.87,90.24,39.72,0,0.072,1.01,0,0,0.525,0.505,0.961,0.447,0.48,1.075,1.482,1.469,0.991,0.969,0.408,0.431,1.055,39.32,1
2026-09-01T06:19:44Z,2.32,"4 km E of Challenge-Brownsville, CA",165.9,7.1,100.0,100sps,1.138,1.373,1.061,2.53,0.93,2.874,46.7,NE,27.17,47.73,2.25,0,3.816,-0.123,0,0,0.519,0.52,1.002,1.317,0.935,0.71,1.699,1.602,0.943,1.063,0.402,0.553,1.378,35.09,0
2026-09-01T05:39:40Z,0.87,"7 km NW of The Geysers, CA",46.7,15.3,100.0,100sps,1.195,1.177,1.634,2.52,1.37,3.012,337.4,NNW,8.04,13.87,7.16,0,0.929,0.511,0,0,0.527,0.549,1.043,1.078,1.602,1.486,1.594,1.617,1.014,1.028,0.422,0.6,1.422,23.65,0
2026-09-01T05:30:33Z,0.2,"6 km WNW of Cobb, CA",45.4,1.8,100.0,100sps,1.126,0.992,1.336,1.76,1.19,1.983,340.9,NNW,7.82,13.49,12.46,0,0.206,0.983,0,0,0.527,0.532,1.01,0.86,1.26,1.464,1.423,1.333,0.936,1.079,0.41,0.497,1.213,29.16,0
2026-09-01T05:10:08Z,1.46,"12 km SSW of San Lucas, CA",304.3,10.2,100.0,100sps,1.199,1.083,1.376,3.28,1.15,3.933,152.3,SSE,43.91,77.9,2.56,0,0.147,1.427,0,0,0.521,0.519,0.996,0.976,1.319,1.352,1.297,1.281,0.988,1.008,0.403,0.466,1.156,39.46,1
2026-09-01T04:21:23Z,1.01,"1 km NNE of The Geysers, CA",39.0,0.7,100.0,100sps,1.567,2.936,2.556,2.5,1.63,3.912,343.3,NNW,6.72,11.59,10.79,0,1.621,0.383,0,0,0.562,0.641,1.139,3.05,2.507,0.822,2.933,3.345,1.141,0.999,0.458,0.933,2.035,11.65,0
2026-09-01T01:10:33Z,1.05,"1 km NNW of The Geysers, CA",39.6,1.4,100.0,100sps,3.267,2.998,2.673,1.3,0.82,4.238,342.2,NNW,6.82,11.77,12.76,0,1.743,0.386,0,0,0.563,0.56,0.995,3.063,2.771,0.905,2.559,2.208,0.863,1.154,0.46,0.686,1.491,18.94,0
2026-09-01T01:07:07Z,2.49,"23 km W of Petrolia, CA",264.0,20.5,100.0,100sps,2.519,4.662,2.839,1.62,1.13,4.077,321.6,NW,37.63,66.8,21.56,0,2.198,0.268,0,0,0.605,0.556,0.919,4.846,2.901,0.599,2.691,2.41,0.896,1.025,0.494,0.613,1.24,31.25,1
2026-09-01T00:44:39Z,1.95,"12 km NNE of McCloud, CA",327.3,1.5,100.0,100sps,4.455,2.609,3.475,1.58,0.78,7.056,7.6,N,47.81,84.76,4.78,0,0.379,1.269,0,0,0.553,0.632,1.142,2.657,3.585,1.349,1.95,2.392,1.226,0.931,0.45,0.871,1.936,19.04,1
2026-09-01T00:39:46Z,1.32,"4 km NNW of Pinnacles, CA",246.3,7.8,100.0,100sps,3.111,2.984,4.48,2.91,1.44,9.068,148.0,SSE,37.03,65.48,6.1,0,0.173,1.719,0,0,0.602,0.612,1.017,3.02,4.582,1.517,2.282,2.397,1.051,0.968,0.505,0.934,1.849,9.83,1
2026-09-01T00:36:18Z,0.76,"7 km NW of The Geysers, CA",44.7,2.7,100.0,100sps,4.834,4.576,2.616,0.84,0.54,4.084,338.8,NNW,7.7,13.29,11.49,0,0.764,0.728,0,0,0.678,0.514,0.758,4.704,2.724,0.579,2.362,1.907,0.807,0.939,0.593,0.527,0.89,24.83,0
2026-08-31T23:15:06Z,0.64,"7 km WNW of Cobb, CA",45.4,1.5,100.0,100sps,3.775,3.716,3.051,1.63,0.81,6.146,340.0,NNW,7.83,13.51,3.16,0,0.567,1.035,0,0,0.604,0.575,0.952,3.857,3.118,0.809,2.439,1.923,0.788,1.208,0.513,0.634,1.237,22.53,0
2026-08-31T21:31:33Z,1.12,"8 km ESE of Cloverdale, CA",45.2,4.1,100.0,100sps,4.173,3.7,3.387,1.25,0.81,5.215,322.1,NW,7.78,13.43,12.36,0,1.725,0.48,0,0,0.706,0.614,0.87,3.814,3.502,0.918,1.827,2.069,1.132,0.768,0.625,0.782,1.251,14.54,0
2026-08-31T21:06:12Z,1.46,"18 km WNW of Lake Pillsbury, CA",122.0,3.0,100.0,100sps,4.95,6.666,3.993,1.48,0.81,7.333,338.3,NNW,21.03,36.31,9.69,0,0.896,0.913,0,0,0.67,0.651,0.972,7.27,4.082,0.561,5.763,1.922,0.333,2.914,0.586,0.988,1.687,13.1,0
2026-08-31T20:28:30Z,0.72,"3 km W of Cobb, CA",43.6,1.9,100.0,100sps,4.812,3.451,2.435,1.0,0.51,4.794,343.7,NNW,7.51,12.96,4.14,0,0.72,0.823,0,0,0.625,0.558,0.894,3.575,2.528,0.707,2.133,1.558,0.73,1.224,0.527,0.614,1.165,22.95,0
2026-08-31T20:26:11Z,1.1,"3 km SE of The Geysers, CA",35.6,3.1,100.0,100sps,3.134,5.367,5.026,2.78,1.6,8.705,345.0,NNW,6.14,10.59,9.32,0,2.236,0.59,0,0,0.864,0.678,0.784,5.637,5.284,0.937,2.685,2.549,0.95,0.826,0.821,0.885,1.078,15.36,0
2026-08-31T18:06:36Z,1.83,"8 km E of Vallejo, CA",55.2,4.6,100.0,100sps,2.895,3.015,4.81,2.68,1.66,7.763,131.1,SE,9.51,16.41,10.14,0,6.783,0.059,0,0,0.59,0.716,1.214,3.098,5.035,1.625,2.674,2.859,1.069,1.136,0.49,0.956,1.951,13.44,0
2026-08-31T15:21:19Z,1.12,"8 km NW of The Geysers, CA",45.5,1.7,100.0,100sps,3.643,5.192,3.803,2.36,1.04,8.596,338.1,NNW,7.85,13.55,3.19,0,1.707,0.702,0,0,0.914,0.671,0.734,5.377,3.917,0.728,3.628,2.312,0.637,1.152,0.861,0.764,0.888,23.67,0
2026-08-31T14:43:47Z,1.17,"3 km SW of Anderson Springs, CA",35.0,1.9,100.0,100sps,4.098,6.228,4.031,1.73,0.98,7.089,346.3,NNW,6.03,10.42,6.21,0,2.684,0.422,0,0,0.784,0.68,0.868,6.495,4.132,0.636,3.591,2.212,0.616,1.409,0.695,0.843,1.213,17.17,0
2026-08-31T14:19:21Z,0.72,"11 km WNW of Cobb, CA",48.4,1.5,100.0,100sps,4.043,3.729,5.975,2.35,1.48,9.509,336.2,NNW,8.35,14.41,10.91,0,0.627,1.181,0,0,0.627,0.669,1.067,3.837,6.419,1.673,2.201,3.338,1.516,0.703,0.499,0.776,1.553,17.47,0
2026-08-31T12:49:10Z,0.74,"6 km WNW of The Geysers, CA",42.2,3.1,100.0,100sps,1.484,1.785,1.664,1.44,1.12,2.139,336.5,NNW,7.28,12.56,20.24,0,0.785,0.435,0,0,0.544,0.573,1.054,1.771,1.618,0.914,1.183,0.982,0.83,1.269,0.432,0.565,1.307,26.3,0
2026-08-31T12:26:46Z,0.75,"1 km NNW of The Geysers, CA",38.9,2.2,100.0,100sps,1.179,1.528,1.702,2.98,1.44,3.516,342.1,NNW,6.71,11.59,4.51,0,0.892,0.596,0,0,0.544,0.536,0.985,1.464,1.695,1.158,4.269,2.09,0.49,2.013,0.44,0.528,1.2,25.49,0
2026-08-31T12:15:39Z,0.96,"7 km NW of The Geysers, CA",44.0,2.5,100.0,100sps,2.019,1.426,1.548,1.41,0.77,2.85,337.5,NNW,7.58,13.08,6.39,0,1.236,0.363,0,0,0.52,0.61,1.173,1.372,1.449,1.057,1.042,0.862,0.827,1.418,0.408,0.696,1.706,23.3,0
2026-08-31T12:07:19Z,0.82,"6 km WNW of Cobb, CA",45.3,2.1,100.0,100sps,1.492,1.693,2.151,2.82,1.44,4.21,340.9,NNW,7.81,13.49,5.39,0,0.861,0.689,0,0,0.528,0.521,0.987,1.709,2.219,1.299,0.995,1.126,1.131,0.873,0.408,0.45,1.103,28.84,0
2026-08-31T11:49:47Z,1.66,"2 km ESE of Redway, CA",212.3,23.2,100.0,100sps,1.407,1.149,0.837,0.68,0.59,0.959,331.5,NNW,30.93,54.79,38.88,0,0.519,0.267,0,0,0.52,0.544,1.045,1.067,0.64,0.6,2.037,1.941,0.953,1.097,0.404,0.529,1.311,36.45,1
2026-08-31T11:26:11Z,1.04,"7 km WNW of Cobb, CA",45.6,2.2,100.0,100sps,1.504,1.13,1.108,1.26,0.74,1.9,340.1,NNW,7.85,13.54,5.71,0,1.418,0.127,0,0,0.516,0.53,1.027,1.071,1.003,0.937,1.916,1.93,1.007,1.02,0.394,0.469,1.191,29.01,0
2026-08-31T11:20:17Z,0.78,"10 km WNW of The Geysers, CA",45.9,2.4,100.0,100sps,0.803,0.782,0.786,1.08,0.98,0.87,334.1,NNW,7.92,13.67,29.46,0,0.771,0.052,0,0,0.506,0.51,1.007,0.59,0.592,1.003,2.123,2.114,0.996,1.012,0.39,0.458,1.175,29.26,0
2026-08-31T10:43:46Z,0.72,"7 km NW of The Geysers, CA",44.4,2.3,100.0,100sps,1.132,1.121,0.794,0.7,0.7,0.79,338.8,NNW,7.66,13.22,29.39,0,0.702,0.051,0,0,0.532,0.521,0.979,1.031,0.588,0.571,1.744,1.654,0.949,1.033,0.411,0.476,1.158,28.68,0
2026-08-31T10:28:46Z,0.76,"2 km NE of The Geysers, CA",38.9,2.1,100.0,100sps,0.795,0.775,0.811,1.07,1.02,0.849,344.0,NNW,6.71,11.57,28.43,0,0.913,-0.032,0,0,0.509,0.531,1.043,0.576,0.601,1.043,1.053,0.617,0.586,1.779,0.396,0.523,1.323,26.52,0
2026-08-31T09:37:44Z,0.44,"10 km WNW of The Geysers, CA",45.9,2.5,100.0,100sps,0.789,0.898,0.778,1.08,0.99,0.853,334.1,NNW,7.9,13.64,29.2,0,0.353,0.383,0,0,0.531,0.531,1.0,0.724,0.56,0.774,1.987,1.927,0.97,1.031,0.414,0.496,1.199,28.54,0
2026-08-31T08:36:48Z,4.4,"184 km W of Ferndale, California",402.1,10.0,100.0,100sps,0.781,1.11,1.309,2.9,1.68,2.262,306.4,NW,56.04,99.71,10.97,0,61.399,-1.434,0,0,0.526,1.092,2.076,0.99,0.643,0.65,1.527,1.453,0.952,2.181,0.411,2.184,5.313,6.38,0
2026-08-31T08:20:50Z,1.01,"7 km W of Cobb, CA",45.6,2.3,100.0,100sps,2.123,0.984,0.685,0.34,0.32,0.718,339.3,NNW,7.85,13.56,29.39,0,1.324,-0.266,0,0,0.527,0.514,0.975,0.867,0.434,0.501,1.189,1.176,0.989,0.987,0.413,0.45,1.09,28.75,0
2026-08-31T07:51:41Z,0.7,"9 km WNW of Cobb, CA",47.2,2.0,100.0,100sps,1.08,0.786,0.779,0.98,0.72,1.061,337.9,NNW,8.13,14.04,21.39,0,0.62,0.234,0,0,0.515,0.533,1.037,0.594,0.563,0.947,1.265,1.305,1.032,1.004,0.401,0.575,1.435,23.98,0
2026-08-31T06:10:35Z,0.69,"6 km WNW of Cobb, CA",45.5,2.3,100.0,100sps,1.321,0.93,1.22,1.7,0.92,2.249,341.0,NNW,7.83,13.52,6.78,0,0.636,0.549,0,0,0.571,0.679,1.188,0.729,1.027,1.408,1.562,1.47,0.941,1.262,0.47,0.718,1.53,10.82,0
2026-08-31T06:08:32Z,1.79,"6 km NNW of Pinnacles, CA",244.5,3.1,100.0,100sps,1.159,1.7,0.993,1.77,0.86,2.05,148.2,SSE,37.39,66.04,1.22,0,0.52,0.596,0,0,0.541,0.536,0.992,1.709,0.834,0.488,1.702,1.596,0.937,1.058,0.429,0.643,1.501,25.11,1
2026-08-31T05:26:07Z,1.07,"6 km NW of The Geysers, CA",44.1,3.0,100.0,100sps,1.525,1.335,1.117,1.33,0.73,2.022,338.5,NNW,7.6,13.12,6.46,0,1.587,0.105,0,0,0.53,0.528,0.996,1.277,1.017,0.796,1.041,1.04,0.999,0.996,0.417,0.44,1.055,28.76,0
2026-08-31T04:49:39Z,0.93,"8 km NW of Redwood Valley, CA",111.6,5.3,100.0,100sps,1.316,3.393,1.647,2.27,1.25,2.992,329.7,NNW,19.24,33.21,8.8,0,0.306,0.991,0,0,0.563,0.532,0.945,3.495,1.615,0.462,3.168,2.582,0.815,1.16,0.466,0.571,1.225,31.74,0
2026-08-31T03:49:29Z,0.2,"7 km WNW of Cobb, CA",45.8,2.3,100.0,100sps,1.61,1.157,1.544,1.34,0.96,2.162,339.3,NNW,7.88,13.61,18.42,0,0.204,1.026,0,0,0.519,0.511,0.984,1.055,1.532,1.452,2.568,4.86,1.892,0.52,0.408,0.434,1.064,28.91,0
2026-08-31T03:35:30Z,0.74,"7 km NW of The Geysers, CA",44.4,2.2,100.0,100sps,2.132,1.831,1.19,0.97,0.56,2.076,339.2,NNW,7.65,13.2,6.24,0,0.736,0.45,0,0,0.536,0.544,1.015,1.82,1.099,0.604,1.428,1.327,0.929,1.092,0.423,0.649,1.536,19.71,0
2026-08-31T00:45:49Z,1.87,"7 km SSE of Pinnacles, CA",257.7,1.8,100.0,100sps,2.507,2.473,2.608,1.87,1.04,4.683,148.2,SSE,39.18,69.23,8.83,0,0.557,0.925,0,0,0.531,0.543,1.022,2.493,2.607,1.046,4.466,1.968,0.441,2.32,0.415,0.526,1.266,34.75,1
2026-08-31T00:02:33Z,1.07,"2 km NNW of The Geysers, CA",40.3,3.3,100.0,100sps,1.838,1.838,2.104,1.93,1.14,3.547,342.1,NNW,6.95,12.0,9.98,0,1.781,0.299,0,0,0.583,0.52,0.892,1.805,2.116,1.172,4.491,4.565,1.016,0.878,0.487,0.493,1.011,24.38,0
2026-08-30T15:29:14Z,0.74,"5 km NW of The Geysers, CA",42.9,3.5,100.0,100sps,2.384,1.673,0.894,0.39,0.38,0.92,338.7,NNW,7.4,12.77,28.92,0,0.768,0.078,0,0,0.537,0.541,1.007,1.653,0.717,0.434,1.865,1.457,0.781,1.29,0.424,0.538,1.268,24.69,0
2026-08-30T12:07:46Z,1.34,"3 km SW of Cobb, CA",40.6,0.2,100.0,100sps,0.844,0.736,1.2,2.67,1.42,2.25,344.5,NNW,6.99,12.07,4.91,0,3.291,-0.165,0,0,0.533,0.528,0.991,0.497,1.124,2.26,2.18,2.209,1.014,0.977,0.408,0.529,1.296,23.69,0
2026-08-30T12:07:08Z,0.7,"6 km WNW of Cobb, CA",45.3,1.8,100.0,100sps,0.749,0.875,1.086,2.48,1.45,1.858,341.6,NNW,7.82,13.49,7.66,0,0.653,0.454,0,0,0.519,0.516,0.994,0.73,0.989,1.356,2.202,2.24,1.017,0.977,0.397,0.445,1.122,28.79,0
2026-08-30T12:02:02Z,2.16,"8 km SE of Soda Bay, CA",56.5,2.7,100.0,100sps,0.82,1.049,1.205,2.89,1.47,2.367,350.5,N,9.74,16.81,5.76,0,14.049,-0.773,0,0,0.53,0.924,1.743,0.915,0.678,0.741,0.989,1.691,1.709,1.02,0.417,1.945,4.659,3.73,0
2026-08-30T11:24:13Z,1.07,"7 km NW of The Geysers, CA",43.6,2.9,100.0,100sps,0.791,1.12,0.696,0.85,0.88,0.675,336.7,NNW,7.51,12.97,29.11,0,1.61,-0.377,0,0,0.52,0.508,0.976,1.051,0.458,0.436,2.191,2.13,0.972,1.004,0.406,0.435,1.072,28.38,0
2026-08-30T10:13:43Z,0.75,"5 km WNW of The Geysers, CA",41.6,4.3,100.0,100sps,0.74,0.698,0.708,0.98,0.96,0.725,337.0,NNW,7.18,12.39,28.74,0,0.818,-0.052,0,0,0.512,0.523,1.022,0.461,0.46,0.997,1.247,1.203,0.965,1.059,0.397,0.454,1.144,28.5,0
2026-08-30T09:56:17Z,0.62,"12 km WNW of The Geysers, CA",47.8,2.6,100.0,100sps,0.696,0.82,0.762,1.21,1.09,0.844,332.4,NNW,8.23,14.21,29.51,0,0.507,0.221,0,0,0.522,0.526,1.007,0.628,0.546,0.87,2.106,2.103,0.998,1.009,0.408,0.51,1.251,29.26,0
2026-08-30T09:05:00Z,0.75,"11 km WNW of Cobb, CA",48.5,1.6,100.0,100sps,1.066,0.942,0.681,0.68,0.64,0.727,336.3,NNW,8.35,14.42,29.58,0,0.671,0.035,0,0,0.572,0.52,0.91,0.732,0.421,0.575,1.213,1.176,0.97,0.938,0.477,0.558,1.17,23.89,0
2026-08-30T09:04:12Z,2.13,"2 km SE of Pacifica, CA",96.2,8.8,100.0,100sps,0.974,1.045,1.299,2.38,1.33,2.314,172.0,S,16.57,28.61,9.97,0,6.108,-0.422,0,0,0.513,0.681,1.327,0.93,1.094,1.176,1.252,1.297,1.036,1.282,0.398,1.224,3.073,3.98,0
2026-08-30T08:39:41Z,0.97,"6 km NW of The Geysers, CA",43.2,2.8,100.0,100sps,1.014,0.832,0.785,1.39,0.77,1.406,337.7,NNW,7.44,12.84,3.67,0,1.296,0.035,0,0,0.543,0.518,0.954,0.632,0.587,0.929,1.013,1.407,1.389,0.687,0.421,0.528,1.254,25.36,0
2026-08-30T08:35:54Z,2.09,"6 km NW of The Geysers, CA",43.1,2.6,100.0,100sps,1.133,0.897,3.989,6.45,3.52,7.312,337.9,NNW,7.43,12.83,7.61,1,17.098,-0.369,1,0,0.524,1.821,3.474,0.735,3.454,4.701,1.323,1.478,1.118,3.107,0.407,3.68,9.039,5.85,0
2026-08-30T08:35:21Z,0.7,"13 km NW of The Geysers, CA",48.7,2.4,100.0,100sps,1.034,0.8,0.881,1.42,0.85,1.468,332.9,NNW,8.4,14.5,5.13,0,0.594,0.393,0,0,0.531,0.514,0.969,0.592,0.726,1.225,1.307,1.678,1.284,0.754,0.414,0.542,1.31,25.84,0
2026-08-30T08:03:57Z,0.95,"2 km NW of The Geysers, CA",39.6,3.6,100.0,100sps,1.398,1.313,1.506,1.63,1.08,2.273,340.6,NNW,6.83,11.79,14.47,0,1.381,0.216,0,0,0.518,0.52,1.004,1.279,1.484,1.161,5.592,4.861,0.869,1.154,0.407,0.432,1.062,28.09,0
2026-08-30T07:27:14Z,0.51,"10 km NW of The Geysers, CA",47.0,1.5,100.0,100sps,1.281,1.698,1.062,1.72,0.83,2.199,336.5,NNW,8.1,13.99,3.85,0,0.402,0.738,0,0,0.519,0.547,1.055,1.696,0.929,0.548,2.173,2.056,0.946,1.115,0.413,0.558,1.35,22.07,0
2026-08-30T07:01:51Z,0.94,"8 km WNW of The Geysers, CA",44.1,1.4,100.0,100sps,0.954,0.937,1.856,3.87,1.94,3.697,335.7,NNW,7.61,13.13,5.24,0,1.175,0.498,0,0,0.625,0.541,0.865,0.682,1.814,2.662,1.494,1.716,1.149,0.753,0.515,0.548,1.064,22.6,0
2026-08-30T05:34:05Z,1.33,"7 km SE of Pinnacles, CA",257.4,4.9,100.0,100sps,2.211,3.662,1.002,0.7,0.45,1.556,147.7,SSE,38.76,68.55,16.4,0,0.161,0.985,0,0,0.543,0.535,0.986,3.908,0.871,0.223,2.694,1.754,0.651,1.514,0.433,0.442,1.021,39.18,1
2026-08-30T04:04:44Z,0.98,"3 km S of Green Valley, CA",49.3,15.0,100.0,100sps,2.001,1.13,1.414,1.07,0.71,2.143,122.1,ESE,8.48,14.64,11.99,0,1.114,0.284,0,0,0.53,0.514,0.969,1.006,1.361,1.352,2.65,2.65,1.0,0.969,0.426,0.451,1.058,28.74,0
2026-08-30T02:32:16Z,1.44,"2 km ENE of Willits, CA",124.0,7.2,100.0,100sps,3.09,2.233,2.506,1.3,0.81,4.023,330.3,NNW,21.36,36.88,13.09,0,0.834,0.684,0,0,0.526,0.513,0.977,2.277,2.567,1.128,4.856,4.895,1.008,0.969,0.416,0.487,1.171,37.77,0
2026-08-30T02:11:51Z,0.69,"8 km WNW of Cobb, CA",46.0,2.4,100.0,100sps,2.756,2.571,2.356,1.34,0.86,3.697,338.7,NNW,7.93,13.7,10.63,0,0.625,0.772,0,0,0.541,0.516,0.952,2.622,2.416,0.922,5.033,5.027,0.999,0.953,0.429,0.451,1.053,28.98,0
2026-08-30T01:53:28Z,0.75,"2 km ESE of Pacifica, CA",95.4,9.0,100.0,100sps,2.659,2.206,6.24,5.24,2.35,13.926,172.0,S,16.44,28.37,4.68,0,0.258,1.732,1,0,0.522,0.568,1.089,2.232,6.517,2.919,5.277,5.576,1.057,1.031,0.417,0.713,1.71,17.59,0
2026-08-30T01:52:58Z,1.02,"7 km NW of The Geysers, CA",44.6,2.7,100.0,100sps,2.734,2.193,2.971,1.95,1.09,5.338,339.1,NNW,7.68,13.25,4.49,0,1.395,0.583,0,0,0.539,0.55,1.02,2.216,3.087,1.393,5.191,5.315,1.024,0.997,0.432,0.619,1.434,22.39,0
2026-08-30T01:45:22Z,1.73,"22 km SE of Yosemite Valley, CA",295.8,8.0,100.0,100sps,2.24,2.15,3.354,4.5,1.5,10.09,108.3,ESE,43.13,76.46,2.61,0,0.293,1.537,0,0,0.53,0.519,0.978,2.158,3.541,1.64,2.138,2.4,1.123,0.871,0.427,0.5,1.171,36.88,1
2026-08-30T01:39:34Z,0.21,"7 km WNW of Cobb, CA",45.7,1.9,100.0,100sps,2.517,2.571,1.991,1.31,0.79,3.302,340.6,NNW,7.86,13.57,10.01,0,0.209,1.199,0,0,0.527,0.523,0.994,2.631,1.999,0.76,2.593,2.038,0.786,1.265,0.418,0.447,1.07,28.65,0
2026-08-30T01:20:57Z,0.76,"5 km NNW of The Geysers, CA",42.8,1.1,100.0,100sps,2.486,2.527,3.148,2.37,1.27,5.891,341.0,NNW,7.37,12.72,4.63,0,0.809,0.862,0,0,0.53,0.512,0.966,2.527,3.255,1.288,2.062,2.394,1.161,0.832,0.417,0.54,1.294,23.32,0
2026-08-30T00:45:32Z,2.3,"3 km NNE of Graton, CA",20.4,-0.7,100.0,100sps,2.174,2.614,2.228,2.19,1.03,4.771,272.7,W,3.51,6.06,1.3,0,70.365,-1.169,0,0,0.525,0.508,0.968,2.68,2.253,0.841,1.847,1.863,1.009,0.96,0.413,0.45,1.088,25.11,0
2026-08-29T23:55:24Z,0.82,"5 km NW of The Geysers, CA",42.7,3.1,100.0,100sps,2.897,3.413,3.524,2.11,1.22,6.102,339.7,NNW,7.36,12.71,7.11,0,0.93,0.817,0,0,0.54,0.531,0.983,3.553,3.609,1.016,5.622,5.552,0.987,0.996,0.428,0.491,1.148,26.43,0
2026-08-29T23:23:34Z,0.9,"2 km NNW of The Geysers, CA",39.8,0.9,100.0,100sps,3.128,3.131,3.17,2.11,1.01,6.594,342.2,NNW,6.85,11.82,2.35,0,1.226,0.731,0,0,0.597,0.674,1.129,3.251,3.189,0.981,2.252,2.115,0.939,1.203,0.507,0.84,1.657,13.78,0
2026-08-29T22:57:38Z,0.74,"8 km NW of The Geysers, CA",45.6,1.6,100.0,100sps,3.508,2.822,2.379,0.78,0.68,2.737,337.8,NNW,7.86,13.57,26.68,0,0.71,0.586,0,0,0.563,0.576,1.024,2.891,2.365,0.818,2.702,2.579,0.954,1.073,0.464,0.679,1.464,16.87,0
2026-08-29T22:53:09Z,1.73,"11 km ESE of Angwin, CA",27.9,5.0,100.0,100sps,3.503,2.696,2.973,1.18,0.85,4.146,67.6,ENE,4.81,8.29,14.18,0,12.932,-0.494,0,0,0.565,1.105,1.956,2.763,2.755,0.997,2.523,2.426,0.962,2.034,0.461,2.386,5.177,4.8,0
2026-08-29T21:52:28Z,1.8,"7 km ESE of Cloverdale, CA",46.0,6.6,100.0,100sps,3.48,3.757,2.337,1.22,0.67,4.254,322.2,NW,7.92,13.68,5.3,0,8.061,-0.278,0,0,0.566,1.009,1.783,3.925,2.106,0.537,2.132,1.296,0.608,2.935,0.458,2.08,4.538,5.78,0
2026-08-29T21:22:10Z,0.28,"4 km W of Cobb, CA",42.7,2.0,100.0,100sps,3.269,3.307,3.968,2.45,1.21,7.998,343.2,NNW,7.36,12.7,3.37,0,0.268,1.474,0,0,0.55,0.548,0.997,3.485,4.132,1.186,2.551,2.132,0.836,1.193,0.442,0.536,1.212,25.6,0
2026-08-29T20:00:42Z,2.18,"10 km NNW of Willow Creek, CA",301.3,26.0,100.0,100sps,2.95,2.406,4.072,4.57,1.38,13.473,342.6,NNW,41.71,74.22,0.5,0,0.791,1.232,0,0,0.582,0.633,1.086,2.459,4.241,1.724,1.731,2.113,1.22,0.89,0.483,1.011,2.094,9.45,1
2026-08-29T19:35:27Z,0.4,"6 km NNW of The Geysers, CA",44.3,2.7,100.0,100sps,2.702,3.2,2.503,1.22,0.93,3.29,339.9,NNW,7.63,13.18,21.63,0,0.337,0.989,0,0,0.546,0.554,1.014,3.382,2.551,0.754,2.089,2.015,0.965,1.051,0.445,0.598,1.343,23.57,0
2026-08-29T17:56:14Z,0.89,"6 km NW of The Geysers, CA",44.2,2.8,100.0,100sps,3.442,3.341,2.411,1.12,0.7,3.861,339.5,NNW,7.61,13.14,12.24,0,1.046,0.567,0,0,0.569,0.555,0.976,3.571,2.46,0.689,2.576,2.264,0.879,1.11,0.459,0.499,1.088,27.53,0
2026-08-29T17:22:14Z,1.0,"12 km WNW of The Geysers, CA",48.2,2.0,100.0,100sps,3.17,2.733,2.658,1.26,0.84,4.006,332.7,NNW,8.31,14.35,13.15,0,1.201,0.523,0,0,0.595,0.573,0.964,2.826,2.681,0.949,1.85,1.778,0.961,1.003,0.491,0.591,1.205,24.59,0
2026-08-29T17:12:53Z,1.21,"2 km SSW of Selma, Oregon",432.9,-0.6,100.0,100sps,3.759,3.028,3.49,1.44,0.93,5.399,348.9,N,61.06,108.55,18.15,0,0.032,2.228,0,0,0.576,0.556,0.965,3.101,3.535,1.14,1.939,1.817,0.937,1.029,0.463,0.54,1.168,37.06,1
2026-08-29T17:12:32Z,2.94,"77 km W of Petrolia, CA",313.5,22.9,100.0,100sps,4.239,3.136,2.408,1.07,0.57,4.545,316.3,NW,43.54,77.46,8.84,0,4.127,0.042,0,0,0.594,0.643,1.082,3.189,2.389,0.749,1.759,1.698,0.965,1.121,0.486,1.204,2.48,4.54,1
2026-08-29T16:49:16Z,1.02,"8 km NW of The Geysers, CA",45.1,1.8,100.0,100sps,2.909,3.569,6.043,5.34,2.08,15.537,338.1,NNW,7.78,13.43,3.65,0,1.372,1.054,1,0,0.7,0.68,0.972,3.678,6.451,1.754,2.009,2.442,1.215,0.799,0.617,0.958,1.553,11.11,0
2026-08-29T14:16:34Z,1.23,"14 km SE of Mammoth Lakes, CA",345.2,7.1,100.0,100sps,2.66,2.027,1.252,0.63,0.47,1.679,105.4,ESE,49.35,87.62,27.51,0,0.063,1.426,0,0,0.584,0.528,0.904,2.013,1.172,0.582,1.722,1.149,0.667,1.354,0.47,0.493,1.048,35.78,1
2026-08-29T11:11:39Z,0.74,"4 km WNW of The Geysers, CA",41.3,3.2,100.0,100sps,1.131,0.871,1.07,1.4,0.95,1.589,337.3,NNW,7.12,12.28,13.48,0,0.808,0.294,0,0,0.534,0.546,1.022,0.687,0.936,1.362,0.603,0.762,1.264,0.809,0.412,0.522,1.267,25.21,0
2026-08-29T10:01:59Z,1.74,"3 km S of Redwood Valley, CA",101.3,5.1,100.0,100sps,0.828,0.784,1.478,3.88,1.78,3.211,330.1,NNW,17.45,30.13,5.19,0,2.299,0.145,0,0,0.526,0.54,1.028,0.574,1.498,2.609,1.61,1.908,1.185,0.867,0.414,0.608,1.468,25.23,0
2026-08-29T09:49:01Z,0.69,"8 km NW of The Geysers, CA",45.4,2.4,100.0,100sps,0.934,0.853,0.982,2.09,1.05,1.956,338.4,NNW,7.83,13.52,2.82,0,0.636,0.488,0,0,0.529,0.501,0.947,0.668,0.835,1.251,1.171,1.329,1.135,0.834,0.42,0.438,1.043,27.97,0
2026-08-29T09:03:25Z,0.53,"9 km NW of The Geysers, CA",45.6,1.6,100.0,100sps,0.831,0.852,0.795,1.09,0.96,0.908,335.1,NNW,7.85,13.56,29.03,0,0.438,0.316,0,0,0.521,0.51,0.979,0.676,0.604,0.893,1.195,0.629,0.526,1.862,0.409,0.437,1.067,28.82,0
2026-08-29T08:58:52Z,0.29,"3 km WSW of Anderson Springs, CA",35.9,2.6,100.0,100sps,0.893,1.141,0.843,1.12,0.94,0.997,345.5,NNW,6.2,10.69,27.43,0,0.342,0.464,0,0,0.521,0.516,0.991,1.074,0.669,0.623,1.961,1.946,0.992,0.999,0.399,0.443,1.11,27.85,0
2026-08-29T08:41:54Z,0.68,"11 km SSW of Ridgemark, CA",218.7,7.1,100.0,100sps,0.812,0.897,0.764,0.98,0.94,0.794,150.8,SSE,33.7,59.47,39.67,0,0.051,1.191,0,0,0.516,0.514,0.996,0.749,0.556,0.742,1.785,1.655,0.927,1.074,0.405,0.438,1.082,38.77,1
2026-08-29T07:48:40Z,2.8,"209 km W of Ferndale, California",438.8,10.0,100.0,100sps,1.11,1.597,0.893,1.23,0.8,1.364,308.1,NW,60.58,107.87,16.3,0,1.193,0.058,0,0,0.551,0.54,0.981,1.594,0.706,0.443,2.188,1.967,0.899,1.091,0.438,0.57,1.3,34.2,1
2026-08-29T07:21:27Z,1.47,"8 km N of Redwood Valley, CA",111.1,8.7,100.0,100sps,1.097,0.953,1.366,1.88,1.25,2.063,333.5,NNW,19.15,33.05,16.52,0,1.067,0.286,0,1,0.517,0.527,1.02,0.809,1.304,1.612,0.955,1.254,1.313,0.776,0.403,0.491,1.217,36.48,0
2026-08-29T06:41:49Z,0.34,"2 km N of The Geysers, CA",39.8,1.4,100.0,100sps,1.274,1.433,2.786,3.85,2.19,4.909,343.3,NNW,6.86,11.84,6.84,0,0.337,1.163,0,1,0.515,0.517,1.002,1.365,2.851,2.089,1.606,1.529,0.952,1.053,0.391,0.443,1.131,27.83,0
2026-08-29T06:24:44Z,1.31,"2 km NE of The Geysers, CA",38.9,1.3,100.0,100sps,1.331,1.74,1.065,1.48,0.8,1.971,344.1,NNW,6.7,11.57,5.48,0,3.242,-0.216,0,1,0.526,0.553,1.052,1.706,0.909,0.532,1.177,0.805,0.684,1.538,0.403,0.693,1.721,11.61,0
2026-08-29T06:14:47Z,1.41,"3 km NNW of Larkfield-Wikiup, CA",16.8,6.1,100.0,100sps,1.655,1.159,4.239,4.54,2.56,7.519,308.8,NW,2.89,4.99,7.6,1,11.397,-0.181,0,1,0.519,2.261,4.359,1.052,3.497,3.323,1.424,2.236,1.57,2.776,0.402,5.169,12.875,4.44,0
2026-08-29T04:13:48Z,1.38,"7 km ESE of Santa Rosa, CA",9.0,8.4,100.0,100sps,2.463,2.391,5.463,5.42,2.22,13.349,197.9,SSW,1.74,3.01,3.78,1,21.953,-0.216,1,1,0.518,1.636,3.16,2.449,5.173,2.112,1.709,3.424,2.004,1.577,0.406,4.978,12.268,1.82,0
2026-08-29T03:55:19Z,1.58,"21 km NW of Gabbs, Nevada",395.6,7.9,100.0,100sps,1.828,1.916,2.59,2.76,1.42,5.053,80.0,E,55.5,98.7,7.16,0,0.097,1.715,0,1,0.535,0.526,0.982,1.914,2.705,1.413,1.54,1.666,1.082,0.907,0.421,0.531,1.262,36.85,1
2026-08-29T03:52:05Z,0.42,"5 km NW of The Geysers, CA",42.0,1.1,100.0,100sps,1.575,1.632,2.914,2.95,1.85,4.649,338.1,NNW,7.24,12.5,8.62,0,0.378,1.089,0,1,0.534,0.563,1.056,1.615,3.084,1.909,3.119,2.305,0.739,1.429,0.43,0.623,1.451,22.6,0
2026-08-29T03:21:37Z,0.56,"21 km NW of Parkfield, CA",323.9,6.5,100.0,100sps,2.009,2.134,2.228,1.62,1.11,3.261,145.7,SE,46.8,83.02,18.25,0,0.016,2.313,0,1,0.531,0.512,0.965,2.142,2.239,1.046,1.758,3.101,1.764,0.547,0.417,0.555,1.331,29.42,1
2026-08-29T03:15:15Z,0.7,"10 km NW of The Geysers, CA",47.0,1.1,100.0,100sps,1.905,2.013,2.046,2.24,1.07,4.276,336.5,NNW,8.11,13.99,3.89,0,0.622,0.837,0,1,0.538,0.52,0.967,2.016,2.056,1.02,2.23,2.036,0.913,1.058,0.425,0.499,1.173,27.22,0
2026-08-29T03:14:30Z,0.36,"10 km NW of The Geysers, CA",47.1,1.1,100.0,100sps,1.959,1.765,1.462,1.03,0.75,2.025,336.5,NNW,8.11,14.01,15.79,0,0.284,0.853,0,0,0.527,0.533,1.012,1.766,1.398,0.792,2.762,1.536,0.556,1.82,0.418,0.489,1.17,28.71,0
2026-08-29T03:06:34Z,0.29,"10 km NW of The Geysers, CA",47.1,0.9,100.0,100sps,1.912,1.695,1.657,2.37,0.87,4.53,336.5,NNW,8.12,14.02,1.61,0,0.241,1.273,0,1,0.526,0.518,0.986,1.676,1.698,1.013,3.007,3.025,1.006,0.98,0.414,0.501,1.209,27.6,0
2026-08-29T02:47:04Z,1.07,"2 km NNW of The Geysers, CA",39.9,1.1,100.0,100sps,2.964,2.185,1.265,0.62,0.43,1.846,342.3,NNW,6.88,11.87,11.91,0,1.806,0.009,0,0,0.529,0.54,1.02,2.21,1.158,0.524,3.036,2.926,0.964,1.059,0.42,0.486,1.158,28.3,0
2026-08-29T02:41:11Z,4.74,"85 km W of Petrolia, CA",318.6,10.0,100.0,100sps,2.352,1.643,8.099,8.15,3.44,19.172,315.1,NW,45.71,81.13,4.82,1,250.189,-1.116,1,1,0.558,6.845,12.275,1.592,3.761,2.362,2.975,2.554,0.858,14.301,0.46,15.651,33.99,4.33,0
2026-08-29T02:16:03Z,0.81,"3 km SE of The Geysers, CA",35.5,1.6,100.0,100sps,2.876,2.069,2.717,2.17,0.94,6.242,344.6,NNW,6.12,10.56,3.31,0,1.152,0.734,0,1,0.555,0.56,1.01,2.078,2.893,1.392,2.774,2.803,1.01,0.999,0.466,0.592,1.271,23.55,0
2026-08-29T02:15:35Z,1.63,"13 km WSW of Toms Place, CA",348.8,3.8,100.0,100sps,2.917,2.409,2.361,2.14,0.81,6.242,106.0,ESE,50.2,89.09,3.77,0,0.154,1.608,0,1,0.551,0.549,0.997,2.443,2.49,1.019,3.043,2.63,0.864,1.153,0.451,0.596,1.319,29.59,1
2026-08-29T01:59:42Z,1.7,"20 km NW of Gabbs, Nevada",395.5,8.2,100.0,100sps,2.287,1.947,2.435,3.53,1.06,8.073,80.1,E,55.43,98.59,1.18,0,0.128,1.798,0,1,0.533,0.546,1.024,1.961,2.476,1.262,6.579,2.733,0.415,2.465,0.418,0.505,1.208,38.14,1
2026-08-29T01:42:11Z,0.45,"7 km NW of The Geysers, CA",44.5,1.3,100.0,100sps,2.65,2.821,1.918,1.19,0.72,3.153,338.4,NNW,7.67,13.24,7.26,0,0.376,0.923,0,0,0.607,0.527,0.868,2.865,1.913,0.668,2.911,2.697,0.927,0.937,0.526,0.511,0.973,28.24,0
2026-08-29T01:11:15Z,0.69,"12 km WNW of The Geysers, CA",47.5,2.8,100.0,100sps,3.038,2.089,3.345,1.97,1.1,5.995,332.6,NNW,8.18,14.12,6.19,0,0.6,0.999,0,1,0.549,0.534,0.973,2.112,3.438,1.628,6.026,6.631,1.1,0.884,0.439,0.523,1.19,25.83,0
2026-08-29T00:55:22Z,1.52,"18 km SW of Toms Place, CA",350.2,3.3,100.0,100sps,2.634,2.768,3.739,2.46,1.42,6.468,107.3,ESE,50.43,89.5,10.75,0,0.118,1.738,0,1,0.531,0.541,1.018,2.842,3.92,1.379,2.2,2.181,0.992,1.027,0.422,0.617,1.464,29.04,1
2026-08-29T00:53:57Z,1.67,"18 km SW of Toms Place, CA",350.7,2.6,100.0,100sps,2.672,3.063,2.891,1.84,1.08,4.92,107.3,ESE,50.57,89.74,12.8,0,0.167,1.471,0,0,0.537,0.531,0.987,3.178,2.938,0.925,2.86,2.349,0.821,1.202,0.432,0.534,1.236,36.13,1
2026-08-29T00:43:58Z,0.82,"16 km NW of Parkfield, CA",328.7,1.2,100.0,100sps,3.175,3.696,2.074,0.96,0.65,3.039,145.6,SE,48.04,85.15,16.57,0,0.028,2.039,0,0,0.981,0.527,0.537,3.74,2.097,0.561,2.176,1.676,0.77,0.697,0.914,0.464,0.508,38.27,1
2026-08-29T00:42:16Z,1.84,"7 km ESE of Santa Rosa, CA",9.9,9.4,100.0,100sps,3.075,3.284,29.067,25.32,9.45,77.872,202.1,SSW,1.9,3.29,3.41,1,57.022,0.135,1,1,0.546,10.196,18.679,3.401,26.677,7.843,2.051,12.809,6.245,2.991,0.447,35.254,78.88,1.6,0
2026-08-29T00:38:18Z,1.04,"8 km WNW of Cobb, CA",45.9,1.7,100.0,100sps,3.75,3.517,2.853,1.23,0.76,4.626,338.8,NNW,7.92,13.66,11.48,0,1.404,0.518,0,0,0.581,0.626,1.079,3.652,2.885,0.79,3.923,3.34,0.851,1.267,0.479,0.677,1.414,24.73,0
2026-08-29T00:37:57Z,0.75,"8 km NW of The Geysers, CA",45.1,2.1,100.0,100sps,3.574,3.278,3.532,1.79,0.99,6.385,337.9,NNW,7.76,13.4,6.91,0,0.738,0.937,0,0,0.57,0.641,1.123,3.408,3.648,1.07,3.884,2.512,0.647,1.736,0.471,0.781,1.658,19.47,0
2026-08-29T00:20:25Z,0.24,"2 km NW of The Geysers, CA",39.9,4.2,100.0,100sps,3.701,3.524,4.05,1.67,1.09,6.162,340.8,NNW,6.87,11.86,11.73,0,0.267,1.363,0,0,0.567,0.56,0.987,3.664,4.255,1.161,2.051,2.568,1.252,0.789,0.476,0.584,1.227,21.65,0
2026-08-29T00:09:58Z,1.79,"6 km NW of The Geysers, CA",44.1,2.4,100.0,100sps,3.603,2.652,3.45,1.26,0.96,4.528,338.8,NNW,7.59,13.11,18.75,0,8.336,-0.265,0,0,0.564,0.833,1.478,2.728,3.477,1.274,2.471,2.669,1.08,1.368,0.465,1.268,2.729,10.45,0
2026-08-28T23:57:47Z,1.17,"7 km NNW of Pinnacles, CA",243.8,4.0,100.0,100sps,3.573,3.225,6.622,6.78,1.85,24.213,147.9,SSE,37.19,65.7,1.69,0,0.126,2.285,0,0,0.559,0.568,1.017,3.305,6.931,2.097,2.455,2.325,0.947,1.074,0.443,0.733,1.653,21.8,1
2026-08-28T23:52:51Z,1.88,"9 km NW of Redwood Valley, CA",112.5,6.4,100.0,100sps,4.289,3.499,3.2,1.62,0.75,6.949,330.3,NNW,19.38,33.45,3.91,0,2.691,0.412,0,0,0.585,0.554,0.947,3.643,3.281,0.901,2.53,2.227,0.88,1.076,0.485,0.53,1.093,35.36,0
2026-08-28T23:40:18Z,1.06,"7 km N of Guerneville, CA",36.0,3.6,100.0,100sps,3.365,7.378,3.26,1.85,0.97,6.222,291.4,WNW,6.2,10.7,3.46,0,2.013,0.49,0,1,0.646,0.594,0.92,7.802,3.396,0.435,3.485,2.096,0.602,1.53,0.533,0.671,1.259,19.59,0
2026-08-28T23:28:31Z,0.97,"5 km NW of The Geysers, CA",43.0,2.8,100.0,100sps,4.503,3.977,3.824,1.77,0.85,7.975,339.4,NNW,7.41,12.8,4.16,0,1.301,0.787,0,1,0.573,0.551,0.961,4.222,4.032,0.955,2.675,2.725,1.018,0.944,0.478,0.578,1.209,23.77,0
2026-08-28T23:28:11Z,0.37,"7 km NW of The Geysers, CA",43.7,3.2,100.0,100sps,4.189,4.051,3.396,1.95,0.81,8.152,336.9,NNW,7.53,13.0,2.59,0,0.32,1.406,0,1,0.572,0.578,1.011,4.301,3.509,0.816,2.668,2.939,1.101,0.918,0.473,0.589,1.245,25.81,0
2026-08-28T23:07:54Z,1.09,"3 km SE of The Geysers, CA",35.8,2.7,100.0,100sps,3.206,4.883,4.485,3.54,1.4,11.345,344.6,NNW,6.17,10.65,1.81,0,2.17,0.718,0,1,0.612,0.644,1.052,5.124,4.773,0.931,2.662,3.209,1.206,0.873,0.515,0.766,1.488,18.79,0
2026-08-28T22:13:32Z,0.87,"5 km NNW of The Geysers, CA",42.8,1.5,100.0,100sps,4.125,4.339,2.444,0.64,0.59,2.622,340.5,NNW,7.38,12.74,28.3,0,1.039,0.402,0,0,0.613,0.565,0.922,4.578,2.455,0.536,2.44,2.298,0.942,0.979,0.519,0.544,1.048,27.89,0
2026-08-28T21:30:55Z,1.16,"16 km NW of Parkfield, CA",328.4,1.8,100.0,100sps,3.81,3.377,4.268,3.07,1.12,11.7,145.6,SE,47.93,84.97,2.66,0,0.061,2.283,0,1,0.895,0.983,1.098,3.413,4.42,1.295,2.005,2.338,1.166,0.942,0.837,1.752,2.093,10.1,1
2026-08-28T21:24:32Z,2.57,"66 km W of Petrolia, CA",297.1,10.7,100.0,100sps,3.973,3.996,3.794,1.92,0.95,7.638,315.7,NW,42.96,76.2,6.79,0,2.008,0.58,0,1,0.595,0.569,0.957,4.117,3.941,0.957,2.497,2.716,1.087,0.88,0.49,0.74,1.509,18.82,1
2026-08-28T21:18:08Z,2.72,"56 km W of Petrolia, CA",290.9,19.7,100.0,100sps,5.097,7.111,2.009,0.6,0.39,3.08,317.3,NW,41.05,72.94,15.41,0,2.981,0.014,0,0,0.684,0.605,0.884,7.547,1.995,0.264,3.367,1.962,0.583,1.518,0.615,0.788,1.282,21.68,1
2026-08-28T20:56:34Z,1.97,"16 km S of Tres Pinos, CA",232.4,5.3,100.0,100sps,3.582,4.082,7.256,6.91,2.03,24.741,149.6,SSE,35.62,62.9,2.12,0,0.878,1.45,1,1,0.618,0.667,1.079,4.294,7.545,1.757,2.33,3.269,1.403,0.769,0.522,1.176,2.253,1.21,1
2026-08-28T20:45:26Z,0.71,"7 km NW of The Geysers, CA",45.1,2.0,100.0,100sps,4.484,4.034,2.573,0.95,0.57,4.274,338.0,NNW,7.77,13.41,11.28,0,0.673,0.803,0,0,0.64,0.609,0.952,4.214,2.587,0.614,2.82,2.338,0.829,1.148,0.557,0.644,1.156,24.44,0
2026-08-28T20:28:32Z,1.69,"1 km SE of Pacifica, CA",95.5,9.6,100.0,100sps,3.296,3.216,2.356,0.94,0.71,3.093,172.3,S,16.45,28.39,28.35,0,2.244,0.139,0,0,0.668,0.598,0.896,3.312,2.364,0.714,2.572,2.697,1.049,0.854,0.589,0.62,1.052,28.28,0
2026-08-28T19:33:14Z,0.76,"3 km NW of The Geysers, CA",41.4,3.2,100.0,100sps,4.103,5.973,3.292,1.33,0.8,5.45,340.5,NNW,7.14,12.32,9.02,0,0.843,0.811,0,0,0.855,0.682,0.798,6.21,3.327,0.536,3.585,2.441,0.681,1.172,0.801,1.04,1.298,7.36,0
2026-08-28T19:31:27Z,1.32,"14 km SW of Brooktrails, CA",127.1,4.6,100.0,100sps,3.67,4.687,4.848,3.36,1.32,12.34,323.1,NW,21.91,37.82,2.09,0,0.607,1.308,0,1,0.982,0.941,0.959,4.674,4.981,1.066,3.494,3.471,0.993,0.965,0.949,2.052,2.164,3.75,0
2026-08-28T19:09:52Z,1.34,"7 km WSW of Calistoga, CA",12.4,-0.5,100.0,100sps,3.337,3.863,5.257,2.61,1.58,8.725,344.0,NNW,2.38,4.12,8.54,0,13.916,-0.203,0,1,0.575,1.4,2.437,4.02,5.223,1.299,3.075,2.997,0.975,2.5,0.469,2.738,5.832,4.39,0
2026-08-28T18:38:48Z,0.64,"8 km NW of The Geysers, CA",45.1,2.6,100.0,100sps,5.379,4.135,2.468,0.73,0.46,3.911,338.0,NNW,7.78,13.42,8.44,0,0.572,0.835,0,0,0.707,0.595,0.843,4.313,2.483,0.576,3.392,2.445,0.721,1.169,0.629,0.631,1.003,23.73,0
2026-08-28T18:33:58Z,1.78,"1 km N of Redway, CA",215.1,23.2,100.0,100sps,4.324,3.52,2.622,1.0,0.61,4.322,331.4,NNW,31.27,55.41,11.68,0,0.666,0.812,0,0,0.605,0.597,0.986,3.644,2.687,0.737,2.332,2.38,1.021,0.966,0.502,0.679,1.351,29.37,1
2026-08-28T18:31:47Z,1.42,"7 km ESE of Santa Venetia, CA",54.0,-0.0,100.0,100sps,3.921,4.807,2.588,1.19,0.66,4.647,163.7,SSE,9.31,16.06,8.2,0,2.719,0.233,0,0,1.324,0.611,0.462,4.846,2.615,0.54,2.979,1.918,0.644,0.717,1.306,0.794,0.608,14.09,0
2026-08-28T17:38:03Z,0.45,"4 km SSE of The Geysers, CA",34.3,2.2,100.0,100sps,3.685,3.583,2.473,0.97,0.67,3.561,342.9,NNW,5.91,10.21,13.52,0,0.525,0.832,0,0,0.594,0.546,0.919,3.729,2.499,0.67,1.913,2.083,1.089,0.844,0.491,0.525,1.069,24.55,0
2026-08-28T16:44:55Z,1.65,"14 km ESE of Hidden Valley Lake, CA",38.7,6.7,100.0,100sps,4.815,4.624,4.577,1.34,0.95,6.436,27.9,NNE,6.67,11.51,16.05,0,7.137,-0.045,0,0,0.903,1.436,1.59,4.728,4.435,0.938,3.141,2.709,0.863,1.843,0.866,2.769,3.197,5.9,0
2026-08-28T16:42:55Z,0.9,"6 km W of Cobb, CA",44.8,1.8,100.0,100sps,3.578,5.347,2.783,1.0,0.78,3.593,341.2,NNW,7.72,13.32,18.45,0,1.052,0.534,0,0,0.777,0.776,0.999,5.507,2.732,0.496,2.622,2.4,0.915,1.091,0.698,1.181,1.693,9.49,0
2026-08-28T16:31:32Z,0.4,"10 km NW of The Geysers, CA",47.2,1.7,100.0,100sps,4.093,3.284,3.108,1.46,0.76,5.993,336.6,NNW,8.14,14.05,4.8,0,0.31,1.286,0,1,0.598,0.556,0.93,3.368,3.156,0.937,2.111,1.769,0.838,1.11,0.5,0.657,1.314,18.91,0
2026-08-28T15:47:27Z,0.72,"6 km NW of The Geysers, CA",43.9,2.6,100.0,100sps,3.653,3.552,2.901,1.22,0.79,4.448,337.9,NNW,7.57,13.06,11.73,0,0.713,0.795,0,0,0.78,0.703,0.9,3.593,2.955,0.822,2.163,2.073,0.959,0.939,0.729,0.962,1.32,15.17,0
2026-08-28T15:45:19Z,1.06,"17 km N of Lopez Point, CA",269.7,4.7,100.0,100sps,5.602,3.705,3.686,0.95,0.66,5.32,159.6,SSE,40.3,71.31,24.01,0,0.078,1.835,0,0,0.848,0.82,0.967,3.791,3.705,0.977,4.123,2.263,0.549,1.762,0.788,1.433,1.818,12.13,1
2026-08-28T14:55:21Z,0.26,"7 km NW of The Geysers, CA",44.1,3.2,100.0,100sps,3.213,5.222,3.279,1.61,1.02,5.171,337.9,NNW,7.6,13.12,10.11,0,0.246,1.323,0,0,0.679,0.601,0.885,5.588,3.386,0.606,4.265,2.106,0.494,1.792,0.606,0.766,1.264,15.35,0
2026-08-28T14:54:02Z,1.06,"6 km NW of The Geysers, CA",43.8,2.7,100.0,100sps,3.316,3.336,2.845,1.08,0.86,3.587,337.8,NNW,7.56,13.04,25.61,0,1.563,0.361,0,0,0.664,0.658,0.991,3.406,2.919,0.857,2.758,1.987,0.72,1.376,0.587,0.948,1.615,11.02,0
2026-08-28T14:51:34Z,2.68,"22 km SE of Yosemite Valley, CA",296.8,9.8,100.0,100sps,3.319,2.392,4.136,1.86,1.25,6.16,108.0,ESE,43.04,76.32,14.61,0,2.591,0.376,0,1,0.641,0.623,0.972,2.402,4.307,1.793,1.894,3.423,1.807,0.538,0.553,0.704,1.271,30.58,1
2026-08-28T14:34:23Z,0.58,"3 km WSW of Anderson Springs, CA",35.5,2.6,100.0,100sps,4.324,3.038,2.694,1.02,0.62,4.428,345.8,NNW,6.12,10.56,10.38,0,0.678,0.815,0,0,0.569,0.569,1.0,3.101,2.722,0.878,9.969,9.979,1.001,0.999,0.468,0.575,1.229,24.65,0
2026-08-28T13:31:44Z,0.44,"9 km NE of Tres Pinos, CA",214.4,-0.4,100.0,100sps,3.489,2.608,1.424,0.81,0.41,2.828,145.7,SE,34.04,59.95,4.4,0,0.031,1.965,0,0,0.548,0.629,1.147,2.687,1.324,0.493,1.888,1.617,0.856,1.34,0.44,0.798,1.814,19.99,1
2026-08-28T13:25:17Z,2.1,"20 km ESE of Silver Springs, Nevada",328.3,6.5,100.0,100sps,2.076,1.66,3.28,3.48,1.58,7.223,71.2,ENE,47.34,84.0,6.08,0,0.532,1.133,0,1,0.545,0.657,1.207,1.634,3.298,2.018,1.235,2.239,1.813,0.666,0.436,0.961,2.205,11.1,1
2026-08-28T13:19:01Z,1.05,"11 km WNW of Cobb, CA",48.4,1.6,100.0,100sps,1.908,2.028,4.835,3.86,2.53,7.355,336.0,NNW,8.35,14.42,10.77,0,1.34,0.74,0,1,0.749,0.718,0.959,1.934,5.002,2.586,1.272,2.65,2.084,0.46,0.667,0.931,1.397,16.91,0
2026-08-28T13:05:24Z,0.83,"1 km NNW of Pinole, CA",56.8,7.0,100.0,100sps,1.466,1.545,1.416,1.39,0.97,2.032,150.1,SSE,9.78,16.88,21.34,0,0.653,0.493,0,0,0.543,0.576,1.059,1.494,1.328,0.889,1.624,1.382,0.851,1.245,0.435,0.592,1.362,26.56,0
2026-08-28T12:15:25Z,2.36,"6 km N of Redwood Valley, CA",109.5,6.3,100.0,100sps,1.902,0.958,1.384,1.46,0.73,2.773,332.0,NNW,18.86,32.56,7.87,0,8.483,-0.486,0,1,0.533,0.619,1.161,0.799,1.284,1.606,1.376,1.389,1.009,1.15,0.425,0.721,1.695,23.45,0
2026-08-28T11:50:37Z,1.53,"18 km SW of Toms Place, CA",350.0,2.3,100.0,100sps,1.22,1.298,0.834,0.77,0.68,0.935,107.2,ESE,50.53,89.66,38.74,0,0.121,0.887,0,0,0.547,0.528,0.965,1.226,0.645,0.526,1.288,1.12,0.87,1.11,0.436,0.486,1.114,38.89,1
2026-08-28T09:43:46Z,0.75,"5 km NW of Pinnacles, CA",245.2,3.4,100.0,100sps,0.854,0.798,0.837,1.26,0.98,1.077,148.2,SSE,37.43,66.12,34.84,0,0.047,1.359,0,0,0.527,0.518,0.983,0.596,0.649,1.09,0.866,0.662,0.765,1.285,0.414,0.538,1.298,36.03,1
2026-08-28T09:37:23Z,0.52,"5 km SW of Gilroy, CA",187.8,1.0,100.0,100sps,0.939,1.243,0.797,0.89,0.85,0.839,151.2,SSE,30.63,53.85,39.51,0,0.048,1.243,0,0,0.526,0.525,0.999,1.182,0.594,0.503,1.095,0.978,0.893,1.119,0.415,0.476,1.148,38.79,1
2026-08-28T08:34:19Z,0.91,"6 km NW of Pinnacles, CA",244.4,2.5,100.0,100sps,0.695,0.691,0.683,1.26,0.98,0.876,148.6,SSE,37.44,66.12,37.96,0,0.069,1.106,0,0,0.513,0.504,0.982,0.452,0.448,0.992,0.959,0.958,0.999,0.983,0.401,0.551,1.375,34.63,1
2026-08-28T08:19:47Z,0.72,"6 km NW of The Geysers, CA",44.0,2.6,100.0,100sps,0.842,0.7,0.746,1.46,0.89,1.226,339.5,NNW,7.58,13.08,3.47,0,0.711,0.237,0,0,0.502,0.511,1.018,0.479,0.539,1.127,1.23,1.06,0.862,1.181,0.393,0.471,1.198,28.36,0
2026-08-28T07:09:14Z,1.38,"19 km SW of Toms Place, CA",350.8,2.3,100.0,100sps,0.865,0.983,1.507,5.71,1.74,4.935,107.4,ESE,50.63,89.83,1.25,0,0.085,1.762,0,1,0.496,0.508,1.025,0.861,1.485,1.726,1.039,1.11,1.068,0.96,0.388,0.461,1.188,38.14,1
2026-08-28T06:35:25Z,1.08,"16 km NW of Parkfield, CA",328.1,2.1,100.0,100sps,1.089,1.223,1.147,1.41,1.05,1.539,145.6,SE,47.86,84.85,23.22,0,0.051,1.481,0,0,0.513,0.504,0.983,1.142,1.053,0.922,1.463,1.583,1.082,0.908,0.405,0.477,1.178,38.28,1
2026-08-28T06:27:10Z,0.66,"5 km NW of Dublin, CA",98.0,5.4,100.0,100sps,0.931,1.232,0.825,1.2,0.89,1.121,145.1,SE,16.89,29.16,25.0,0,0.201,0.746,0,0,0.505,0.512,1.014,1.164,0.657,0.564,1.441,1.34,0.93,1.091,0.393,0.449,1.144,35.54,0
2026-08-28T05:55:57Z,2.01,"12 km WSW of Petrolia, CA",256.0,10.1,100.0,100sps,1.448,1.531,1.735,1.83,1.2,2.653,323.3,NW,37.95,67.18,14.33,0,0.78,0.532,0,0,0.517,0.515,0.997,1.492,1.685,1.13,2.032,2.177,1.072,0.931,0.407,0.52,1.278,36.5,1
2026-08-28T05:53:53Z,0.02,"3 km ESE of The Geysers, CA",36.4,1.4,100.0,100sps,1.6,1.382,1.765,2.11,1.1,3.374,345.3,NNW,6.28,10.84,5.66,0,0.181,1.271,0,1,0.512,0.503,0.982,1.31,1.762,1.345,2.031,2.066,1.017,0.966,0.402,0.489,1.218,27.56,0
2026-08-28T05:36:13Z,1.64,"17 km NW of Parkfield, CA",328.0,2.4,100.0,100sps,2.27,1.65,1.839,1.37,0.81,3.119,145.6,SE,47.8,84.75,13.77,0,0.185,1.228,0,1,0.51,0.555,1.09,1.634,1.81,1.107,1.55,2.002,1.292,0.843,0.403,1.026,2.549,1.24,1
2026-08-28T04:49:35Z,0.4,"1 km E of Anderson Springs, CA",36.3,2.6,100.0,100sps,1.389,1.741,1.172,1.09,0.84,1.515,351.8,N,6.26,10.81,15.29,0,0.435,0.542,0,0,0.5,0.505,1.01,1.749,1.079,0.617,2.177,2.072,0.952,1.062,0.395,0.471,1.193,27.62,0
2026-08-28T04:45:45Z,1.67,"11 km N of Redwood Valley, CA",114.5,7.3,100.0,100sps,1.431,1.044,1.36,1.39,0.95,1.986,332.9,NNW,19.73,34.05,19.12,0,1.613,0.09,0,0,0.511,0.507,0.992,0.924,1.29,1.397,2.057,2.148,1.044,0.95,0.406,0.451,1.11,37.27,0
2026-08-28T04:45:05Z,0.45,"1 km SSW of Anderson Springs, CA",35.5,2.0,100.0,100sps,1.664,2.267,1.336,1.36,0.8,2.26,349.4,N,6.11,10.56,7.98,0,0.503,0.653,0,1,0.528,0.485,0.918,2.316,1.264,0.546,2.129,2.149,1.01,0.909,0.418,0.456,1.09,27.13,0
2026-08-28T04:44:52Z,0.73,"8 km NW of The Geysers, CA",45.7,1.8,100.0,100sps,1.565,3.828,1.27,1.44,0.81,2.26,338.2,NNW,7.87,13.59,5.74,0,0.693,0.513,0,1,0.525,0.512,0.975,4.014,1.182,0.294,2.309,2.171,0.94,1.037,0.423,0.552,1.306,24.32,0
2026-08-28T03:42:40Z,1.22,"5 km NW of Dublin, CA",97.9,5.8,100.0,100sps,1.596,4.862,0.965,0.94,0.6,1.501,145.1,SE,16.88,29.13,13.44,0,0.731,0.312,0,0,0.551,0.546,0.991,5.061,0.804,0.159,3.129,2.468,0.789,1.257,0.453,0.607,1.34,22.92,0
2026-08-28T03:12:33Z,1.5,"6 km NNW of The Geysers, CA",44.0,2.6,100.0,100sps,2.192,2.86,1.94,1.88,0.89,4.119,340.0,NNW,7.59,13.1,1.45,0,4.277,-0.016,0,1,0.517,0.54,1.043,2.945,1.933,0.656,2.478,2.287,0.923,1.131,0.415,0.68,1.638,14.4,0
2026-08-28T02:46:49Z,1.25,"14 km ESE of Santa Margarita, CA",394.7,1.1,100.0,100sps,2.03,2.98,2.086,1.98,1.03,4.013,150.3,SSE,56.21,99.85,5.3,0,0.046,1.942,0,0,0.537,0.595,1.109,3.097,2.07,0.669,4.822,4.547,0.943,1.176,0.432,1.39,3.22,2.04,1
2026-08-28T01:49:55Z,1.26,"4 km NNE of San Leandro, CA",87.9,4.3,100.0,100sps,3.503,3.749,2.212,1.41,0.63,4.954,151.5,SSE,15.14,26.14,3.06,0,0.945,0.72,0,1,0.526,0.518,0.983,3.872,2.282,0.589,3.025,2.818,0.931,1.056,0.431,0.498,1.154,31.34,0
2026-08-28T01:23:36Z,0.72,"3 km WSW of Cobb, CA",41.7,0.3,100.0,100sps,2.956,6.164,6.319,4.97,2.14,14.694,343.5,NNW,7.18,12.4,2.38,0,0.763,1.285,0,1,0.529,0.557,1.052,6.399,6.892,1.077,5.01,5.908,1.179,0.892,0.428,0.547,1.277,22.7,0
2026-08-28T01:10:34Z,0.23,"8 km NW of The Geysers, CA",45.9,1.6,100.0,100sps,3.996,2.969,3.407,1.76,0.85,7.05,338.2,NNW,7.91,13.66,4.68,0,0.218,1.511,0,1,0.539,0.532,0.986,3.073,3.512,1.143,5.035,4.777,0.949,1.039,0.439,0.557,1.267,24.33,0
2026-08-28T00:33:58Z,1.0,"5 km ENE of El Granada, CA",105.6,-0.2,100.0,100sps,3.978,3.547,4.094,1.77,1.03,7.031,170.2,S,18.21,31.43,10.61,0,0.392,1.254,0,1,0.637,0.67,1.053,3.638,4.257,1.17,3.023,2.998,0.992,1.062,0.557,0.932,1.673,13.27,0
2026-08-27T23:39:29Z,1.07,"2 km ENE of The Geysers, CA",38.3,1.9,100.0,100sps,3.332,4.761,4.851,3.25,1.46,10.818,345.3,NNW,6.6,11.39,2.85,0,1.903,0.755,0,1,0.772,0.626,0.811,4.905,5.205,1.061,5.772,4.95,0.858,0.945,0.723,0.737,1.018,17.23,0
2026-08-27T22:41:24Z,1.5,"19 km ESE of Silver Springs, Nevada",328.1,6.1,100.0,100sps,4.091,2.999,3.481,1.48,0.85,6.048,71.2,ENE,47.37,84.04,9.97,0,0.134,1.656,0,0,0.646,0.638,0.987,3.01,3.557,1.181,4.958,4.802,0.969,1.019,0.582,1.005,1.727,9.71,1
2026-08-27T22:34:22Z,1.11,"9 km ESE of Willits, CA",118.1,7.0,100.0,100sps,4.521,4.14,2.236,0.79,0.49,3.581,332.6,NNW,20.35,35.13,16.32,0,0.422,0.928,0,0,0.594,0.534,0.899,4.36,2.269,0.52,3.408,1.749,0.513,1.752,0.507,0.551,1.087,32.97,0
2026-08-27T21:53:12Z,1.78,"11 km S of Yosemite Lakes, CA",291.9,-0.4,100.0,100sps,3.316,6.77,4.525,2.28,1.36,7.554,120.4,ESE,43.62,77.19,11.87,0,0.34,1.347,0,0,0.691,0.934,1.353,7.213,4.665,0.647,6.627,4.932,0.744,1.817,0.607,1.836,3.023,6.63,1
2026-08-27T21:40:01Z,0.99,"7 km NW of Pinnacles, CA",244.1,2.9,100.0,100sps,3.871,3.763,3.15,1.52,0.81,5.866,148.5,SSE,37.37,66.0,7.44,0,0.083,1.851,0,0,0.63,0.596,0.947,4.001,3.245,0.811,4.296,4.212,0.98,0.966,0.548,0.732,1.335,26.6,1
2026-08-27T21:28:20Z,0.75,"3 km W of Anderson Springs, CA",37.6,1.7,100.0,100sps,3.729,6.859,3.069,1.31,0.82,4.881,346.3,NNW,6.48,11.19,9.36,0,0.932,0.719,0,0,0.707,0.629,0.89,7.419,3.094,0.417,5.227,4.689,0.897,0.993,0.633,0.778,1.231,19.31,0
2026-08-27T21:22:41Z,1.99,"24 km NE of Pinnacles, CA",242.4,0.4,100.0,100sps,4.344,3.186,4.332,2.27,1.0,9.874,142.8,SE,37.46,66.12,4.56,0,0.839,1.071,0,1,0.549,0.659,1.199,3.274,4.494,1.373,3.448,4.502,1.306,0.918,0.444,0.849,1.912,22.15,1
2026-08-27T21:07:30Z,2.14,"19 km ESE of Silver Springs, Nevada",327.5,6.7,100.0,100sps,4.083,2.98,3.945,1.74,0.97,7.085,71.2,ENE,47.22,83.79,9.93,0,0.586,1.082,0,1,0.59,0.736,1.248,3.072,4.127,1.343,4.139,4.204,1.016,1.228,0.496,1.056,2.131,19.29,1
2026-08-27T20:39:27Z,1.08,"7 km W of Cobb, CA",44.9,1.8,100.0,100sps,5.876,5.937,4.447,1.78,0.76,10.461,339.6,NNW,7.74,13.37,1.96,0,1.585,0.82,0,1,0.6,0.705,1.175,6.186,4.631,0.749,4.252,3.972,0.934,1.258,0.501,1.399,2.791,2.81,0
2026-08-27T20:21:37Z,0.81,"6 km NW of The Geysers, CA",43.8,2.7,100.0,100sps,3.06,3.77,3.219,1.36,1.05,4.169,337.7,NNW,7.56,13.04,22.12,0,0.88,0.676,0,0,0.91,1.012,1.112,3.85,3.249,0.844,4.701,4.232,0.9,1.235,0.819,1.785,2.18,6.43,0
2026-08-27T19:53:29Z,0.62,"13 km NW of The Geysers, CA",48.9,2.6,100.0,100sps,5.736,3.795,3.236,1.13,0.56,6.462,332.9,NNW,8.43,14.56,4.59,0,0.491,1.119,0,0,0.865,0.661,0.764,3.932,3.393,0.863,3.879,3.962,1.021,0.748,0.82,0.834,1.018,16.29,0
2026-08-27T19:07:22Z,1.09,"2 km ENE of The Geysers, CA",38.0,0.1,100.0,100sps,2.829,4.443,2.719,2.0,0.96,5.667,345.5,NNW,6.55,11.31,1.83,0,2.011,0.45,0,0,2.082,0.673,0.323,3.956,2.733,0.691,2.209,2.084,0.943,0.343,2.075,0.785,0.378,19.61,0
2026-08-27T19:06:21Z,2.17,"2 km NE of The Geysers, CA",38.7,1.5,100.0,100sps,3.311,2.775,6.373,3.33,1.92,11.027,344.1,NNW,6.68,11.53,8.97,1,23.602,-0.331,0,1,0.591,3.26,5.518,2.887,5.439,1.884,1.887,2.755,1.46,3.779,0.49,7.941,16.205,4.49,0
2026-08-27T18:58:09Z,1.76,"1 km NE of The Geysers, CA",38.9,1.4,100.0,100sps,5.211,3.3,4.312,1.42,0.83,7.404,343.9,NNW,6.7,11.57,7.14,0,9.142,-0.092,0,1,0.568,0.994,1.75,3.472,4.376,1.26,2.086,2.242,1.075,1.629,0.469,2.038,4.347,5.33,0
2026-08-27T18:42:58Z,0.6,"10 km NW of The Geysers, CA",47.1,2.2,100.0,100sps,4.218,4.909,4.554,1.53,1.08,6.434,336.6,NNW,8.12,14.01,13.3,0,0.493,1.115,0,0,0.706,0.598,0.847,5.181,4.911,0.948,2.978,2.055,0.69,1.227,0.629,0.666,1.058,21.06,0
2026-08-27T18:01:08Z,1.4,"2 km E of The Geysers, CA",37.1,2.2,100.0,100sps,3.976,4.481,3.356,1.51,0.84,6.017,345.4,NNW,6.39,11.03,6.25,0,4.238,0.152,0,1,0.721,0.658,0.913,4.778,3.473,0.727,2.58,2.201,0.853,1.07,0.648,0.824,1.271,19.41,0
2026-08-27T17:04:03Z,0.4,"7 km WNW of Cobb, CA",45.8,2.5,100.0,100sps,11.234,4.501,8.896,1.75,0.79,19.644,339.3,NNW,7.89,13.62,3.08,0,0.323,1.784,0,1,0.777,1.011,1.301,4.609,9.342,2.027,2.111,3.069,1.454,0.895,0.702,2.318,3.3,3.39,0
2026-08-27T16:37:54Z,0.45,"2 km SSW of Anderson Springs, CA",34.7,1.6,100.0,100sps,5.241,4.099,6.776,2.54,1.29,13.323,348.3,NNW,5.98,10.33,4.77,0,0.517,1.411,0,1,0.621,0.746,1.2,4.28,7.019,1.64,2.529,3.324,1.315,0.913,0.525,0.96,1.829,17.27,0
2026-08-27T15:32:49Z,1.11,"3 km E of The Geysers, CA",37.2,1.6,100.0,100sps,4.69,3.399,6.245,2.17,1.33,10.189,345.6,NNW,6.41,11.07,11.6,0,2.164,0.673,0,1,0.76,0.722,0.951,3.43,6.781,1.977,2.448,2.755,1.125,0.845,0.679,1.018,1.498,13.15,0
2026-08-27T15:19:02Z,0.83,"5 km WNW of The Geysers, CA",42.1,3.3,100.0,100sps,4.421,2.79,4.443,1.69,1.01,7.459,336.5,NNW,7.25,12.51,7.84,0,0.971,0.886,0,1,0.573,0.725,1.264,2.842,4.51,1.587,2.138,2.089,0.977,1.294,0.468,1.113,2.378,9.58,0
2026-08-27T14:00:35Z,0.77,"15 km NW of Parkfield, CA",329.9,2.6,100.0,100sps,3.678,2.508,2.455,1.39,0.67,5.112,145.5,SE,48.01,85.13,7.88,0,0.025,2.319,0,0,0.615,0.684,1.112,2.583,2.426,0.939,2.898,1.955,0.675,1.649,0.514,1.51,2.935,2.83,1
2026-08-27T13:55:48Z,0.98,"10 km SSW of Tres Pinos, CA",223.4,2.2,100.0,100sps,4.421,6.664,2.045,0.79,0.46,3.474,149.9,SSE,34.88,61.52,10.31,0,0.098,1.551,0,0,0.647,0.795,1.229,7.172,1.922,0.268,2.105,1.372,0.652,1.886,0.555,1.365,2.461,9.8,1
2026-08-27T13:12:52Z,0.92,"5 km NNW of The Geysers, CA",42.8,1.2,100.0,100sps,2.649,2.708,1.705,1.09,0.64,2.875,340.6,NNW,7.37,12.72,6.88,0,1.169,0.391,0,0,0.647,0.574,0.887,2.742,1.68,0.613,1.668,1.412,0.847,1.047,0.564,0.658,1.168,18.42,0
2026-08-27T13:07:36Z,0.49,"10 km NW of The Geysers, CA",46.8,1.5,100.0,100sps,3.588,1.965,3.268,1.94,0.91,6.971,336.6,NNW,8.08,13.95,5.05,0,0.386,1.257,0,1,0.788,0.74,0.938,1.843,3.291,1.786,1.601,2.392,1.494,0.628,0.721,1.034,1.433,12.01,0
2026-08-27T12:46:12Z,0.39,"2 km ESE of The Geysers, CA",36.8,2.8,100.0,100sps,2.276,2.399,2.771,1.89,1.22,4.311,344.8,NNW,6.34,10.94,10.27,0,0.418,1.013,0,1,0.697,1.266,1.818,2.424,2.508,1.035,1.396,3.053,2.186,0.831,0.618,2.387,3.862,8.08,0
2026-08-27T12:37:43Z,0.96,"22 km NE of San Lucas, CA",289.7,3.8,100.0,100sps,2.342,2.848,1.575,1.19,0.67,2.788,146.6,SSE,42.9,75.96,8.16,0,0.052,1.727,0,0,0.699,0.554,0.792,2.866,1.533,0.535,2.053,0.977,0.476,1.664,0.621,0.579,0.932,34.82,1
2026-08-27T12:22:18Z,0.66,"4 km WNW of Mammoth Lakes, CA",327.6,-0.2,100.0,100sps,1.496,2.963,1.996,2.45,1.33,3.668,104.7,ESE,48.04,85.14,12.52,0,0.019,2.277,0,1,0.74,0.834,1.127,3.074,1.883,0.613,2.055,2.146,1.045,1.079,0.668,1.399,2.093,12.01,1
2026-08-27T12:21:14Z,1.42,"3 km ESE of Cloverdale, CA",50.1,5.3,100.0,100sps,1.582,3.759,1.712,1.87,1.08,2.96,321.2,NW,8.62,14.89,9.56,0,3.007,-0.007,0,0,0.842,0.667,0.792,3.974,1.623,0.408,2.731,1.204,0.441,1.796,0.79,1.034,1.309,8.45,0
2026-08-27T12:13:40Z,0.49,"6 km NW of The Geysers, CA",43.7,4.0,100.0,100sps,2.981,1.895,1.431,0.74,0.48,2.216,337.6,NNW,7.53,13.0,8.65,0,0.422,0.72,0,0,0.569,0.656,1.152,1.885,1.309,0.695,1.481,1.254,0.847,1.36,0.464,0.864,1.863,12.98,0
2026-08-27T10:53:31Z,2.29,"9 km NW of Verdi-Mogul, NV",257.1,6.6,100.0,100sps,0.898,0.912,1.215,2.44,1.35,2.186,60.0,ENE,38.52,68.13,9.14,0,1.472,0.172,0,1,0.516,0.523,1.015,0.763,1.139,1.493,0.985,1.748,1.774,0.572,0.409,0.484,1.182,38.52,1
2026-08-27T10:53:18Z,0.81,"2 km NNW of The Geysers, CA",40.2,1.6,100.0,100sps,0.899,0.899,0.913,1.11,1.02,0.999,342.1,NNW,6.93,11.96,28.48,0,0.983,0.007,0,0,0.513,0.536,1.045,0.752,0.743,0.988,0.984,1.505,1.53,0.683,0.405,0.46,1.136,27.72,0
2026-08-27T09:20:52Z,0.59,"4 km WNW of Mammoth Lakes, CA",327.6,-0.1,100.0,100sps,0.711,0.709,0.824,1.62,1.16,1.15,104.7,ESE,48.04,85.14,20.48,0,0.017,1.843,0,0,0.517,0.522,1.009,0.476,0.639,1.341,1.316,1.307,0.993,1.017,0.403,0.475,1.18,38.61,1
2026-08-27T08:08:30Z,1.57,"11 km SE of Sunol, CA",125.8,7.3,100.0,100sps,1.303,0.967,1.498,2.03,1.15,2.64,145.5,SE,21.68,37.42,9.86,0,1.098,0.381,0,1,0.53,0.523,0.986,0.824,1.449,1.758,1.431,1.636,1.144,0.862,0.415,0.505,1.216,33.93,0
2026-08-27T07:53:16Z,1.54,"3 km SW of Anderson Springs, CA",35.3,2.5,100.0,100sps,0.927,0.796,1.164,1.92,1.26,1.783,345.1,NNW,6.08,10.5,9.6,0,6.23,-0.543,0,1,0.512,0.678,1.324,0.61,0.912,1.495,1.025,0.742,0.724,1.83,0.406,0.976,2.406,10.17,0
2026-08-27T07:10:58Z,0.73,"7 km NW of The Geysers, CA",44.3,1.5,100.0,100sps,0.967,1.503,1.194,2.64,1.23,2.55,336.8,NNW,7.63,13.17,2.82,0,0.722,0.548,0,1,0.511,0.51,0.997,1.469,1.114,0.759,1.292,1.042,0.806,1.237,0.404,0.443,1.097,27.98,0
2026-08-27T06:55:58Z,0.36,"8 km NW of The Geysers, CA",45.7,1.7,100.0,100sps,1.459,0.714,0.733,0.57,0.5,0.825,338.3,NNW,7.88,13.61,28.88,0,0.295,0.447,0,0,0.505,0.504,1.0,0.494,0.528,1.068,0.892,0.847,0.95,1.052,0.392,0.467,1.191,28.76,0
2026-08-27T06:36:26Z,0.67,"10 km NW of The Geysers, CA",46.9,1.5,100.0,100sps,1.297,1.241,1.011,1.8,0.78,2.333,336.6,NNW,8.08,13.95,1.12,0,0.583,0.602,0,1,0.517,0.566,1.095,1.163,0.854,0.734,0.777,0.753,0.969,1.13,0.41,0.539,1.315,29.11,0
2026-08-27T06:11:42Z,1.4,"18 km SW of Toms Place, CA",350.7,0.8,100.0,100sps,1.445,2.132,2.032,2.32,1.41,3.356,107.3,ESE,50.8,90.11,11.6,0,0.089,1.574,0,0,0.514,0.523,1.018,2.189,2.056,0.939,4.489,4.638,1.033,0.985,0.406,0.471,1.158,39.5,1
2026-08-27T05:16:59Z,0.8,"6 km WNW of The Geysers, CA",42.3,3.2,100.0,100sps,2.471,3.426,2.161,1.47,0.87,3.622,336.6,NNW,7.3,12.6,4.26,0,0.898,0.606,0,1,0.741,0.729,0.984,3.414,2.039,0.597,3.33,1.818,0.546,1.801,0.665,1.097,1.649,11.56,0
2026-08-27T05:00:24Z,1.07,"7 km NW of The Geysers, CA",43.7,2.9,100.0,100sps,1.484,0.973,3.248,8.04,2.19,11.93,336.9,NNW,7.54,13.01,1.16,0,1.603,0.872,0,1,0.514,0.494,0.962,0.852,3.368,3.955,1.811,1.589,0.877,1.097,0.403,0.553,1.375,21.75,0
2026-08-27T04:52:44Z,0.94,"7 km NW of The Geysers, CA",43.7,2.8,100.0,100sps,1.854,2.177,1.373,0.95,0.74,1.761,336.9,NNW,7.54,13.01,25.68,0,1.189,0.171,0,0,0.529,0.512,0.967,2.292,1.343,0.586,4.49,4.349,0.969,0.998,0.419,0.578,1.377,21.26,0
2026-08-27T04:31:49Z,0.88,"9 km E of Cloverdale, CA",45.8,5.7,100.0,100sps,2.581,3.709,1.385,1.04,0.54,2.697,326.2,NW,7.89,13.61,4.5,0,0.976,0.442,0,0,0.521,0.498,0.956,3.9,1.36,0.349,2.06,1.262,0.613,1.561,0.419,0.468,1.118,28.62,0
2026-08-27T04:29:28Z,1.96,"10 km E of Cloverdale, CA",45.9,6.1,100.0,100sps,3.653,2.607,3.529,1.73,0.97,6.336,326.7,NNW,7.9,13.64,8.56,0,11.699,-0.266,0,1,0.537,2.178,4.06,2.626,2.692,1.025,2.331,2.045,0.877,4.629,0.439,4.336,9.87,5.62,0
2026-08-27T03:46:51Z,0.95,"4 km W of Cobb, CA",42.9,0.3,100.0,100sps,1.715,2.005,1.997,1.86,1.16,3.196,342.4,NNW,7.39,12.76,8.96,0,1.248,0.408,0,1,0.51,0.478,0.936,2.019,1.976,0.979,2.234,2.23,0.998,0.938,0.403,0.439,1.088,28.1,0
2026-08-27T03:27:35Z,0.71,"8 km NW of The Geysers, CA",45.8,1.6,100.0,100sps,2.686,2.357,1.557,1.04,0.58,2.792,338.3,NNW,7.9,13.64,8.3,0,0.659,0.627,0,0,0.511,0.5,0.978,2.448,1.502,0.614,2.469,3.378,1.368,0.715,0.406,0.429,1.057,29.09,0
2026-08-27T03:11:20Z,1.28,"2 km ESE of Pacheco, CA",73.9,14.7,100.0,100sps,2.913,2.695,2.175,1.05,0.75,3.047,136.8,SE,12.72,21.96,19.81,0,1.275,0.378,0,0,0.532,0.551,1.036,2.733,2.173,0.795,5.711,5.721,1.002,1.034,0.435,0.712,1.638,16.44,0
2026-08-27T02:25:21Z,0.79,"7 km NW of The Geysers, CA",43.8,3.2,100.0,100sps,2.379,2.395,1.907,0.99,0.8,2.361,336.7,NNW,7.55,13.04,26.1,0,0.839,0.449,0,0,0.526,0.5,0.95,2.436,1.907,0.783,4.645,4.25,0.915,1.038,0.43,0.519,1.209,24.21,0
2026-08-27T02:13:31Z,2.13,"2 km ESE of Pacifica, CA",95.5,9.6,100.0,100sps,1.718,2.116,1.772,1.43,1.03,2.452,172.1,S,16.45,28.39,19.55,0,6.176,-0.401,0,0,0.507,0.735,1.451,2.128,1.619,0.761,2.685,2.548,0.949,1.528,0.401,1.57,3.917,3.52,0
2026-08-27T02:09:39Z,0.57,"2 km ESE of Pacifica, CA",95.0,8.4,100.0,100sps,2.902,1.622,2.579,1.63,0.89,4.726,171.8,S,16.37,28.26,6.92,0,0.171,1.44,0,1,0.497,0.507,1.021,1.623,2.677,1.649,2.471,2.256,0.913,1.118,0.392,0.482,1.228,33.63,0
2026-08-27T01:18:19Z,0.42,"8 km NW of The Geysers, CA",45.6,1.9,100.0,100sps,2.563,5.794,7.846,7.68,3.06,19.679,337.8,NNW,7.86,13.57,2.74,0,0.34,1.763,1,1,0.864,0.544,0.63,5.957,8.129,1.365,4.649,3.932,0.846,0.745,0.775,0.578,0.746,23.2,0
2026-08-27T01:03:54Z,1.75,"19 km ESE of Silver Springs, Nevada",326.6,8.4,100.0,100sps,2.646,2.736,3.085,1.85,1.17,4.889,71.4,ENE,46.89,83.22,14.77,0,0.241,1.308,0,0,0.552,0.542,0.982,2.826,3.17,1.122,4.241,5.105,1.204,0.816,0.455,0.547,1.204,33.93,1
2026-08-27T00:40:40Z,0.83,"5 km WNW of Cobb, CA",44.9,2.6,100.0,100sps,3.352,3.551,2.521,1.04,0.75,3.478,341.6,NNW,7.73,13.35,16.28,0,0.893,0.59,0,0,0.526,0.563,1.069,3.686,2.554,0.693,4.475,4.254,0.951,1.125,0.418,0.626,1.5,19.9,0
2026-08-27T00:05:03Z,0.38,"6 km NW of The Geysers, CA",43.1,2.5,100.0,100sps,3.982,4.115,2.176,0.77,0.55,3.062,337.7,NNW,7.43,12.83,16.84,0,0.333,0.963,0,0,0.546,0.54,0.989,4.302,2.182,0.507,4.618,4.624,1.001,0.988,0.442,0.592,1.339,21.77,0
2026-08-26T23:58:28Z,1.9,"3 km NNE of Prattville, CA",235.8,8.7,100.0,100sps,3.791,3.742,4.652,2.38,1.23,9.024,32.3,NNE,35.62,62.96,10.33,0,0.724,1.096,0,0,0.663,0.724,1.092,3.839,4.807,1.252,4.176,4.939,1.183,0.924,0.585,0.932,1.593,24.99,1
2026-08-26T23:52:53Z,1.32,"11 km N of Brooktrails, CA",138.0,7.8,100.0,100sps,5.046,2.537,5.434,2.12,1.08,10.684,332.3,NNW,23.62,40.89,4.1,0,0.529,1.305,0,1,0.576,0.577,1.003,2.576,5.722,2.222,1.841,2.782,1.511,0.664,0.476,0.622,1.309,32.91,0
2026-08-26T23:41:49Z,1.37,"3 km SSE of Redwood Valley, CA",100.8,5.5,100.0,100sps,4.173,3.083,4.004,1.71,0.96,7.13,330.5,NNW,17.38,29.99,8.92,0,0.987,0.859,0,1,0.574,0.54,0.941,3.182,4.155,1.306,4.42,4.452,1.007,0.934,0.477,0.559,1.174,29.82,0
2026-08-26T23:08:53Z,0.46,"7 km NW of The Geysers, CA",45.2,1.5,100.0,100sps,3.923,7.325,3.612,1.29,0.92,5.046,338.7,NNW,7.79,13.45,15.43,0,0.377,1.126,0,0,0.618,0.586,0.948,7.931,3.778,0.476,4.065,2.95,0.726,1.306,0.522,0.641,1.227,23.04,0
2026-08-26T22:35:57Z,1.48,"9 km WNW of The Geysers, CA",45.6,1.7,100.0,100sps,4.636,3.925,4.42,1.82,0.95,8.458,334.9,NNW,7.86,13.57,4.4,0,3.903,0.336,0,0,0.66,0.812,1.231,4.102,4.557,1.111,4.582,4.296,0.938,1.313,0.578,1.38,2.388,5.76,0
2026-08-26T21:57:06Z,1.27,"16 km SE of Pinnacles, CA",266.2,7.1,100.0,100sps,3.186,3.928,4.358,2.56,1.37,8.144,147.6,SSE,39.58,70.05,8.37,0,0.13,1.797,0,1,0.601,0.61,1.015,4.12,4.61,1.119,3.958,4.065,1.027,0.989,0.504,0.794,1.576,18.94,1
2026-08-26T21:29:55Z,1.15,"7 km W of West Bishop, CA",378.8,9.2,100.0,100sps,3.89,3.627,4.046,1.64,1.04,6.389,107.4,ESE,53.25,94.68,17.2,0,0.041,2.194,0,0,0.593,0.875,1.475,3.78,4.07,1.077,1.961,2.118,1.08,1.366,0.496,1.349,2.717,10.5,1
2026-08-26T21:08:11Z,0.73,"8 km NW of The Geysers, CA",44.7,4.2,100.0,100sps,4.043,3.176,3.847,2.04,0.95,8.264,336.3,NNW,7.7,13.29,3.95,0,0.713,1.064,0,1,0.579,0.552,0.955,3.25,3.931,1.209,1.998,1.769,0.885,1.078,0.478,0.548,1.146,27.12,0
2026-08-26T21:08:00Z,1.05,"11 km NW of The Geysers, CA",48.3,1.6,100.0,100sps,3.97,3.099,3.922,2.08,0.99,8.264,335.8,NNW,8.33,14.38,3.95,0,1.343,0.789,0,1,0.583,0.557,0.955,3.177,4.03,1.268,1.898,1.748,0.921,1.038,0.485,0.548,1.13,26.59,0
2026-08-26T20:59:47Z,0.69,"8 km WNW of Cobb, CA",46.4,1.2,100.0,100sps,4.607,4.246,11.038,5.07,2.4,23.344,338.5,NNW,7.99,13.79,6.0,0,0.62,1.576,1,1,0.579,0.773,1.334,4.462,11.657,2.613,2.542,10.445,4.109,0.325,0.484,1.124,2.322,11.52,0
2026-08-26T20:01:53Z,0.8,"2 km N of The Geysers, CA",40.1,0.5,100.0,100sps,4.689,3.496,3.098,0.94,0.66,4.415,343.3,NNW,6.91,11.92,11.79,0,0.965,0.66,0,1,0.692,0.787,1.137,3.642,3.019,0.829,2.18,2.259,1.036,1.098,0.615,1.189,1.933,9.99,0
2026-08-26T19:44:58Z,2.75,"67 km WNW of Bayview, CA",343.9,23.4,100.0,100sps,4.787,4.482,3.84,2.34,0.8,11.198,325.3,NW,47.25,84.14,1.55,0,2.107,0.725,0,1,0.805,0.64,0.796,4.667,4.051,0.868,3.549,1.908,0.538,1.48,0.737,0.955,1.296,9.41,1
2026-08-26T19:32:42Z,0.27,"7 km NW of The Geysers, CA",44.0,2.8,100.0,100sps,4.477,4.909,4.831,2.37,1.08,10.609,336.7,NNW,7.59,13.1,2.22,0,0.252,1.624,0,1,1.081,0.784,0.725,4.993,5.095,1.02,2.49,2.261,0.908,0.798,1.051,1.487,1.415,3.84,0
2026-08-26T19:31:00Z,0.75,"4 km NW of The Geysers, CA",41.6,4.0,100.0,100sps,3.291,3.621,5.374,3.76,1.63,12.374,339.0,NNW,7.17,12.38,2.94,0,0.819,1.179,0,1,1.109,0.982,0.886,3.613,5.571,1.542,2.662,2.82,1.059,0.836,1.066,1.821,1.709,5.4,0
2026-08-26T19:27:22Z,0.9,"9 km NE of San Martin, CA",174.8,9.0,100.0,100sps,3.065,3.098,6.056,3.89,1.98,11.936,146.5,SSE,28.04,49.33,6.87,0,0.132,1.957,0,1,0.574,0.823,1.433,3.234,6.206,1.919,1.92,2.49,1.297,1.105,0.47,1.927,4.1,3.02,1
2026-08-26T18:44:50Z,0.41,"1 km NW of The Geysers, CA",39.3,4.4,100.0,100sps,4.094,5.603,12.653,9.76,3.09,39.95,341.4,NNW,6.77,11.68,1.92,0,0.403,1.996,0,1,0.77,0.686,0.892,6.016,13.845,2.301,3.282,5.972,1.82,0.49,0.711,0.76,1.068,20.72,0
2026-08-26T18:18:41Z,1.04,"7 km NW of The Geysers, CA",45.0,2.1,100.0,100sps,3.556,5.764,3.339,1.23,0.94,4.357,338.0,NNW,7.75,13.37,21.26,0,1.444,0.48,0,0,1.119,0.731,0.653,5.959,3.379,0.567,4.197,2.16,0.514,1.269,1.098,1.028,0.936,13.07,0
2026-08-26T18:05:37Z,1.42,"2 km ENE of Aromas, CA",194.6,-0.1,100.0,100sps,4.472,6.667,4.583,1.79,1.02,7.992,152.7,SSE,31.59,55.56,9.61,0,0.355,1.352,0,0,2.258,0.92,0.407,6.393,4.605,0.72,11.641,4.287,0.368,1.107,2.171,2.043,0.941,3.12,1
2026-08-26T17:28:49Z,1.86,"3 km SW of Anderson Springs, CA",35.2,1.3,100.0,100sps,4.406,3.974,3.553,1.15,0.81,5.082,345.7,NNW,6.07,10.48,15.59,0,13.046,-0.409,0,0,0.612,0.931,1.522,4.156,3.576,0.86,2.84,2.363,0.832,1.829,0.516,1.558,3.022,7.2,0
2026-08-26T17:25:11Z,0.99,"3 km NNE of Vallejo, CA",49.8,8.0,100.0,100sps,3.795,5.402,3.068,1.15,0.81,4.355,135.3,SE,8.58,14.82,13.19,0,1.123,0.588,0,0,1.455,0.87,0.598,5.444,3.058,0.562,2.718,2.028,0.746,0.801,1.471,1.292,0.878,14.38,0
2026-08-26T17:23:33Z,2.24,"18 km SW of Toms Place, CA",350.3,3.1,100.0,100sps,3.738,4.077,4.115,1.77,1.1,6.625,107.4,ESE,50.47,89.57,17.29,0,0.62,1.029,0,0,0.655,1.308,1.997,4.207,4.075,0.969,2.186,2.161,0.989,2.019,0.573,4.207,7.337,4.16,1
2026-08-26T17:23:27Z,0.55,"11 km E of Cloverdale, CA",46.2,5.1,100.0,100sps,3.727,3.243,4.289,1.92,1.15,7.169,329.0,NNW,7.96,13.74,8.25,0,0.451,1.201,0,1,0.646,0.617,0.955,3.344,4.441,1.328,2.104,2.539,1.207,0.791,0.567,0.689,1.217,21.07,0
2026-08-26T17:08:25Z,1.45,"5 km NNE of Brooktrails, CA",132.3,7.2,100.0,100sps,4.745,3.547,4.867,1.92,1.03,9.099,330.9,NNW,22.79,39.34,7.88,0,0.766,1.075,0,1,0.697,1.705,2.447,3.688,4.777,1.295,2.048,2.352,1.148,2.131,0.638,5.943,9.321,1.94,0
2026-08-26T16:41:26Z,0.69,"7 km E of Fremont, CA",119.2,6.5,100.0,100sps,3.926,4.181,3.024,1.78,0.77,6.986,148.0,SSE,20.54,35.46,3.04,0,0.158,1.645,0,1,0.577,0.604,1.047,4.377,3.052,0.697,2.385,1.998,0.838,1.249,0.467,0.843,1.805,15.43,0
2026-08-26T15:26:30Z,0.94,"2 km WNW of Cobb, CA",43.5,0.6,100.0,100sps,2.963,2.626,3.848,2.3,1.3,6.804,346.0,NNW,7.5,12.95,9.06,0,1.196,0.755,0,1,0.656,0.601,0.916,2.625,4.035,1.537,3.906,2.996,0.767,1.195,0.561,0.624,1.112,23.73,0
2026-08-26T15:19:40Z,1.11,"8 km NW of Redwood Valley, CA",112.3,6.3,100.0,100sps,4.287,4.918,2.924,1.16,0.68,4.97,330.3,NNW,19.35,33.41,11.63,0,0.458,1.035,0,0,0.654,0.627,0.957,5.175,2.945,0.569,3.838,2.34,0.61,1.57,0.544,0.664,1.221,29.5,0
2026-08-26T14:53:51Z,1.45,"7 km NW of The Geysers, CA",43.6,3.2,100.0,100sps,4.46,7.611,2.892,1.12,0.65,4.981,336.7,NNW,7.52,12.98,5.92,0,3.857,0.111,0,0,0.673,0.711,1.057,7.852,2.844,0.362,2.328,2.044,0.878,1.203,0.592,1.265,2.135,5.53,0
2026-08-26T14:46:58Z,1.94,"6 km NNW of The Geysers, CA",44.2,2.1,100.0,100sps,4.21,3.751,3.508,1.59,0.83,6.686,340.0,NNW,7.61,13.14,8.1,0,11.737,-0.244,0,0,0.603,1.145,1.899,3.873,3.358,0.867,2.262,1.944,0.859,2.209,0.499,2.528,5.067,4.46,0
2026-08-26T14:44:42Z,1.7,"6 km W of Cobb, CA",44.4,2.1,100.0,100sps,4.636,4.418,4.489,1.85,0.97,8.566,340.1,NNW,7.65,13.21,4.66,0,6.708,0.106,0,1,0.607,0.821,1.352,4.648,4.622,0.994,3.304,2.859,0.865,1.563,0.513,1.857,3.621,3.4,0
2026-08-26T13:47:31Z,0.4,"6 km WNW of Cobb, CA",45.5,2.3,100.0,100sps,2.406,3.571,2.089,2.23,0.87,5.363,340.7,NNW,7.85,13.56,1.61,0,0.325,1.217,0,0,0.567,0.515,0.909,3.737,2.078,0.556,1.972,1.328,0.673,1.349,0.458,0.493,1.077,28.16,0
2026-08-26T13:25:49Z,0.73,"14 km WSW of Toms Place, CA",348.6,5.1,100.0,100sps,2.17,5.309,4.421,5.01,2.04,10.868,106.1,ESE,50.02,88.79,3.48,0,0.019,2.748,1,1,0.566,0.574,1.014,5.813,4.58,0.788,2.191,2.083,0.951,1.066,0.454,0.542,1.194,37.55,1
2026-08-26T12:51:46Z,1.84,"7 km E of Covelo, CA",156.8,9.7,100.0,100sps,3.422,1.32,1.926,1.43,0.56,4.883,342.6,NNW,25.71,45.16,5.06,0,1.4,0.543,0,0,0.545,0.521,0.956,1.245,1.925,1.546,1.922,1.93,1.004,0.952,0.435,0.502,1.155,34.63,1
2026-08-26T12:17:31Z,1.31,"1 km NW of The Geysers, CA",39.1,3.7,100.0,100sps,1.29,1.122,1.465,2.32,1.14,2.997,341.4,NNW,6.73,11.62,2.72,0,3.222,-0.031,0,1,0.534,0.56,1.049,1.007,1.423,1.413,2.084,2.08,0.998,1.051,0.425,0.642,1.51,20.6,0
2026-08-26T12:04:38Z,1.28,"2 km SE of Boulder Creek, CA",155.8,7.8,100.0,100sps,0.923,0.943,1.164,3.24,1.26,2.992,162.8,SSE,25.84,45.35,1.31,0,0.39,0.885,0,1,0.526,0.517,0.985,0.792,1.095,1.382,0.899,0.716,0.796,1.236,0.409,0.572,1.398,30.94,1
2026-08-26T11:14:57Z,0.73,"7 km NW of The Geysers, CA",44.4,2.0,100.0,100sps,0.848,1.422,1.12,2.82,1.32,2.388,339.1,NNW,7.66,13.22,1.35,0,0.718,0.522,0,1,0.518,0.512,0.99,1.355,1.039,0.767,3.045,2.026,0.665,1.487,0.401,0.467,1.163,28.22,0
2026-08-26T10:51:28Z,1.02,"7 km WNW of Cobb, CA",45.8,2.4,100.0,100sps,0.839,0.82,0.975,1.63,1.16,1.369,339.8,NNW,7.89,13.62,19.27,0,1.347,0.007,0,0,0.515,0.52,1.009,0.642,0.84,1.309,1.836,1.86,1.013,0.996,0.4,0.436,1.089,29.18,0
2026-08-26T10:45:00Z,1.82,"22 km SE of Pinnacles, CA",271.8,6.7,100.0,100sps,0.887,0.792,0.947,1.69,1.07,1.496,147.1,SSE,40.32,71.38,11.09,0,0.44,0.532,0,0,0.523,0.508,0.97,0.587,0.826,1.408,1.675,1.707,1.02,0.952,0.417,0.499,1.196,35.94,1
2026-08-26T09:34:59Z,0.72,"8 km WNW of Cobb, CA",46.0,2.1,100.0,100sps,0.734,0.738,0.806,1.51,1.1,1.107,339.4,NNW,7.94,13.7,19.46,0,0.67,0.218,0,0,0.509,0.515,1.01,0.523,0.627,1.198,2.953,2.959,1.002,1.008,0.402,0.507,1.263,27.73,0
2026-08-26T08:59:07Z,0.37,"4 km W of Cobb, CA",43.6,1.9,100.0,100sps,0.72,0.884,0.813,2.39,1.13,1.717,343.5,NNW,7.51,12.96,1.38,0,0.322,0.727,0,1,0.585,0.502,0.858,0.637,0.652,1.024,3.03,3.032,1.001,0.857,0.489,0.425,0.868,28.91,0
2026-08-26T08:57:23Z,1.92,"1 km WNW of Lafayette, CA",77.5,14.5,100.0,100sps,0.791,0.725,1.081,2.03,1.37,1.604,145.3,SE,13.35,23.04,17.41,0,5.193,-0.51,0,0,0.523,0.672,1.285,0.484,0.814,1.682,2.954,3.002,1.016,1.264,0.414,1.045,2.524,9.68,0
2026-08-26T08:37:16Z,1.02,"16 km NNW of Coalinga, CA",312.0,12.4,100.0,100sps,0.723,1.205,0.746,1.76,1.03,1.272,140.3,SE,44.58,79.15,5.42,0,0.05,1.403,0,0,0.524,0.508,0.97,1.12,0.54,0.482,3.037,3.01,0.991,0.979,0.413,0.492,1.194,38.71,1
2026-08-26T08:33:10Z,0.14,"1 km ENE of The Geysers, CA",38.1,0.6,100.0,100sps,0.724,0.709,0.709,1.01,0.98,0.73,343.6,NNW,6.57,11.34,28.48,0,0.225,0.511,0,0,0.514,0.506,0.983,0.475,0.482,1.015,2.792,2.897,1.038,0.947,0.403,0.476,1.179,27.36,0
2026-08-26T07:49:41Z,0.68,"9 km NW of The Geysers, CA",46.0,1.0,100.0,100sps,1.927,1.2,1.399,1.13,0.73,2.171,334.9,NNW,7.92,13.68,12.09,0,0.612,0.55,0,0,0.522,0.518,0.992,1.1,1.331,1.21,1.389,1.446,1.041,0.953,0.404,0.469,1.16,28.72,0
2026-08-26T07:46:11Z,0.77,"10 km NW of The Geysers, CA",47.0,1.7,100.0,100sps,0.893,1.931,2.775,10.51,3.11,9.384,336.5,NNW,8.1,13.98,2.04,0,0.732,1.108,1,1,0.601,0.633,1.053,1.829,2.836,1.551,1.281,1.23,0.96,1.097,0.499,0.731,1.464,21.41,0
2026-08-26T07:45:30Z,0.76,"5 km WNW of The Geysers, CA",41.8,1.6,100.0,100sps,0.897,0.859,2.968,6.63,3.31,5.954,337.5,NNW,7.2,12.43,3.23,0,0.833,0.854,1,1,0.652,0.691,1.06,0.519,2.888,5.563,1.15,1.56,1.357,0.781,0.563,1.027,1.824,7.37,0
2026-08-26T07:42:55Z,0.36,"10 km NW of The Geysers, CA",46.8,1.5,100.0,100sps,0.871,0.909,0.981,1.84,1.13,1.602,336.6,NNW,8.08,13.95,9.67,0,0.286,0.748,0,0,0.532,0.58,1.09,0.731,0.819,1.12,1.315,1.335,1.015,1.073,0.43,0.646,1.501,17.07,0
2026-08-26T07:41:27Z,1.08,"10 km NW of The Geysers, CA",46.9,1.7,100.0,100sps,0.875,0.916,1.01,1.88,1.15,1.646,336.5,NNW,8.1,13.98,7.73,0,1.496,0.041,0,1,0.508,0.504,0.992,0.775,0.889,1.146,1.339,1.337,0.998,0.994,0.396,0.459,1.158,28.69,0
2026-08-26T07:38:31Z,1.05,"10 km NW of The Geysers, CA",46.9,1.6,100.0,100sps,0.882,0.747,0.818,0.95,0.93,0.841,336.5,NNW,8.09,13.96,29.52,0,1.397,-0.22,0,0,0.517,0.529,1.024,0.542,0.628,1.158,1.537,1.269,0.826,1.24,0.402,0.434,1.079,29.04,0
2026-08-26T07:32:41Z,0.27,"6 km NW of The Geysers, CA",43.9,1.3,100.0,100sps,0.955,2.532,0.808,0.97,0.85,0.926,339.7,NNW,7.57,13.08,28.6,0,0.253,0.564,0,0,0.518,0.52,1.004,2.651,0.618,0.233,1.419,0.935,0.659,1.524,0.405,0.531,1.311,25.16,0
2026-08-26T07:17:26Z,0.79,"1 km NE of The Geysers, CA",38.6,-0.0,100.0,100sps,0.973,0.983,1.028,1.58,1.06,1.542,343.9,NNW,6.65,11.48,10.19,0,0.989,0.193,0,1,0.513,0.527,1.028,0.862,0.906,1.051,1.054,1.057,1.003,1.025,0.397,0.511,1.287,27.9,0
2026-08-26T06:55:06Z,0.71,"8 km W of Cobb, CA",45.4,0.7,100.0,100sps,1.081,1.465,0.752,0.74,0.7,0.798,339.0,NNW,7.83,13.52,29.13,0,0.666,0.078,0,0,0.52,0.534,1.026,1.497,0.519,0.347,1.097,0.812,0.74,1.387,0.408,0.495,1.215,28.06,0
2026-08-26T06:52:21Z,0.8,"9 km SE of Cloverdale, CA",44.2,6.2,100.0,100sps,1.019,1.04,0.734,0.76,0.72,0.771,321.8,NW,7.61,13.14,28.99,0,0.849,-0.042,0,0,0.513,0.52,1.012,0.928,0.509,0.548,1.108,0.806,0.727,1.391,0.403,0.523,1.296,27.28,0
2026-08-26T06:07:14Z,0.91,"7 km ESE of Cloverdale, CA",46.8,4.4,100.0,100sps,1.114,1.528,0.864,1.11,0.78,1.235,322.9,NW,8.06,13.92,17.53,0,1.015,0.085,0,0,0.516,0.515,0.998,1.508,0.712,0.472,1.464,1.328,0.907,1.101,0.401,0.458,1.142,28.11,0
2026-08-26T05:58:55Z,1.05,"24 km ENE of San Ardo, CA",317.1,0.9,100.0,100sps,1.238,1.376,0.754,0.69,0.61,0.856,145.9,SE,46.63,82.62,39.36,0,0.052,1.219,0,0,0.516,0.502,0.972,1.329,0.564,0.424,1.903,1.777,0.934,1.041,0.405,0.455,1.124,38.65,1
2026-08-26T05:56:47Z,0.91,"2 km N of The Geysers, CA",40.4,3.3,100.0,100sps,1.304,1.144,1.331,1.75,1.02,2.284,343.7,NNW,6.95,12.0,6.48,0,1.23,0.269,0,1,0.524,0.52,0.993,1.051,1.262,1.201,1.842,1.945,1.056,0.941,0.409,0.468,1.147,27.94,0
2026-08-26T05:26:45Z,0.78,"15 km N of Green Valley, CA",42.1,9.0,100.0,100sps,1.632,1.516,1.252,1.48,0.77,2.411,99.7,E,7.26,12.53,4.16,0,0.863,0.446,0,1,0.509,0.526,1.033,1.478,1.178,0.797,2.214,1.94,0.876,1.179,0.401,0.446,1.114,28.08,0
2026-08-26T05:15:38Z,0.36,"6 km WNW of The Geysers, CA",43.1,3.0,100.0,100sps,0.842,1.019,0.736,0.91,0.87,0.768,336.6,NNW,7.43,12.83,28.92,0,0.318,0.383,0,0,0.512,0.509,0.994,0.894,0.525,0.587,1.815,1.732,0.954,1.042,0.405,0.475,1.174,27.4,0
2026-08-26T05:02:20Z,2.6,"11 km NNW of Corcoran, CA",367.6,21.8,100.0,100sps,1.126,1.088,0.998,1.64,0.89,1.849,132.5,SE,50.34,89.68,4.34,0,1.25,0.17,0,0,0.504,0.51,1.013,0.991,0.876,0.884,1.896,1.867,0.985,1.028,0.398,0.45,1.131,38.33,1
2026-08-26T05:00:15Z,0.13,"5 km NNW of The Geysers, CA",42.7,0.6,100.0,100sps,1.183,1.132,1.162,1.7,0.98,2.007,341.6,NNW,7.36,12.7,6.84,0,0.19,1.024,0,1,0.521,0.505,0.97,1.014,1.079,1.064,2.331,2.049,0.879,1.104,0.412,0.443,1.075,28.68,0
2026-08-26T04:28:31Z,0.39,"3 km N of Pacifica, CA",91.1,7.6,100.0,100sps,2.059,2.39,2.305,2.5,1.12,5.14,172.1,S,15.69,27.08,3.68,0,0.121,1.629,0,1,0.536,0.509,0.951,2.49,2.346,0.942,3.431,4.389,1.279,0.743,0.431,0.454,1.053,33.58,0
2026-08-26T04:26:49Z,1.06,"8 km NW of The Geysers, CA",45.2,1.5,100.0,100sps,1.487,1.275,1.145,1.82,0.77,2.71,338.2,NNW,7.79,13.45,1.26,0,1.5,0.257,0,1,0.529,0.496,0.939,1.188,1.097,0.924,1.388,1.395,1.005,0.934,0.423,0.459,1.083,27.34,0
2026-08-26T02:17:01Z,1.17,"18 km SE of Redway, CA",196.5,9.3,100.0,100sps,2.469,2.196,1.854,1.39,0.75,3.444,333.2,NNW,30.67,54.08,9.59,0,0.196,1.245,0,0,0.521,0.516,0.991,2.237,1.857,0.83,3.205,1.914,0.597,1.659,0.417,0.509,1.219,35.94,1
2026-08-26T01:59:38Z,0.39,"8 km NW of The Geysers, CA",45.1,2.0,100.0,100sps,2.179,2.208,1.997,1.4,0.92,3.061,338.1,NNW,7.78,13.42,10.47,0,0.322,0.978,0,0,0.573,0.535,0.934,2.187,1.954,0.893,1.753,1.579,0.901,1.037,0.47,0.579,1.232,23.77,0
2026-08-26T01:58:51Z,0.67,"8 km NW of The Geysers, CA",45.2,2.2,100.0,100sps,1.992,2.32,1.799,1.32,0.9,2.632,338.1,NNW,7.78,13.43,14.11,0,0.612,0.633,0,0,0.765,0.542,0.709,2.226,1.747,0.785,1.55,1.488,0.96,0.739,0.692,0.513,0.741,28.02,0
2026-08-26T01:57:48Z,1.91,"7 km NW of The Geysers, CA",44.9,2.1,100.0,100sps,2.118,1.958,2.408,1.5,1.14,3.173,338.2,NNW,7.75,13.37,20.19,0,10.712,-0.528,0,0,0.506,1.022,2.017,1.964,2.183,1.111,1.477,1.435,0.971,2.077,0.397,2.275,5.736,3.97,0
2026-08-26T01:25:10Z,1.0,"4 km ESE of Pacifica, CA",96.8,12.0,100.0,100sps,2.269,3.141,3.938,2.45,1.74,5.549,170.8,S,16.68,28.79,18.21,0,0.448,1.093,0,1,0.544,0.547,1.005,3.247,4.124,1.27,4.78,4.85,1.015,0.991,0.444,0.525,1.184,34.06,0
2026-08-26T00:34:41Z,1.06,"5 km ENE of El Granada, CA",105.3,-0.1,100.0,100sps,2.832,3.343,3.024,1.71,1.07,4.836,170.1,S,18.16,31.34,12.91,0,0.452,1.029,0,0,0.633,0.547,0.863,3.423,3.11,0.909,3.895,4.666,1.198,0.72,0.559,0.642,1.149,19.92,0
2026-08-25T23:51:50Z,0.37,"6 km NNW of The Geysers, CA",43.7,3.4,100.0,100sps,2.999,2.472,3.274,2.07,1.09,6.198,340.1,NNW,7.53,12.99,6.78,0,0.321,1.286,0,1,0.593,0.586,0.988,2.518,3.44,1.367,2.071,2.295,1.108,0.891,0.501,0.723,1.442,17.11,0
2026-08-25T23:11:49Z,1.79,"4 km NE of Petrolia, CA",254.9,31.0,100.0,100sps,3.741,4.562,4.575,2.23,1.22,8.34,327.1,NNW,35.41,62.99,7.76,0,0.475,1.245,0,1,0.905,0.777,0.858,4.657,4.727,1.015,3.32,3.081,0.928,0.925,0.844,1.345,1.593,8.61,1
2026-08-25T23:03:06Z,2.59,"23 km W of Petrolia, CA",269.9,29.4,100.0,100sps,3.064,3.952,3.996,2.6,1.3,7.977,322.2,NW,37.45,66.62,7.32,0,2.633,0.481,0,1,0.635,0.667,1.049,4.093,4.139,1.011,4.473,3.809,0.852,1.232,0.556,0.906,1.628,18.45,1
2026-08-25T23:02:50Z,2.6,"143 km W of Ferndale, California",369.8,15.5,100.0,100sps,3.139,3.973,3.947,2.54,1.26,7.977,310.2,NW,51.36,91.39,6.81,0,1.229,0.812,0,1,0.625,0.703,1.126,4.104,4.104,1.0,4.489,3.571,0.796,1.415,0.54,0.906,1.676,20.99,1
2026-08-25T22:59:01Z,0.77,"6 km NW of The Geysers, CA",44.2,3.4,100.0,100sps,3.361,3.311,2.307,1.09,0.69,3.654,339.3,NNW,7.61,13.14,9.92,0,0.793,0.663,0,0,0.621,0.549,0.884,3.452,2.321,0.672,4.376,4.149,0.948,0.932,0.538,0.648,1.204,19.62,0
2026-08-25T22:38:13Z,1.89,"6 km NW of The Geysers, CA",43.3,3.5,100.0,100sps,4.194,5.136,4.953,1.72,1.18,7.211,337.5,NNW,7.47,12.9,11.63,0,10.721,-0.172,0,0,0.688,1.15,1.672,5.4,5.035,0.932,4.507,4.51,1.001,1.671,0.614,2.271,3.696,5.24,0
2026-08-25T22:16:52Z,0.44,"8 km NW of The Geysers, CA",45.8,1.5,100.0,100sps,5.137,4.03,5.139,1.66,1.0,8.553,338.1,NNW,7.88,13.61,11.4,0,0.354,1.383,0,0,0.903,0.679,0.752,4.123,5.401,1.31,3.746,3.773,1.007,0.747,0.861,0.699,0.813,24.58,0
2026-08-25T21:31:35Z,0.89,"1 km W of San Ramon, CA",93.8,12.7,100.0,100sps,3.476,2.861,4.074,2.43,1.17,8.446,143.2,SE,16.16,27.89,5.44,0,0.365,1.364,0,1,0.607,0.734,1.209,2.908,4.148,1.427,2.085,2.774,1.33,0.909,0.521,1.214,2.33,9.15,0
2026-08-25T21:31:15Z,1.07,"7 km NW of The Geysers, CA",44.6,1.4,100.0,100sps,3.648,3.294,4.346,1.86,1.19,6.781,338.0,NNW,7.7,13.28,10.85,0,1.561,0.638,0,1,0.591,0.83,1.404,3.38,4.431,1.311,2.06,2.491,1.209,1.162,0.504,1.577,3.129,5.1,0
2026-08-25T21:28:56Z,0.55,"2 km ESE of Pacifica, CA",95.5,7.4,100.0,100sps,3.493,3.463,6.23,5.38,1.78,18.811,171.5,S,16.45,28.4,1.9,0,0.162,2.064,0,1,0.846,0.567,0.671,3.543,6.744,1.904,2.333,3.232,1.386,0.484,0.783,0.829,1.059,10.44,0
2026-08-25T21:08:14Z,1.45,"6 km NW of The Geysers, CA",43.3,2.4,100.0,100sps,6.033,5.755,7.116,3.2,1.18,19.28,337.8,NNW,7.46,12.88,1.96,0,3.9,0.694,0,1,0.59,1.233,2.092,5.913,7.39,1.25,2.249,3.082,1.37,1.527,0.498,2.606,5.231,3.29,0
2026-08-25T20:52:42Z,0.71,"8 km W of Cobb, CA",45.5,2.2,100.0,100sps,3.684,2.94,5.05,3.17,1.37,11.669,339.0,NNW,7.84,13.53,1.77,0,0.665,1.244,0,1,0.65,0.564,0.868,3.054,5.288,1.731,1.661,2.281,1.373,0.632,0.551,0.588,1.067,24.2,0
2026-08-25T20:50:36Z,0.29,"9 km WNW of Cobb, CA",46.9,2.4,100.0,100sps,3.451,4.848,2.755,1.41,0.8,4.882,337.9,NNW,8.09,13.97,4.61,0,0.243,1.304,0,0,1.168,0.612,0.524,4.89,2.781,0.569,3.078,1.761,0.572,0.916,1.128,0.81,0.718,12.71,0
2026-08-25T19:45:28Z,1.08,"8 km SSW of Lakeport, CA",64.2,-0.8,100.0,100sps,2.474,4.353,2.673,2.2,1.08,5.43,334.9,NNW,11.06,19.1,5.12,0,0.981,0.743,0,0,0.604,0.606,1.004,4.478,2.701,0.603,2.278,2.321,1.019,0.985,0.508,0.732,1.441,21.75,0
2026-08-25T19:21:02Z,0.94,"24 km SSE of Livermore, CA",137.2,-0.9,100.0,100sps,4.062,2.458,4.752,2.31,1.17,9.38,139.9,SE,23.66,40.83,6.3,0,0.222,1.625,0,1,0.767,1.024,1.335,2.349,4.821,2.053,1.679,3.179,1.894,0.705,0.707,1.812,2.562,12.75,0
2026-08-25T19:19:42Z,0.44,"6 km WNW of Cobb, CA",45.2,1.8,100.0,100sps,3.555,4.624,1.571,0.57,0.44,2.034,341.5,NNW,7.8,13.46,23.95,0,0.36,0.752,0,0,0.756,0.66,0.872,4.799,1.458,0.304,2.616,1.646,0.629,1.387,0.651,1.198,1.84,2.75,0
2026-08-25T19:08:53Z,0.93,"23 km SSE of Livermore, CA",137.1,-0.8,100.0,100sps,2.946,3.279,2.073,1.17,0.7,3.446,140.0,SE,23.63,40.79,13.49,0,0.218,1.199,0,0,0.553,0.569,1.028,3.383,2.112,0.624,1.815,1.457,0.803,1.281,0.446,0.549,1.23,33.88,0
2026-08-25T18:05:41Z,1.04,"6 km SE of Cloverdale, CA",46.7,5.8,100.0,100sps,2.38,3.907,2.093,1.31,0.88,3.128,320.4,NW,8.05,13.9,13.53,0,1.372,0.358,0,0,0.59,0.526,0.891,4.067,2.122,0.522,2.104,1.354,0.644,1.384,0.485,0.53,1.092,24.49,0
2026-08-25T17:18:07Z,0.16,"1 km NW of The Geysers, CA",39.2,4.0,100.0,100sps,3.411,6.61,6.047,2.71,1.77,9.24,341.4,NNW,6.75,11.65,13.76,0,0.227,1.609,0,0,1.07,1.36,1.27,6.81,6.083,0.893,3.547,3.573,1.007,1.261,1.005,3.996,3.975,1.61,0
2026-08-25T16:36:48Z,0.89,"8 km ESE of Cloverdale, CA",45.7,4.6,100.0,100sps,4.119,3.988,7.145,3.59,1.73,14.774,324.4,NW,7.87,13.58,3.54,0,1.001,1.169,0,1,0.786,0.768,0.977,4.151,7.583,1.827,2.552,3.074,1.204,0.811,0.728,1.122,1.54,12.27,0
2026-08-25T15:10:14Z,0.77,"10 km NW of The Geysers, CA",46.7,2.0,100.0,100sps,3.355,3.832,2.798,1.5,0.83,5.021,334.3,NNW,8.05,13.9,8.02,0,0.738,0.833,0,1,0.902,0.964,1.068,3.894,2.75,0.706,2.97,2.828,0.952,1.122,0.85,1.967,2.314,5.36,0
2026-08-25T14:07:25Z,1.05,"9 km NW of The Geysers, CA",45.7,1.6,100.0,100sps,4.751,14.813,2.969,0.99,0.62,4.72,335.2,NNW,7.88,13.61,11.39,0,1.444,0.514,0,0,1.285,0.721,0.561,15.385,2.994,0.195,3.567,1.56,0.437,1.283,1.223,0.926,0.757,17.2,0
2026-08-25T13:42:03Z,0.74,"8 km ENE of Morgan Hill, CA",170.6,5.4,100.0,100sps,2.537,3.441,1.855,1.16,0.73,2.955,147.1,SSE,27.96,49.12,18.47,0,0.095,1.491,0,0,0.603,0.774,1.285,3.486,1.748,0.502,2.057,1.6,0.778,1.651,0.502,1.308,2.606,9.05,1
2026-08-25T12:05:18Z,2.01,"11 km WNW of Redwood Valley, CA",112.4,2.5,100.0,100sps,2.689,1.001,1.219,1.23,0.45,3.302,327.2,NNW,19.38,33.45,2.37,0,3.633,-0.041,0,1,0.531,0.553,1.041,0.89,1.12,1.257,0.815,1.116,1.37,0.76,0.416,0.646,1.551,24.84,0
2026-08-25T11:28:35Z,1.76,"6 km W of Cobb, CA",45.1,2.1,100.0,100sps,0.977,1.018,0.966,1.24,0.99,1.213,340.3,NNW,7.76,13.4,23.83,0,7.546,-0.794,0,0,0.517,0.563,1.088,0.915,0.802,0.876,1.652,1.63,0.987,1.103,0.408,0.57,1.396,27.02,0
2026-08-25T10:34:21Z,1.05,"7 km WNW of Cobb, CA",45.6,1.5,100.0,100sps,0.832,0.715,0.732,1.03,0.88,0.854,340.3,NNW,7.87,13.58,29.24,0,1.449,-0.229,0,0,0.519,0.53,1.02,0.478,0.491,1.028,0.701,0.583,0.832,1.226,0.411,0.545,1.327,24.1,0
2026-08-25T09:51:56Z,2.59,"13 km W of Round Valley, CA",360.1,15.2,100.0,100sps,0.74,0.867,0.859,2.08,1.16,1.537,107.6,ESE,50.2,89.31,6.88,0,1.29,0.076,0,0,0.518,0.515,0.995,0.702,0.697,0.994,0.682,0.706,1.036,0.961,0.402,0.487,1.209,37.79,1
2026-08-25T09:42:52Z,0.59,"12 km WSW of Toms Place, CA",351.8,3.2,100.0,100sps,0.712,0.694,0.709,1.13,1.0,0.803,106.3,ESE,50.64,89.88,39.62,0,0.014,1.767,0,0,0.511,0.523,1.022,0.456,0.469,1.028,0.89,0.91,1.022,1.0,0.402,0.454,1.129,38.92,1
2026-08-25T09:28:11Z,1.07,"7 km NW of The Geysers, CA",43.8,2.9,100.0,100sps,0.703,0.8,0.708,1.03,1.01,0.725,337.4,NNW,7.56,13.04,29.28,0,1.598,-0.343,0,0,0.531,0.51,0.96,0.611,0.478,0.783,0.851,0.881,1.035,0.928,0.415,0.471,1.135,28.28,0
2026-08-25T09:22:22Z,0.93,"2 km SSW of Round Valley, CA",371.9,10.2,100.0,100sps,0.718,0.788,0.693,1.07,0.97,0.765,107.2,ESE,52.28,92.94,39.38,0,0.026,1.47,0,0,0.526,0.509,0.968,0.586,0.455,0.776,0.928,0.914,0.984,0.983,0.417,0.475,1.139,37.55,1
2026-08-25T08:18:08Z,1.95,"14 km NNW of Susanville, CA",286.0,5.8,100.0,100sps,0.718,0.715,0.716,1.03,1.0,0.741,35.0,NE,42.2,74.74,39.37,0,0.527,0.148,0,0,0.516,0.517,1.003,0.485,0.487,1.004,0.788,0.8,1.016,0.988,0.409,0.456,1.115,39.06,1
2026-08-25T07:47:23Z,1.01,"9 km WNW of The Geysers, CA",45.7,2.2,100.0,100sps,0.89,1.014,1.554,3.26,1.75,2.903,334.8,NNW,7.88,13.61,7.58,0,1.317,0.343,0,1,0.508,0.523,1.031,0.899,1.551,1.725,0.779,1.143,1.466,0.703,0.396,0.502,1.267,28.73,0
2026-08-25T07:42:52Z,0.69,"7 km E of Cloverdale, CA",47.4,4.2,100.0,100sps,0.907,0.897,0.87,1.13,0.96,1.027,324.3,NW,8.17,14.11,29.48,0,0.601,0.232,0,0,0.572,0.508,0.888,0.672,0.705,1.05,1.538,1.557,1.013,0.877,0.474,0.461,0.971,28.6,0
2026-08-25T06:31:43Z,0.49,"11 km NW of The Geysers, CA",48.2,1.4,100.0,100sps,0.88,0.958,1.17,2.85,1.33,2.509,335.9,NNW,8.31,14.35,2.33,0,0.371,0.83,0,1,0.518,0.515,0.994,0.817,1.082,1.324,1.735,1.758,1.013,0.98,0.407,0.449,1.103,29.39,0
2026-08-25T05:41:05Z,1.08,"0 km SSW of Redwood Valley, CA",103.8,7.0,100.0,100sps,1.492,1.375,1.582,1.58,1.06,2.365,330.8,NNW,17.88,30.86,21.28,0,0.484,0.689,0,0,0.517,0.547,1.057,1.34,1.568,1.171,3.194,3.148,0.986,1.072,0.408,0.649,1.592,21.24,0
2026-08-25T05:39:21Z,0.86,"12 km W of Round Valley, CA",360.5,13.3,100.0,100sps,1.561,1.466,1.336,0.97,0.86,1.514,107.6,ESE,50.48,89.77,37.15,0,0.024,1.801,0,0,0.517,0.502,0.97,1.441,1.299,0.902,3.192,3.206,1.004,0.966,0.409,0.481,1.175,36.37,1
2026-08-25T05:00:30Z,0.28,"5 km WNW of The Geysers, CA",41.6,3.3,100.0,100sps,1.744,1.825,1.346,1.0,0.77,1.742,336.7,NNW,7.18,12.39,22.54,0,0.277,0.798,0,0,0.534,0.51,0.954,1.843,1.319,0.716,3.171,3.029,0.955,0.999,0.43,0.44,1.022,28.67,0
2026-08-25T04:58:59Z,0.7,"9 km WNW of The Geysers, CA",45.1,1.5,100.0,100sps,1.513,2.085,1.841,2.1,1.22,3.177,334.8,NNW,7.77,13.42,7.7,0,0.657,0.684,0,0,0.522,0.549,1.052,2.183,1.839,0.842,3.427,3.405,0.994,1.058,0.414,0.661,1.595,19.07,0
2026-08-25T04:50:44Z,0.32,"11 km NW of The Geysers, CA",48.3,1.6,100.0,100sps,1.821,1.613,2.907,3.46,1.6,6.299,336.0,NNW,8.32,14.36,3.31,0,0.251,1.4,0,1,0.513,0.54,1.053,1.615,3.04,1.882,2.792,3.249,1.164,0.905,0.406,0.634,1.562,23.31,0
2026-08-25T04:49:09Z,0.43,"7 km NW of The Geysers, CA",44.6,2.5,100.0,100sps,1.659,1.674,1.772,1.77,1.07,2.94,338.9,NNW,7.68,13.26,8.63,0,0.358,0.914,0,1,0.526,0.51,0.968,1.668,1.787,1.071,2.948,2.835,0.962,1.007,0.42,0.463,1.102,27.51,0
2026-08-25T04:47:59Z,1.07,"6 km NW of The Geysers, CA",43.6,3.2,100.0,100sps,1.673,1.677,1.88,1.93,1.12,3.225,339.8,NNW,7.52,12.98,7.41,0,1.609,0.302,0,0,0.536,0.507,0.946,1.662,1.888,1.136,3.119,2.977,0.954,0.991,0.434,0.44,1.013,28.24,0
2026-08-25T04:18:52Z,0.5,"8 km NW of The Geysers, CA",45.6,1.6,100.0,100sps,1.835,2.356,2.122,1.94,1.16,3.568,338.4,NNW,7.85,13.56,8.51,0,0.409,0.941,0,0,0.525,0.528,1.005,2.386,2.16,0.905,3.633,3.657,1.007,0.998,0.423,0.471,1.113,28.88,0
2026-08-25T04:11:15Z,0.76,"4 km WNW of The Geysers, CA",41.5,3.8,100.0,100sps,2.219,2.271,1.661,1.01,0.75,2.236,337.9,NNW,7.14,12.33,19.98,0,0.842,0.424,0,0,0.532,0.491,0.923,2.346,1.641,0.699,3.673,3.532,0.962,0.96,0.419,0.422,1.008,28.22,0
2026-08-25T03:47:29Z,0.95,"3 km SW of Anderson Springs, CA",35.0,1.5,100.0,100sps,1.78,1.743,1.852,1.52,1.04,2.714,346.9,NNW,6.04,10.42,13.66,0,1.617,0.225,0,0,0.517,0.528,1.021,1.744,1.843,1.057,3.457,3.415,0.988,1.033,0.412,0.567,1.379,22.5,0
2026-08-25T03:43:02Z,1.3,"13 km SSE of Livermore, CA",126.7,6.3,100.0,100sps,1.835,2.071,1.849,1.75,1.01,3.219,139.9,SE,21.84,37.7,9.7,0,0.583,0.742,0,0,0.529,0.541,1.021,2.094,1.839,0.878,3.523,3.561,1.011,1.011,0.425,0.652,1.536,23.7,0
2026-08-25T03:17:17Z,1.0,"8 km NE of Milpitas, CA",127.9,6.8,100.0,100sps,2.075,2.153,1.828,1.42,0.88,2.956,147.3,SSE,22.03,38.03,15.9,0,0.288,1.012,0,0,0.535,0.512,0.957,2.161,1.844,0.853,3.644,3.366,0.924,1.036,0.432,0.467,1.081,38.44,0
2026-08-25T03:10:14Z,0.2,"8 km NW of The Geysers, CA",45.7,1.6,100.0,100sps,2.421,2.394,5.241,4.49,2.16,10.859,338.0,NNW,7.86,13.57,5.43,0,0.204,1.725,0,1,0.557,0.57,1.023,2.438,5.454,2.237,3.632,3.852,1.061,0.965,0.458,0.68,1.486,18.71,0
2026-08-25T03:09:11Z,0.73,"8 km NW of The Geysers, CA",45.6,1.5,100.0,100sps,2.625,2.379,2.655,1.74,1.01,4.557,337.9,NNW,7.87,13.58,9.38,0,0.694,0.817,0,0,0.547,0.541,0.99,2.432,2.732,1.123,3.564,3.734,1.048,0.945,0.451,0.561,1.242,23.72,0
2026-08-25T02:28:14Z,1.04,"7 km NW of The Geysers, CA",43.9,0.6,100.0,100sps,2.776,2.138,1.901,0.93,0.68,2.587,337.2,NNW,7.56,13.05,19.69,0,1.491,0.239,0,0,0.554,0.543,0.981,2.152,1.899,0.882,3.787,3.647,0.963,1.018,0.456,0.717,1.571,9.57,0
2026-08-25T02:14:18Z,0.3,"9 km WNW of The Geysers, CA",45.3,1.9,100.0,100sps,2.68,3.018,3.411,2.28,1.27,6.123,335.0,NNW,7.81,13.49,7.18,0,0.26,1.372,0,1,0.545,0.574,1.052,3.089,3.488,1.129,4.033,4.002,0.992,1.061,0.442,0.737,1.667,10.2,0
2026-08-25T01:57:24Z,1.06,"9 km NW of Redwood Valley, CA",112.6,6.6,100.0,100sps,2.956,2.607,2.791,1.63,0.94,4.823,330.3,NNW,19.41,33.5,11.83,0,0.406,1.074,0,1,0.545,0.573,1.05,2.663,2.863,1.075,4.913,5.14,1.046,1.004,0.452,0.698,1.545,21.04,0
2026-08-25T01:56:04Z,1.47,"8 km NW of Redwood Valley, CA",112.1,7.0,100.0,100sps,2.912,3.137,2.8,1.64,0.96,4.784,330.2,NNW,19.31,33.33,9.13,0,1.053,0.657,0,1,0.569,0.542,0.954,3.253,2.874,0.884,4.524,5.045,1.115,0.855,0.466,0.531,1.14,32.11,0
2026-08-25T01:34:46Z,1.64,"9 km NW of Redwood Valley, CA",112.4,6.8,100.0,100sps,2.959,2.818,3.298,2.16,1.11,6.399,330.3,NNW,19.36,33.42,5.38,0,1.551,0.616,0,1,0.53,0.535,1.01,2.919,3.402,1.166,3.842,3.744,0.975,1.037,0.426,0.61,1.433,27.02,0
2026-08-25T01:29:23Z,1.08,"0 km E of Redwood Valley, CA",103.8,5.9,100.0,100sps,3.09,3.576,2.066,1.0,0.67,3.096,331.1,NNW,17.9,30.89,17.41,0,0.484,0.806,0,0,0.552,0.553,1.001,3.747,2.065,0.551,3.959,3.688,0.932,1.075,0.449,0.614,1.368,27.48,0
2026-08-25T01:12:10Z,0.21,"6 km WNW of Cobb, CA",45.1,1.6,100.0,100sps,2.876,3.171,2.163,1.13,0.75,3.261,340.6,NNW,7.77,13.41,13.07,0,0.213,1.185,0,0,0.548,0.531,0.969,3.238,2.183,0.674,3.498,3.325,0.951,1.02,0.449,0.551,1.229,23.47,0
2026-08-25T01:03:06Z,0.68,"9 km WNW of The Geysers, CA",45.8,2.3,100.0,100sps,3.986,2.914,4.663,2.6,1.17,10.377,334.8,NNW,7.9,13.63,3.07,0,0.615,1.227,0,1,0.56,0.839,1.498,2.989,4.712,1.577,4.034,5.119,1.269,1.18,0.461,1.204,2.611,11.74,0
2026-08-25T00:58:59Z,1.21,"9 km SE of Cloverdale, CA",43.2,4.7,100.0,100sps,3.541,2.44,3.164,1.62,0.89,5.74,319.3,NW,7.45,12.85,7.07,0,2.248,0.407,0,1,0.557,0.591,1.06,2.463,3.223,1.309,3.712,3.93,1.059,1.001,0.465,0.818,1.76,12.17,0
2026-08-25T00:57:53Z,1.41,"3 km W of Anderson Springs, CA",36.8,1.5,100.0,100sps,3.76,3.465,2.161,0.89,0.57,3.338,346.1,NNW,6.34,10.94,9.8,0,4.382,-0.118,0,0,0.542,0.554,1.022,3.576,2.165,0.606,3.438,3.694,1.074,0.951,0.435,0.643,1.478,19.89,0
2026-08-25T00:44:42Z,0.13,"9 km WNW of The Geysers, CA",45.4,3.5,100.0,100sps,3.636,6.145,2.793,1.25,0.77,4.563,334.9,NNW,7.83,13.51,8.78,0,0.175,1.416,0,0,0.885,0.601,0.679,6.385,2.836,0.444,4.733,4.305,0.91,0.747,0.844,0.753,0.891,16.62,0
2026-08-25T00:22:31Z,2.42,"9 km WNW of The Geysers, CA",45.4,1.7,100.0,100sps,3.173,4.652,10.623,8.6,3.35,27.27,334.9,NNW,7.83,13.52,3.69,1,34.193,-0.098,1,1,0.578,5.145,8.906,4.83,8.531,1.766,4.693,4.975,1.06,8.402,0.476,13.124,27.562,3.59,0
2026-08-24T23:54:46Z,1.26,"2 km N of The Geysers, CA",39.8,-0.1,100.0,100sps,4.84,2.686,3.631,2.43,0.75,11.765,343.3,NNW,6.87,11.86,1.12,0,2.801,0.623,0,1,0.551,0.58,1.053,2.774,3.742,1.349,4.736,4.783,1.01,1.043,0.445,0.975,2.194,3.5,0
2026-08-24T23:42:06Z,0.9,"2 km N of The Geysers, CA",39.7,0.6,100.0,100sps,3.21,2.984,2.868,1.4,0.89,4.507,343.2,NNW,6.84,11.8,11.68,0,1.23,0.564,0,0,0.568,0.551,0.969,3.074,2.996,0.975,3.841,3.706,0.965,1.005,0.467,0.601,1.287,23.29,0
2026-08-24T23:38:50Z,0.26,"3 km W of Cobb, CA",43.0,1.9,100.0,100sps,3.549,2.901,4.222,1.89,1.19,6.698,343.8,NNW,7.41,12.8,9.18,0,0.254,1.421,0,0,0.538,0.549,1.021,2.977,4.476,1.504,3.446,3.838,1.114,0.916,0.436,0.593,1.36,22.9,0
2026-08-24T23:21:03Z,1.09,"3 km W of Cobb, CA",43.2,2.0,100.0,100sps,3.486,3.122,2.503,1.08,0.72,3.782,343.8,NNW,7.45,12.86,13.32,0,1.705,0.346,0,0,0.546,0.545,0.998,3.215,2.552,0.794,3.725,3.68,0.988,1.01,0.441,0.603,1.366,21.08,0
2026-08-24T22:49:26Z,0.55,"11 km NNE of Morgan Hill, CA",163.6,4.4,100.0,100sps,3.438,5.258,3.791,2.93,1.1,10.072,146.7,SSE,27.23,47.79,2.38,0,0.066,2.181,0,1,0.928,0.723,0.779,5.5,3.944,0.717,4.977,2.734,0.549,1.419,0.866,1.181,1.364,11.57,1
2026-08-24T21:44:19Z,1.04,"10 km WNW of The Geysers, CA",46.4,2.4,100.0,100sps,5.174,3.902,4.878,1.46,0.94,7.541,333.9,NNW,8.0,13.81,11.31,0,1.384,0.736,0,0,0.649,0.572,0.881,3.999,5.081,1.271,3.605,3.678,1.02,0.863,0.541,0.789,1.458,11.93,0
2026-08-24T21:27:04Z,0.85,"8 km ESE of Cloverdale, CA",45.4,5.3,100.0,100sps,3.611,5.192,3.419,1.58,0.95,5.706,321.8,NW,7.82,13.51,8.07,0,0.92,0.793,0,0,0.569,0.675,1.186,5.386,3.547,0.659,2.145,1.851,0.863,1.374,0.465,1.064,2.288,8.32,0
2026-08-24T21:09:47Z,0.35,"3 km NNW of The Geysers, CA",41.2,3.4,100.0,100sps,5.3,2.376,2.95,1.11,0.56,5.897,341.6,NNW,7.09,12.25,3.87,0,0.33,1.252,0,1,0.665,0.722,1.086,2.415,2.963,1.227,1.648,1.927,1.169,0.929,0.601,1.305,2.172,5.97,0
2026-08-24T20:11:25Z,0.81,"13 km SE of Livermore, CA",127.1,7.8,100.0,100sps,3.158,4.827,5.385,4.38,1.71,13.832,139.1,SE,21.9,37.81,2.99,0,0.188,1.868,0,1,0.777,1.413,1.819,4.936,5.401,1.094,3.135,2.546,0.812,2.239,0.699,3.215,4.601,4.58,0
2026-08-24T20:03:14Z,0.89,"13 km SE of Livermore, CA",127.4,6.9,100.0,100sps,3.211,4.166,3.406,2.8,1.06,9.003,139.2,SE,21.94,37.88,2.27,0,0.225,1.603,0,1,0.637,0.641,1.006,4.363,3.525,0.808,2.42,1.475,0.61,1.651,0.535,0.719,1.345,29.35,0
2026-08-24T20:01:35Z,0.37,"6 km WNW of The Geysers, CA",42.7,2.6,100.0,100sps,4.784,2.07,4.036,1.21,0.84,5.8,337.0,NNW,7.37,12.72,13.27,0,0.33,1.245,0,0,0.571,0.624,1.091,2.087,4.163,1.995,1.728,2.443,1.414,0.772,0.468,0.991,2.116,5.45,0
2026-08-24T19:39:21Z,1.07,"3 km WNW of Anderson Springs, CA",37.8,1.8,100.0,100sps,3.682,3.247,2.573,0.89,0.7,3.269,346.5,NNW,6.51,11.23,19.34,0,1.938,0.227,0,0,0.723,0.656,0.907,3.333,2.592,0.778,1.886,1.699,0.901,1.007,0.662,0.74,1.118,23.64,0
2026-08-24T18:54:34Z,0.83,"6 km WNW of Cobb, CA",45.3,2.0,100.0,100sps,3.572,8.242,3.377,1.96,0.95,7.004,341.1,NNW,7.8,13.46,5.63,0,0.882,0.9,0,1,0.671,0.578,0.862,8.825,3.48,0.394,2.941,1.702,0.579,1.489,0.573,0.572,0.999,26.59,0
2026-08-24T18:26:19Z,1.41,"8 km S of Mineral, CA",223.7,5.9,100.0,100sps,3.529,4.722,5.754,4.07,1.63,14.37,23.9,NNE,34.47,60.84,4.37,0,0.262,1.739,0,1,0.824,0.872,1.059,4.928,5.965,1.21,2.576,2.71,1.052,1.006,0.751,2.158,2.875,2.26,1
2026-08-24T18:17:35Z,0.25,"7 km W of Cobb, CA",45.1,2.0,100.0,100sps,4.221,2.499,5.616,2.71,1.33,11.456,339.9,NNW,7.77,13.41,6.46,0,0.233,1.691,0,0,0.712,1.358,1.907,2.532,5.76,2.275,1.706,2.691,1.577,1.209,0.635,2.98,4.697,3.15,0
2026-08-24T18:13:17Z,2.26,"18 km SW of Toms Place, CA",350.2,0.6,100.0,100sps,3.298,4.599,4.795,2.75,1.45,9.067,107.3,ESE,50.76,90.04,9.35,0,0.65,1.144,0,1,1.182,0.787,0.665,4.618,5.145,1.114,2.621,2.89,1.103,0.603,1.152,1.276,1.108,15.25,1
2026-08-24T17:29:22Z,0.69,"8 km WNW of Cobb, CA",46.0,2.3,100.0,100sps,4.201,3.282,1.961,0.58,0.47,2.446,339.4,NNW,7.93,13.69,22.53,0,0.626,0.592,0,0,0.611,0.601,0.983,3.396,1.916,0.564,2.135,1.535,0.719,1.367,0.509,0.639,1.256,24.47,0
2026-08-24T17:20:09Z,1.2,"7 km NW of Pinnacles, CA",244.1,2.8,100.0,100sps,3.247,3.629,4.107,2.29,1.27,7.44,148.6,SSE,37.37,66.0,9.42,0,0.134,1.744,0,1,0.6,0.699,1.164,3.755,4.339,1.156,2.158,2.222,1.03,1.13,0.498,1.119,2.247,9.92,1
2026-08-24T17:14:10Z,0.44,"7 km NW of The Geysers, CA",44.4,3.1,100.0,100sps,6.103,3.49,3.577,0.9,0.59,5.471,338.5,NNW,7.66,13.22,13.21,0,0.368,1.172,0,0,0.569,0.538,0.944,3.572,3.692,1.034,2.119,2.319,1.094,0.863,0.463,0.544,1.176,24.64,0
2026-08-24T17:09:05Z,0.71,"4 km W of Cobb, CA",43.7,1.3,100.0,100sps,3.93,4.687,2.936,1.06,0.75,4.18,343.5,NNW,7.52,12.98,18.86,0,0.702,0.775,0,0,0.801,0.656,0.82,4.827,2.997,0.621,3.317,2.567,0.774,1.059,0.734,0.864,1.176,16.15,0
2026-08-24T16:50:27Z,1.28,"18 km SW of Toms Place, CA",350.6,1.8,100.0,100sps,3.888,2.636,3.106,1.2,0.8,4.672,107.3,ESE,50.67,89.91,17.15,0,0.068,1.838,0,0,0.622,0.809,1.3,2.643,3.127,1.183,2.653,2.817,1.062,1.224,0.52,1.578,3.036,7.69,1
2026-08-24T15:50:37Z,0.69,"7 km WNW of Cobb, CA",45.7,2.1,100.0,100sps,3.411,3.729,3.607,2.29,1.06,7.801,340.3,NNW,7.88,13.6,3.55,0,0.631,1.092,0,1,0.699,0.694,0.993,3.852,3.653,0.948,2.866,2.883,1.006,0.987,0.629,0.856,1.361,19.07,0
2026-08-24T15:14:50Z,0.61,"9 km NW of Parkfield, CA",335.3,8.9,100.0,100sps,3.409,3.844,2.584,1.78,0.76,6.058,145.4,SE,47.91,85.06,3.09,0,0.016,2.57,0,0,0.754,0.806,1.068,3.964,2.57,0.648,2.649,1.898,0.717,1.491,0.676,1.708,2.526,6.02,1
2026-08-24T15:03:03Z,0.82,"9 km ENE of Milpitas, CA",130.1,7.0,100.0,100sps,4.198,5.884,2.939,1.73,0.7,7.252,147.0,SSE,22.42,38.69,1.47,0,0.185,1.594,0,1,0.954,0.638,0.669,6.208,2.961,0.477,3.528,2.444,0.693,0.966,0.936,0.848,0.906,18.65,0
2026-08-24T14:53:18Z,0.52,"4 km WNW of The Geysers, CA",41.2,3.3,100.0,100sps,3.054,5.536,3.085,1.42,1.01,4.351,337.5,NNW,7.1,12.26,14.46,0,0.488,0.95,0,0,0.691,0.74,1.072,5.727,3.118,0.544,2.76,2.204,0.799,1.342,0.599,1.243,2.076,6.62,0
2026-08-24T14:27:38Z,0.66,"17 km NW of Parkfield, CA",327.6,2.7,100.0,100sps,3.64,4.042,3.063,1.64,0.84,5.98,145.6,SE,47.72,84.61,6.39,0,0.019,2.489,0,1,0.636,0.559,0.879,4.223,3.122,0.739,3.012,2.502,0.831,1.058,0.528,0.525,0.993,36.64,1
2026-08-24T14:15:40Z,0.84,"13 km SSW of Tres Pinos, CA",227.2,3.4,100.0,100sps,6.737,4.215,2.949,0.67,0.44,4.519,150.1,SSE,35.21,62.12,17.28,0,0.068,1.821,0,0,0.573,0.586,1.022,4.434,3.033,0.684,2.166,1.538,0.71,1.44,0.469,0.765,1.63,20.41,1
2026-08-24T14:09:10Z,2.57,"18 km SW of Toms Place, CA",350.6,3.1,100.0,100sps,3.728,2.209,6.492,4.11,1.74,15.327,107.4,ESE,50.51,89.64,4.33,0,1.323,1.064,0,1,0.568,1.323,2.329,2.229,6.761,3.033,2.289,3.749,1.638,1.422,0.461,2.53,5.489,10.2,1
2026-08-24T13:48:18Z,1.86,"19 km SW of Toms Place, CA",350.5,1.8,100.0,100sps,3.91,4.439,2.656,1.13,0.68,4.404,107.4,ESE,50.65,89.86,15.64,0,0.258,1.232,0,0,1.11,0.841,0.758,4.485,2.61,0.582,2.917,2.158,0.74,1.024,1.073,1.441,1.343,8.94,1
2026-08-24T13:39:15Z,0.42,"7 km W of Cobb, CA",45.4,2.1,100.0,100sps,2.323,2.785,2.913,4.15,1.25,9.646,339.2,NNW,7.81,13.49,1.19,0,0.342,1.45,0,1,0.602,0.605,1.004,2.816,3.005,1.067,2.598,2.314,0.891,1.128,0.507,0.711,1.401,20.83,0
2026-08-24T13:33:52Z,1.43,"19 km SW of Toms Place, CA",350.6,1.3,100.0,100sps,2.41,7.282,2.555,2.44,1.06,5.886,107.5,ESE,50.73,90.01,4.97,0,0.096,1.788,0,1,0.645,0.606,0.939,7.785,2.595,0.333,4.39,3.211,0.731,1.283,0.538,0.822,1.527,16.49,1
2026-08-24T13:24:18Z,1.85,"19 km SW of Toms Place, CA",350.5,1.7,100.0,100sps,2.085,1.964,1.511,1.17,0.72,2.442,107.4,ESE,50.67,89.91,12.12,0,0.252,0.986,0,0,0.642,0.571,0.889,1.93,1.446,0.749,1.35,1.209,0.896,0.993,0.535,0.743,1.389,14.74,1
2026-08-24T13:23:10Z,2.76,"18 km SW of Toms Place, CA",350.7,2.6,100.0,100sps,2.539,1.95,5.01,3.58,1.97,9.101,107.4,ESE,50.57,89.74,13.09,0,2.048,0.648,0,0,0.604,0.824,1.365,1.916,5.133,2.679,1.359,2.175,1.6,0.853,0.5,1.881,3.763,3.07,1
2026-08-24T13:14:29Z,1.31,"6 km NW of The Geysers, CA",43.2,2.4,100.0,100sps,4.978,1.739,1.207,0.35,0.24,1.731,337.8,NNW,7.44,12.84,15.98,0,2.836,-0.214,0,0,0.679,0.576,0.849,1.651,1.068,0.647,2.225,2.162,0.972,0.874,0.597,0.842,1.41,5.98,0
2026-08-24T13:00:47Z,0.94,"14 km WNW of Pinnacles, CA",239.8,8.3,100.0,100sps,2.053,2.92,1.763,1.2,0.86,2.46,150.3,SSE,36.17,63.94,23.59,0,0.077,1.507,0,0,0.534,0.78,1.459,3.04,1.659,0.546,1.538,1.262,0.821,1.778,0.415,1.324,3.192,6.43,1
2026-08-24T12:23:37Z,0.82,"26 km NE of Morgan Hill, CA",161.9,7.0,100.0,100sps,1.854,1.098,1.044,0.69,0.56,1.281,141.2,SE,26.68,46.85,35.03,0,0.126,1.007,0,0,0.605,0.539,0.891,0.947,0.914,0.965,1.107,1.181,1.067,0.835,0.508,0.513,1.008,36.42,1
2026-08-24T12:23:36Z,0.84,"19 km SW of Toms Place, CA",351.0,1.4,100.0,100sps,1.859,1.092,1.103,0.98,0.59,1.823,107.5,ESE,50.76,90.05,11.0,0,0.025,1.87,0,0,0.605,0.598,0.989,0.942,0.957,1.016,1.111,1.182,1.065,0.929,0.506,0.762,1.507,17.38,1
2026-08-24T12:09:41Z,1.68,"5 km NNW of The Geysers, CA",43.4,2.3,100.0,100sps,0.977,1.073,1.624,3.87,1.66,3.78,340.5,NNW,7.47,12.9,2.88,1,6.6,-0.242,0,1,0.523,0.667,1.274,0.979,1.544,1.577,2.044,2.044,1.0,1.274,0.417,0.821,1.966,15.74,0
2026-08-24T11:38:55Z,0.72,"11 km WNW of Cobb, CA",48.6,1.7,100.0,100sps,1.118,1.574,0.895,1.23,0.8,1.371,335.9,NNW,8.38,14.46,12.08,0,0.624,0.342,0,0,0.519,0.54,1.042,1.529,0.716,0.469,1.969,1.933,0.982,1.061,0.41,0.531,1.297,27.76,0
2026-08-24T11:33:00Z,0.26,"2 km N of The Geysers, CA",39.9,2.2,100.0,100sps,0.905,0.847,1.071,1.38,1.18,1.249,342.3,NNW,6.88,11.88,25.73,0,0.28,0.65,0,0,0.523,0.527,1.008,0.674,0.958,1.421,1.807,1.93,1.068,0.944,0.411,0.483,1.174,24.99,0
2026-08-24T10:25:37Z,0.73,"4 km W of Cobb, CA",43.6,2.0,100.0,100sps,0.888,0.94,0.993,2.02,1.12,1.795,343.3,NNW,7.52,12.98,5.09,0,0.736,0.387,0,0,0.529,0.493,0.932,0.787,0.876,1.113,0.954,0.999,1.047,0.89,0.416,0.458,1.1,28.51,0
2026-08-24T10:11:44Z,1.05,"6 km NW of The Geysers, CA",43.9,2.4,100.0,100sps,1.051,0.828,0.838,1.03,0.8,1.079,338.9,NNW,7.57,13.06,24.37,0,1.524,-0.15,0,0,0.521,0.517,0.993,0.635,0.658,1.036,1.945,1.878,0.965,1.029,0.412,0.51,1.237,26.82,0
2026-08-24T09:39:40Z,2.76,"19 km SW of Toms Place, CA",350.8,2.4,100.0,100sps,0.977,1.064,0.925,1.49,0.95,1.455,107.4,ESE,50.63,89.83,10.55,0,2.046,-0.148,0,1,0.533,0.519,0.973,0.932,0.764,0.819,1.151,1.106,0.961,1.013,0.429,0.542,1.265,33.39,0
2026-08-24T09:38:45Z,0.83,"17 km NW of Parkfield, CA",327.7,3.1,100.0,100sps,0.989,0.988,0.825,0.87,0.83,0.861,145.6,SE,47.69,84.56,39.77,0,0.029,1.478,0,0,0.531,0.511,0.962,0.826,0.653,0.79,1.34,0.802,0.598,1.608,0.427,0.494,1.157,37.53,1
2026-08-24T09:35:33Z,0.26,"3 km SW of Anderson Springs, CA",35.3,2.4,100.0,100sps,0.892,0.958,0.861,1.38,0.97,1.226,345.4,NNW,6.09,10.51,17.32,0,0.326,0.575,0,0,0.518,0.525,1.013,0.823,0.697,0.847,0.754,0.597,0.792,1.279,0.407,0.51,1.253,25.62,0
2026-08-24T09:19:46Z,1.18,"18 km SW of Toms Place, CA",350.9,0.3,100.0,100sps,1.325,0.897,6.385,14.25,4.82,18.888,107.3,ESE,50.88,90.26,3.01,0,0.054,2.545,1,1,0.541,0.547,1.011,0.711,6.818,9.595,2.032,3.428,1.687,0.599,0.44,0.554,1.258,34.05,1
2026-08-24T09:05:52Z,1.33,"18 km SW of Toms Place, CA",350.5,-0.1,100.0,100sps,0.997,1.089,0.858,0.99,0.86,0.99,107.3,ESE,50.87,90.23,39.29,0,0.076,1.114,0,0,0.521,0.527,1.012,0.973,0.682,0.701,0.897,0.697,0.778,1.301,0.411,0.711,1.728,15.37,1
2026-08-24T09:05:32Z,0.69,"19 km SW of Toms Place, CA",350.2,1.6,100.0,100sps,1.019,0.784,1.184,2.8,1.16,2.851,107.5,ESE,50.64,89.84,2.19,0,0.018,2.212,0,1,0.515,0.519,1.008,0.584,1.132,1.938,0.89,0.803,0.902,1.118,0.406,0.488,1.2,38.13,1
2026-08-24T08:57:38Z,2.26,"19 km SW of Toms Place, CA",350.7,2.8,100.0,100sps,1.019,0.987,1.366,2.94,1.34,2.992,107.4,ESE,50.56,89.72,3.87,0,0.648,0.665,0,1,0.526,0.567,1.079,0.853,1.29,1.512,1.938,1.99,1.027,1.051,0.411,0.771,1.873,15.1,1
2026-08-24T08:56:14Z,2.12,"19 km SW of Toms Place, CA",350.7,2.6,100.0,100sps,1.194,0.954,0.994,1.29,0.83,1.539,107.4,ESE,50.57,89.74,14.54,0,0.469,0.516,0,0,0.58,0.529,0.912,0.751,0.843,1.123,1.884,1.978,1.05,0.868,0.491,0.476,0.97,38.65,1
2026-08-24T08:54:53Z,2.7,"3 km W of Walker, CA",271.1,6.3,100.0,100sps,1.15,1.263,0.92,0.89,0.8,1.023,87.5,E,40.29,71.31,38.99,0,3.356,-0.516,0,0,0.57,0.536,0.941,1.169,0.757,0.648,2.021,1.884,0.932,1.009,0.444,0.527,1.185,33.99,0
2026-08-24T07:42:13Z,0.8,"6 km NW of The Geysers, CA",43.1,0.8,100.0,100sps,0.701,0.696,0.672,0.98,0.96,0.685,338.4,NNW,7.44,12.84,28.92,0,0.877,-0.107,0,0,0.502,0.503,1.001,0.475,0.431,0.909,1.048,0.812,0.775,1.293,0.392,0.439,1.119,28.11,0
2026-08-24T06:33:41Z,0.72,"3 km NNW of The Geysers, CA",41.3,3.4,100.0,100sps,1.408,1.077,1.614,2.17,1.15,3.051,342.4,NNW,7.12,12.29,3.73,0,0.771,0.597,0,1,0.507,0.514,1.015,0.971,1.601,1.648,1.513,4.424,2.925,0.347,0.405,0.483,1.192,26.7,0
2026-08-24T05:34:14Z,0.38,"5 km NNW of The Geysers, CA",43.5,2.9,100.0,100sps,1.472,1.626,1.84,2.22,1.25,3.266,340.2,NNW,7.5,12.95,7.72,0,0.33,0.996,0,1,0.512,0.505,0.986,1.616,1.866,1.155,1.532,1.529,0.998,0.988,0.41,0.432,1.054,28.48,0
2026-08-24T05:12:50Z,1.17,"7 km NW of The Geysers, CA",44.3,3.2,100.0,100sps,1.327,1.356,1.743,2.43,1.31,3.229,338.9,NNW,7.64,13.19,5.86,0,1.983,0.212,0,1,0.508,0.508,1.001,1.301,1.688,1.298,1.94,2.328,1.2,0.834,0.404,0.483,1.195,27.69,0
2026-08-24T04:44:53Z,0.91,"10 km E of Hidden Valley Lake, CA",44.9,11.3,100.0,100sps,1.324,4.152,2.341,3.58,1.77,4.732,20.4,NNE,7.74,13.36,5.15,0,1.071,0.645,0,0,0.533,0.58,1.087,4.14,2.342,0.566,2.905,2.979,1.025,1.06,0.434,0.827,1.904,10.22,0
2026-08-24T04:40:28Z,0.75,"7 km NW of The Geysers, CA",44.7,2.6,100.0,100sps,1.321,1.821,1.602,2.25,1.21,2.966,338.6,NNW,7.7,13.29,5.59,0,0.747,0.599,0,1,0.527,0.523,0.991,1.789,1.552,0.868,2.464,2.788,1.132,0.876,0.429,0.507,1.18,27.15,0
2026-08-24T03:09:39Z,1.24,"6 km WNW of Cobb, CA",45.2,2.0,100.0,100sps,1.827,2.061,3.531,3.71,1.93,6.781,341.5,NNW,7.78,13.42,6.5,0,2.274,0.475,0,1,0.512,0.567,1.108,2.098,3.626,1.729,2.727,3.131,1.148,0.965,0.407,0.75,1.845,10.75,0
2026-08-24T02:47:15Z,1.04,"11 km NW of The Geysers, CA",48.3,1.6,100.0,100sps,2.838,2.428,3.091,2.41,1.09,6.847,335.8,NNW,8.32,14.36,3.32,0,1.315,0.716,0,1,0.53,0.579,1.093,2.459,3.207,1.304,2.326,2.53,1.088,1.005,0.429,0.637,1.484,21.37,0
2026-08-24T02:43:46Z,1.08,"9 km NW of Pinnacles, CA",241.5,7.4,100.0,100sps,2.389,2.855,2.438,2.06,1.02,4.919,148.3,SSE,36.48,64.49,7.69,0,0.104,1.674,0,0,0.55,0.547,0.994,2.955,2.466,0.835,4.855,3.248,0.669,1.485,0.445,0.703,1.578,17.33,1
2026-08-24T02:17:46Z,0.31,"11 km WNW of Cobb, CA",48.5,0.8,100.0,100sps,2.747,2.588,4.837,5.36,1.76,14.734,335.9,NNW,8.35,14.42,1.52,0,0.244,1.782,0,1,0.693,0.729,1.052,2.566,5.051,1.968,4.429,6.116,1.381,0.762,0.604,0.89,1.474,20.71,0
2026-08-24T01:22:05Z,0.74,"11 km WNW of Cobb, CA",48.5,1.5,100.0,100sps,2.705,2.631,2.773,1.43,1.02,3.855,335.9,NNW,8.36,14.44,15.65,0,0.655,0.77,0,0,0.544,0.537,0.988,2.695,2.818,1.046,4.302,4.504,1.047,0.944,0.451,0.538,1.193,27.28,0
2026-08-24T01:10:00Z,1.52,"11 km N of Redwood Valley, CA",114.0,8.4,100.0,100sps,2.713,1.988,2.824,1.67,1.04,4.541,333.2,NNW,19.65,33.92,15.44,0,1.149,0.597,0,0,0.527,0.506,0.96,1.977,2.893,1.463,4.175,4.529,1.085,0.885,0.423,0.473,1.118,34.62,0
2026-08-24T00:05:20Z,0.94,"1 km ESE of Pinole, CA",58.5,7.5,100.0,100sps,2.362,3.766,2.398,2.11,1.02,4.989,149.9,SSE,10.08,17.39,2.74,0,0.807,0.791,0,1,0.675,0.536,0.794,3.934,2.537,0.645,4.766,4.478,0.939,0.845,0.586,0.546,0.931,26.75,0
2026-08-23T23:48:31Z,1.62,"23 km WSW of Brookings, Oregon",426.6,6.1,100.0,100sps,2.709,3.347,4.3,3.95,1.59,10.691,338.0,NNW,59.55,105.94,3.38,0,0.086,2.096,0,1,0.532,0.579,1.088,3.435,4.33,1.261,2.467,1.942,0.787,1.382,0.43,0.644,1.497,30.99,1
2026-08-23T22:41:02Z,0.86,"6 km WNW of The Geysers, CA",43.2,2.9,100.0,100sps,2.659,7.062,2.742,1.49,1.03,3.972,336.8,NNW,7.45,12.86,12.79,0,1.004,0.597,0,0,0.59,0.567,0.961,7.314,2.818,0.385,4.933,3.785,0.767,1.253,0.484,0.651,1.343,18.3,0
2026-08-23T21:55:51Z,1.42,"10 km NW of Parkfield, CA",335.2,10.4,100.0,100sps,2.436,2.979,2.851,1.9,1.17,4.623,145.4,SE,47.71,84.73,11.93,0,0.105,1.642,0,1,0.642,0.553,0.862,3.049,2.904,0.953,3.794,3.892,1.026,0.84,0.555,0.691,1.245,15.92,1
2026-08-23T21:38:33Z,0.7,"10 km NW of The Geysers, CA",46.5,2.2,100.0,100sps,3.654,3.605,2.459,1.03,0.67,3.751,334.4,NNW,8.01,13.82,13.57,0,0.632,0.773,0,0,0.542,0.564,1.04,3.722,2.492,0.67,3.746,3.598,0.961,1.083,0.439,0.709,1.618,10.9,0
2026-08-23T20:41:45Z,1.22,"7 km NE of San Martin, CA",175.1,4.0,100.0,100sps,2.332,2.128,3.178,2.84,1.36,6.627,147.2,SSE,28.69,50.4,5.2,0,0.274,1.383,0,1,0.543,0.615,1.132,2.137,3.287,1.538,3.477,3.734,1.074,1.054,0.44,0.758,1.722,21.35,1
2026-08-23T19:49:51Z,0.42,"8 km WNW of Cobb, CA",46.0,2.2,100.0,100sps,2.435,2.184,4.391,3.0,1.8,7.295,339.3,NNW,7.91,13.66,9.62,0,0.337,1.336,0,0,0.549,0.627,1.143,2.206,4.552,2.063,1.998,2.658,1.331,0.859,0.434,0.794,1.829,15.73,0
2026-08-23T19:25:39Z,2.13,"8 km WNW of La Porte, CA",192.7,9.9,100.0,100sps,4.424,3.082,3.425,1.58,0.77,7.0,43.5,NE,30.14,53.12,5.84,0,1.857,0.576,0,0,0.57,0.572,1.004,3.163,3.531,1.116,2.439,2.338,0.958,1.047,0.462,0.947,2.049,6.27,1
2026-08-23T18:55:28Z,0.22,"7 km W of Cobb, CA",45.7,1.6,100.0,100sps,2.441,3.17,3.344,2.79,1.37,6.816,339.2,NNW,7.86,13.57,1.57,0,0.214,1.503,0,1,0.548,0.535,0.975,3.264,3.486,1.068,1.937,2.128,1.098,0.888,0.446,0.538,1.206,23.19,0
2026-08-23T17:25:49Z,1.51,"6 km WNW of Cobb, CA",45.3,1.9,100.0,100sps,3.957,2.275,3.738,1.76,0.94,6.965,341.1,NNW,7.8,13.47,4.34,0,4.224,0.217,0,1,0.59,0.707,1.198,2.259,3.845,1.702,2.853,2.864,1.004,1.194,0.479,0.944,1.969,13.33,0
2026-08-23T16:37:45Z,0.82,"7 km NW of The Geysers, CA",44.0,2.5,100.0,100sps,2.457,2.813,3.499,2.07,1.42,5.086,337.2,NNW,7.59,13.1,13.77,0,0.894,0.755,0,0,0.589,0.616,1.046,2.921,3.581,1.226,2.23,2.431,1.09,0.959,0.477,0.692,1.45,23.27,0
2026-08-23T16:37:41Z,1.31,"7 km NW of The Geysers, CA",44.0,2.9,100.0,100sps,2.472,2.776,3.468,2.06,1.4,5.086,337.2,NNW,7.59,13.1,12.86,0,2.766,0.265,0,0,0.585,0.639,1.091,2.878,3.548,1.233,2.185,2.368,1.084,1.007,0.477,0.745,1.56,18.41,0
2026-08-23T15:54:47Z,1.05,"5 km WNW of Cobb, CA",44.9,1.9,100.0,100sps,2.267,2.05,1.874,1.66,0.83,3.769,341.7,NNW,7.75,13.37,4.13,0,1.478,0.406,0,1,0.543,0.536,0.987,2.064,1.865,0.903,1.434,1.247,0.87,1.134,0.428,0.565,1.321,23.66,0
2026-08-23T14:28:53Z,0.29,"4 km NNW of The Geysers, CA",42.3,0.9,100.0,100sps,1.62,1.779,1.947,2.78,1.2,4.51,340.7,NNW,7.29,12.58,2.36,0,0.278,1.21,0,1,0.53,0.548,1.035,1.78,1.962,1.102,2.268,2.179,0.961,1.077,0.406,0.583,1.435,20.67,0
2026-08-23T14:03:32Z,0.85,"15 km SSW of Ridgemark, CA",222.4,5.2,100.0,100sps,1.552,2.108,1.215,1.14,0.78,1.775,151.6,SSE,34.4,60.7,20.27,0,0.073,1.386,0,0,0.533,0.526,0.987,2.115,1.152,0.545,2.186,0.917,0.42,2.353,0.418,0.559,1.336,33.06,1
2026-08-23T13:44:11Z,1.12,"10 km NE of Cayucos, CA",366.5,8.3,100.0,100sps,1.508,1.319,1.616,2.67,1.07,4.033,153.3,SSE,51.84,92.12,4.17,0,0.042,1.985,0,1,0.544,0.517,0.95,1.244,1.592,1.279,0.978,1.097,1.122,0.847,0.43,0.487,1.133,37.49,1
2026-08-23T13:21:11Z,1.75,"7 km WSW of Gilroy, CA",184.8,4.7,100.0,100sps,1.335,0.891,1.374,2.08,1.03,2.771,151.9,SSE,29.81,52.43,4.55,0,0.839,0.519,0,0,0.515,0.512,0.996,0.741,1.314,1.774,0.759,1.022,1.346,0.74,0.404,0.477,1.181,38.42,1
2026-08-23T12:22:55Z,1.9,"16 km W of Cape Vizcaino, CA",185.4,4.8,100.0,100sps,1.101,1.2,0.946,1.0,0.86,1.107,319.9,NW,29.86,52.54,37.81,0,1.178,-0.027,0,0,0.53,0.533,1.007,1.132,0.785,0.694,0.783,0.83,1.06,0.95,0.414,0.558,1.348,37.23,0
2026-08-23T11:30:44Z,0.74,"4 km WNW of The Geysers, CA",41.4,3.5,100.0,100sps,0.974,0.911,1.357,2.84,1.39,2.77,338.0,NNW,7.13,12.31,5.48,0,0.806,0.536,0,1,0.526,0.529,1.005,0.768,1.275,1.661,0.636,0.659,1.037,0.969,0.408,0.459,1.124,28.16,0
2026-08-23T11:22:03Z,1.11,"11 km ESE of Gilroy, CA",194.3,6.2,100.0,100sps,0.991,1.062,1.052,1.79,1.06,1.774,147.7,SSE,30.8,54.25,8.28,0,0.174,1.008,0,0,0.521,0.55,1.057,0.95,0.917,0.966,1.042,0.997,0.957,1.105,0.409,0.52,1.271,37.59,1
2026-08-23T11:03:36Z,0.31,"7 km NW of The Geysers, CA",43.9,2.6,100.0,100sps,1.032,0.931,0.772,0.89,0.75,0.915,336.8,NNW,7.57,13.06,28.02,0,0.277,0.519,0,0,0.522,0.544,1.042,0.789,0.54,0.684,0.961,0.858,0.893,1.167,0.403,0.567,1.406,25.57,0
2026-08-23T10:34:13Z,1.1,"7 km NW of The Geysers, CA",43.9,2.8,100.0,100sps,0.875,0.783,0.812,0.98,0.93,0.857,337.0,NNW,7.56,13.06,28.69,0,1.71,-0.3,0,0,0.523,0.522,0.999,0.575,0.615,1.069,0.815,0.667,0.818,1.221,0.405,0.462,1.142,28.0,0
2026-08-23T10:28:27Z,1.76,"10 km N of Lake Pillsbury, CA",120.5,10.6,100.0,100sps,0.865,0.803,0.769,0.91,0.89,0.784,346.3,NNW,20.7,35.8,38.23,0,1.827,-0.367,0,0,0.52,0.509,0.979,0.61,0.57,0.934,0.956,0.956,1.0,0.98,0.409,0.448,1.094,36.94,0
2026-08-23T10:07:23Z,1.46,"39 km S of Qualeys Camp, NV",356.6,11.6,100.0,100sps,0.865,0.843,0.815,1.16,0.94,1.001,97.6,E,50.22,89.26,38.94,0,0.098,1.008,0,0,0.521,0.519,0.996,0.658,0.622,0.945,0.893,1.836,2.056,0.485,0.41,0.582,1.418,29.85,1
2026-08-23T09:58:57Z,0.33,"4 km NNW of The Geysers, CA",42.0,2.1,100.0,100sps,0.83,0.807,0.849,1.12,1.02,0.929,341.0,NNW,7.23,12.49,28.94,0,0.308,0.48,0,0,0.538,0.53,0.986,0.591,0.653,1.104,2.152,2.123,0.986,0.999,0.417,0.486,1.165,27.58,0
2026-08-23T09:37:08Z,2.58,"10 km N of Lake Pillsbury, CA",120.3,12.4,100.0,100sps,1.058,1.489,0.894,0.99,0.84,1.049,346.4,NNW,20.51,35.47,36.55,0,12.102,-1.062,0,0,0.512,0.59,1.152,1.508,0.669,0.444,0.987,0.871,0.883,1.305,0.396,0.682,1.722,24.07,0
2026-08-23T09:32:03Z,0.42,"8 km NW of The Geysers, CA",45.6,2.4,100.0,100sps,0.78,0.859,0.806,1.16,1.03,0.901,338.3,NNW,7.87,13.58,29.29,0,0.34,0.424,0,0,0.51,0.526,1.031,0.682,0.603,0.885,1.071,0.969,0.905,1.139,0.408,0.493,1.209,28.73,0
2026-08-23T09:25:01Z,0.69,"6 km W of Cobb, CA",45.0,1.9,100.0,100sps,0.959,0.796,0.79,0.84,0.82,0.808,340.6,NNW,7.76,13.4,29.28,0,0.644,0.099,0,0,0.528,0.522,0.988,0.585,0.58,0.992,1.062,0.953,0.897,1.101,0.417,0.521,1.25,27.02,0
2026-08-23T09:19:38Z,0.5,"8 km WNW of Cobb, CA",46.2,2.1,100.0,100sps,0.793,0.818,0.989,2.07,1.25,1.643,339.1,NNW,7.96,13.73,6.65,0,0.402,0.611,0,0,0.564,0.532,0.944,0.58,0.851,1.467,2.654,2.68,1.01,0.934,0.449,0.495,1.103,27.61,0
2026-08-23T09:04:17Z,1.14,"5 km NW of Pinnacles, CA",245.3,3.5,100.0,100sps,1.048,0.895,0.844,0.91,0.81,0.949,148.5,SSE,37.44,66.14,39.51,0,0.116,0.914,0,0,0.526,0.521,0.991,0.74,0.656,0.887,0.89,0.998,1.122,0.883,0.415,0.526,1.269,35.77,1
2026-08-23T09:01:38Z,0.84,"3 km NW of The Geysers, CA",40.8,2.6,100.0,100sps,1.081,0.848,2.248,5.49,2.08,5.933,340.8,NNW,7.03,12.13,3.58,0,1.034,0.759,1,1,0.521,0.528,1.014,0.669,2.281,3.408,0.594,0.813,1.369,0.741,0.407,0.615,1.512,18.72,0
2026-08-23T08:40:02Z,1.35,"5 km NNW of Redwood Valley, CA",108.3,5.1,100.0,100sps,0.881,0.769,1.06,3.03,1.2,2.668,331.5,NNW,18.67,32.22,0.87,0,0.843,0.5,0,1,0.508,0.517,1.017,0.568,0.932,1.641,1.294,1.488,1.15,0.884,0.399,0.499,1.251,34.82,0
2026-08-23T08:35:29Z,0.7,"8 km NW of The Geysers, CA",45.3,2.2,100.0,100sps,0.97,1.448,1.196,2.09,1.23,2.032,338.3,NNW,7.79,13.45,6.73,0,0.654,0.492,0,0,0.537,0.54,1.006,1.403,1.084,0.773,2.346,1.475,0.629,1.6,0.424,0.449,1.06,29.06,0
2026-08-23T08:14:59Z,1.72,"17 km SE of Silver Springs, Nevada",322.5,9.6,100.0,100sps,0.954,0.807,0.923,1.59,0.97,1.515,71.7,ENE,46.24,82.08,9.93,0,0.232,0.816,0,0,0.523,0.507,0.969,0.603,0.794,1.316,2.224,2.114,0.951,1.02,0.411,0.526,1.279,34.21,1
2026-08-23T08:04:02Z,1.17,"1 km S of Angwin, CA",19.7,-0.1,100.0,100sps,1.325,1.031,1.408,1.76,1.06,2.325,48.9,NE,3.4,5.88,7.52,0,5.419,-0.367,0,1,0.6,0.775,1.291,0.837,1.122,1.34,0.84,0.866,1.031,1.253,0.456,1.582,3.468,3.38,0
2026-08-23T07:32:29Z,0.72,"8 km NW of The Geysers, CA",45.5,1.7,100.0,100sps,1.008,0.782,1.246,2.12,1.24,2.138,338.2,NNW,7.85,13.55,7.51,0,0.68,0.498,0,1,0.506,0.538,1.063,0.588,1.162,1.977,2.112,2.135,1.011,1.052,0.395,0.478,1.21,29.07,0
2026-08-23T07:04:23Z,1.59,"4 km NW of Dyer, Nevada",404.5,6.9,100.0,100sps,1.091,0.758,2.284,4.9,2.09,5.344,100.6,E,56.72,100.87,6.95,0,0.094,1.757,0,0,0.515,0.514,0.997,0.55,2.298,4.181,0.753,1.556,2.067,0.482,0.412,0.531,1.29,34.7,1
2026-08-23T07:02:19Z,0.79,"1 km E of The Geysers, CA",37.5,0.2,100.0,100sps,0.985,1.415,0.765,0.93,0.78,0.92,343.9,NNW,6.46,11.15,28.09,0,1.027,-0.048,0,0,0.523,0.494,0.943,1.374,0.589,0.429,1.101,0.9,0.817,1.154,0.412,0.435,1.054,27.45,0
2026-08-23T06:55:58Z,1.5,"18 km SE of Lake Pillsbury, CA",96.4,4.1,100.0,100sps,1.158,1.169,1.006,1.56,0.87,1.807,351.0,N,16.61,28.68,7.58,0,1.428,0.102,0,0,0.508,0.534,1.052,1.081,0.866,0.801,1.065,1.158,1.087,0.968,0.399,0.596,1.492,28.07,0
2026-08-23T06:44:38Z,0.16,"6 km WNW of Cobb, CA",45.4,1.8,100.0,100sps,1.501,1.25,1.349,1.56,0.9,2.336,341.7,NNW,7.82,13.49,5.85,0,0.188,1.094,0,1,0.523,0.533,1.019,1.191,1.264,1.061,2.003,1.993,0.995,1.025,0.417,0.49,1.176,28.23,0
2026-08-23T06:27:07Z,0.69,"7 km NW of The Geysers, CA",44.6,3.2,100.0,100sps,1.01,1.371,1.333,3.2,1.32,3.229,338.9,NNW,7.69,13.27,3.26,0,0.652,0.695,0,1,0.51,0.516,1.012,1.305,1.243,0.952,1.149,1.07,0.931,1.087,0.401,0.451,1.126,29.13,0
2026-08-23T05:55:17Z,0.85,"6 km NNW of Pinnacles, CA",244.0,4.2,100.0,100sps,1.629,2.231,1.004,1.46,0.62,2.374,148.1,SSE,37.19,65.71,2.1,0,0.06,1.598,0,0,0.518,0.513,0.99,2.299,0.908,0.395,1.916,1.092,0.57,1.737,0.412,0.707,1.715,10.84,1
2026-08-23T05:05:09Z,1.89,"16 km E of Willow Creek, CA",284.6,27.0,100.0,100sps,2.232,2.443,2.212,1.52,0.99,3.401,345.8,NNW,39.53,70.32,16.17,0,0.465,0.865,0,0,0.525,0.525,1.001,2.47,2.278,0.922,4.797,4.727,0.986,1.015,0.409,0.517,1.264,35.55,1
2026-08-23T04:16:22Z,1.2,"8 km WSW of Paso Robles, CA",357.0,6.8,100.0,100sps,2.347,1.979,1.738,1.07,0.74,2.511,151.8,SSE,50.85,90.32,24.82,0,0.054,1.669,0,0,0.526,0.532,1.013,1.998,1.735,0.869,4.75,4.169,0.878,1.154,0.425,0.49,1.152,37.91,1
2026-08-23T03:39:01Z,1.39,"18 km SW of Toms Place, CA",350.8,2.1,100.0,100sps,1.966,2.051,2.062,1.57,1.05,3.081,107.3,ESE,50.65,89.88,18.58,0,0.087,1.548,0,0,0.537,0.508,0.945,2.099,2.071,0.987,2.98,2.249,0.755,1.252,0.426,0.501,1.177,35.25,1
2026-08-23T03:36:00Z,0.77,"8 km NW of The Geysers, CA",45.2,1.6,100.0,100sps,2.451,1.946,2.378,1.62,0.97,3.972,338.1,NNW,7.79,13.44,11.19,0,0.771,0.712,0,1,0.525,0.544,1.037,1.938,2.456,1.267,3.643,2.819,0.774,1.34,0.421,0.597,1.42,22.67,0
2026-08-23T03:16:47Z,0.96,"13 km WNW of The Geysers, CA",48.6,2.5,100.0,100sps,2.166,2.645,3.255,3.6,1.5,7.792,332.7,NNW,8.38,14.46,2.46,0,1.084,0.856,0,1,0.533,0.542,1.016,2.781,3.408,1.225,2.368,2.448,1.034,0.983,0.427,0.555,1.3,26.08,0
2026-08-23T03:10:40Z,0.93,"2 km NNW of The Geysers, CA",40.2,2.9,100.0,100sps,2.462,2.213,3.882,2.66,1.58,6.539,342.2,NNW,6.94,11.97,8.08,0,1.294,0.704,0,1,0.557,0.565,1.014,2.166,4.032,1.861,5.166,5.216,1.01,1.005,0.452,0.567,1.255,23.94,0
2026-08-23T03:02:13Z,0.77,"10 km WNW of The Geysers, CA",46.4,2.3,100.0,100sps,3.264,2.978,1.328,0.77,0.41,2.506,334.3,NNW,7.99,13.79,4.29,0,0.745,0.527,0,0,0.515,0.554,1.076,3.227,1.24,0.384,2.192,3.401,1.552,0.693,0.411,0.56,1.364,26.56,0
2026-08-23T02:51:38Z,0.75,"2 km NNW of The Geysers, CA",39.6,0.5,100.0,100sps,3.597,2.278,3.714,1.79,1.03,6.447,342.2,NNW,6.83,11.8,5.15,0,0.871,0.869,0,1,0.536,0.546,1.018,2.332,3.847,1.65,4.571,4.645,1.016,1.002,0.431,0.588,1.363,23.21,0
2026-08-23T02:35:39Z,1.24,"7 km N of Brooktrails, CA",134.9,7.2,100.0,100sps,2.308,2.064,1.707,1.23,0.74,2.85,330.5,NNW,23.23,40.14,11.59,0,0.457,0.795,0,0,0.515,0.533,1.033,2.102,1.682,0.8,1.407,1.818,1.292,0.8,0.409,0.516,1.263,37.29,0
2026-08-23T01:46:57Z,1.0,"8 km NW of Redwood Valley, CA",111.8,6.1,100.0,100sps,2.629,2.668,2.241,1.89,0.85,4.956,330.2,NNW,19.27,33.26,3.14,0,0.358,1.141,0,1,0.619,0.538,0.869,2.706,2.269,0.838,4.581,4.03,0.88,0.988,0.524,0.649,1.237,23.66,0
2026-08-23T01:18:05Z,1.38,"8 km NW of The Geysers, CA",45.3,1.8,100.0,100sps,2.582,3.556,4.114,2.77,1.59,7.142,338.2,NNW,7.82,13.49,7.88,0,3.125,0.359,0,1,0.573,0.559,0.976,3.699,4.275,1.156,4.301,4.816,1.12,0.871,0.474,0.875,1.845,5.52,0
2026-08-23T00:47:53Z,2.75,"4 km NW of Parkfield, CA",340.2,4.6,100.0,100sps,3.08,3.462,2.505,1.6,0.81,4.931,145.2,SE,49.04,87.03,6.54,0,2.167,0.357,0,0,0.583,0.553,0.949,3.596,2.555,0.71,4.124,4.068,0.986,0.962,0.476,0.595,1.252,31.91,1
2026-08-23T00:22:11Z,0.42,"1 km NW of The Geysers, CA",39.4,4.3,100.0,100sps,4.663,2.799,3.84,1.64,0.82,7.631,341.5,NNW,6.79,11.71,4.11,0,0.411,1.269,0,1,0.579,0.582,1.005,2.835,3.945,1.392,4.532,4.823,1.064,0.944,0.47,0.817,1.737,9.81,0
2026-08-22T23:59:13Z,0.31,"3 km SE of The Geysers, CA",35.7,1.5,100.0,100sps,3.934,5.023,3.284,1.46,0.83,5.742,344.6,NNW,6.15,10.61,5.35,0,0.362,1.2,0,0,0.639,0.551,0.864,5.153,3.409,0.662,3.15,2.935,0.932,0.927,0.542,0.548,1.01,27.05,0
2026-08-22T22:48:45Z,1.0,"1 km WSW of Hollister, CA",208.6,9.5,100.0,100sps,2.74,3.377,2.381,1.56,0.87,4.277,148.8,SSE,32.16,56.75,8.02,0,0.118,1.561,0,0,0.546,0.55,1.009,3.494,2.424,0.694,3.551,1.668,0.47,2.147,0.438,0.604,1.377,33.73,1
2026-08-22T22:23:53Z,0.79,"5 km NNW of Pinnacles, CA",245.1,3.9,100.0,100sps,3.858,3.495,1.866,0.69,0.48,2.678,148.1,SSE,37.37,66.02,25.34,0,0.052,1.714,0,0,0.548,0.53,0.966,3.692,1.851,0.501,3.726,3.333,0.895,1.08,0.447,0.529,1.184,34.4,1
2026-08-22T22:17:03Z,1.04,"22 km NW of Parkfield, CA",322.8,3.8,100.0,100sps,3.087,2.657,2.709,1.69,0.88,5.201,145.7,SE,46.99,83.32,4.74,0,0.048,2.032,0,0,0.525,0.56,1.066,2.799,2.754,0.984,3.438,3.448,1.003,1.063,0.417,0.587,1.407,32.65,1
2026-08-22T22:00:01Z,1.06,"6 km NW of The Geysers, CA",43.4,3.7,100.0,100sps,3.13,4.1,2.56,1.1,0.82,3.433,337.2,NNW,7.47,12.9,17.82,0,1.585,0.336,0,0,0.735,0.77,1.048,4.216,2.538,0.602,5.245,3.795,0.724,1.449,0.652,0.991,1.519,15.59,0
2026-08-22T21:40:43Z,0.88,"13 km NNW of Angwin, CA",29.0,7.0,100.0,100sps,3.546,2.72,3.255,1.63,0.92,5.77,23.2,NNE,4.99,8.61,7.44,0,1.744,0.52,0,0,0.562,0.688,1.223,2.78,3.262,1.174,3.523,3.517,0.998,1.225,0.459,1.125,2.448,6.51,0
2026-08-22T21:28:45Z,1.3,"8 km NW of The Geysers, CA",45.4,1.6,100.0,100sps,3.036,3.255,3.659,3.23,1.21,9.798,338.3,NNW,7.83,13.52,1.37,0,2.592,0.578,0,1,0.532,0.563,1.059,3.353,3.833,1.143,2.95,2.48,0.841,1.259,0.425,0.669,1.574,18.2,0
2026-08-22T21:27:07Z,0.5,"6 km NW of The Geysers, CA",43.4,2.9,100.0,100sps,2.994,2.688,4.276,2.75,1.43,8.245,339.6,NNW,7.49,12.92,7.45,0,0.435,1.277,0,0,0.55,0.54,0.982,2.746,4.449,1.62,2.988,1.9,0.636,1.544,0.449,0.641,1.428,17.28,0
2026-08-22T20:26:54Z,0.54,"2 km N of The Geysers, CA",40.3,3.6,100.0,100sps,3.322,2.569,2.212,1.45,0.67,4.813,342.6,NNW,6.95,12.0,1.88,0,0.525,0.962,0,1,0.638,0.556,0.873,2.556,2.256,0.883,1.744,1.679,0.963,0.907,0.56,0.605,1.082,19.11,0
2026-08-22T19:13:56Z,1.05,"1 km NW of The Geysers, CA",39.0,3.6,100.0,100sps,3.214,3.528,2.986,1.31,0.93,4.221,341.4,NNW,6.73,11.61,14.72,0,1.773,0.377,0,0,0.562,0.579,1.031,3.712,3.063,0.825,2.031,2.266,1.116,0.924,0.467,0.559,1.197,25.73,0
2026-08-22T19:12:26Z,0.86,"10 km WNW of The Geysers, CA",46.5,2.3,100.0,100sps,2.924,3.049,2.824,1.5,0.97,4.374,334.2,NNW,8.02,13.84,10.79,0,0.912,0.681,0,0,0.559,0.542,0.971,3.176,2.9,0.913,1.805,1.692,0.938,1.035,0.45,0.587,1.305,21.79,0
2026-08-22T18:44:50Z,0.69,"8 km NW of The Geysers, CA",45.4,2.0,100.0,100sps,2.84,3.351,2.397,1.3,0.84,3.684,338.1,NNW,7.83,13.52,10.93,0,0.636,0.763,0,0,0.57,0.546,0.957,3.43,2.44,0.711,1.855,1.861,1.003,0.954,0.463,0.526,1.134,28.29,0
2026-08-22T18:44:28Z,1.03,"4 km WNW of The Geysers, CA",41.0,1.1,100.0,100sps,2.965,2.852,2.393,1.56,0.81,4.612,338.3,NNW,7.07,12.2,5.03,0,1.59,0.463,0,0,0.553,0.542,0.981,2.899,2.403,0.829,1.84,1.628,0.885,1.108,0.439,0.488,1.113,28.46,0
2026-08-22T18:41:51Z,1.21,"4 km WNW of The Geysers, CA",40.9,0.6,100.0,100sps,2.763,3.016,3.123,1.89,1.13,5.235,338.3,NNW,7.05,12.17,7.55,0,2.415,0.336,0,0,0.554,0.565,1.02,3.132,3.281,1.048,1.897,3.122,1.646,0.62,0.447,0.565,1.262,26.12,0
2026-08-22T18:29:18Z,0.59,"22 km NW of Parkfield, CA",322.7,3.7,100.0,100sps,3.182,3.531,2.773,1.54,0.87,4.905,145.8,SE,46.98,83.3,9.77,0,0.017,2.456,0,0,0.576,0.561,0.974,3.652,2.82,0.772,2.24,1.704,0.761,1.281,0.473,0.551,1.164,36.43,1
2026-08-22T18:28:16Z,0.49,"2 km ESE of Pacifica, CA",95.4,7.7,100.0,100sps,3.411,2.292,4.49,3.85,1.32,13.129,171.4,S,16.43,28.37,1.18,0,0.142,1.967,0,1,0.571,0.603,1.056,2.32,4.674,2.015,1.773,2.636,1.486,0.711,0.467,0.686,1.468,24.72,0
2026-08-22T18:24:54Z,1.62,"1 km ESE of Pacifica, CA",95.4,9.3,100.0,100sps,3.211,3.46,3.595,2.54,1.12,8.159,172.0,S,16.43,28.36,2.89,0,1.913,0.63,0,1,0.603,0.554,0.919,3.622,3.629,1.002,2.167,2.082,0.961,0.956,0.509,0.583,1.146,29.77,0
2026-08-22T18:10:16Z,0.8,"15 km W of Ukiah, CA",103.6,1.3,100.0,100sps,2.994,2.684,2.924,1.45,0.98,4.349,320.3,NW,17.86,30.82,15.93,0,0.255,1.232,0,0,0.606,0.557,0.92,2.741,3.027,1.104,1.973,2.088,1.058,0.869,0.502,0.652,1.3,24.65,0
2026-08-22T17:26:46Z,1.55,"3 km SE of The Geysers, CA",35.3,2.8,100.0,100sps,3.08,2.38,2.625,1.1,0.85,3.399,344.9,NNW,6.09,10.51,16.95,0,6.363,-0.272,0,0,0.554,0.666,1.203,2.422,2.664,1.1,1.815,1.805,0.994,1.21,0.442,0.866,1.96,12.76,0
2026-08-22T17:13:21Z,1.79,"30 km SSE of Mina, Nevada",407.1,6.9,100.0,100sps,2.838,3.568,2.01,1.19,0.71,3.388,93.5,E,57.04,101.44,11.74,0,0.146,1.367,0,0,0.845,0.584,0.691,3.633,1.993,0.549,2.998,1.684,0.562,1.231,0.803,0.677,0.843,27.93,1
2026-08-22T17:04:59Z,0.59,"8 km ESE of Cloverdale, CA",45.6,5.8,100.0,100sps,3.081,6.346,2.809,1.34,0.91,4.113,322.2,NW,7.85,13.55,15.38,0,0.504,0.912,0,0,0.691,0.571,0.827,6.55,2.872,0.438,2.227,1.808,0.812,1.018,0.595,0.812,1.365,10.99,0
2026-08-22T16:28:30Z,1.28,"4 km NNW of The Geysers, CA",42.4,2.6,100.0,100sps,3.254,2.421,5.587,3.07,1.72,10.0,340.6,NNW,7.31,12.62,7.98,0,2.707,0.568,0,1,0.561,0.609,1.085,2.475,5.854,2.365,2.717,3.479,1.28,0.848,0.449,0.729,1.625,17.32,0
2026-08-22T16:00:35Z,0.24,"2 km E of The Geysers, CA",37.1,0.6,100.0,100sps,3.169,2.302,2.52,1.14,0.8,3.616,344.9,NNW,6.4,11.05,16.18,0,0.293,1.092,0,0,0.602,0.579,0.961,2.281,2.563,1.123,2.257,2.139,0.948,1.014,0.501,0.653,1.303,21.52,0
2026-08-22T15:53:51Z,0.89,"2 km ESE of The Geysers, CA",37.1,0.8,100.0,100sps,2.535,2.535,3.671,2.17,1.45,5.495,344.5,NNW,6.4,11.05,13.58,0,1.308,0.623,0,1,0.558,0.563,1.01,2.601,3.803,1.462,2.189,2.352,1.074,0.94,0.435,0.678,1.56,15.05,0
2026-08-22T15:06:38Z,1.68,"18 km SE of Silver Springs, Nevada",323.1,7.6,100.0,100sps,2.277,3.99,1.68,1.1,0.74,2.507,71.6,ENE,46.56,82.62,22.15,0,0.21,1.076,0,0,0.851,0.567,0.666,4.071,1.635,0.401,2.617,1.628,0.622,1.071,0.781,0.573,0.734,35.47,1
2026-08-22T14:59:06Z,0.45,"4 km SE of Pacifica, CA",97.0,6.5,100.0,100sps,3.581,2.875,2.739,1.92,0.76,6.881,171.4,S,16.71,28.84,4.34,0,0.126,1.737,0,1,0.553,0.549,0.993,2.941,2.794,0.95,2.552,1.612,0.631,1.572,0.448,0.557,1.242,30.7,0
2026-08-22T14:56:01Z,0.26,"8 km NW of The Geysers, CA",45.5,2.2,100.0,100sps,2.823,3.673,4.52,3.29,1.6,9.291,338.2,NNW,7.85,13.54,4.74,0,0.236,1.596,0,1,0.654,0.632,0.966,3.826,4.782,1.25,3.59,2.017,0.562,1.72,0.557,0.737,1.324,17.79,0
2026-08-22T14:40:11Z,1.77,"19 km W of Petrolia, CA",262.3,20.6,100.0,100sps,2.815,4.04,3.673,2.2,1.3,6.197,322.3,NW,37.41,66.4,15.88,0,0.425,1.164,0,1,0.736,0.618,0.84,4.196,3.769,0.898,2.453,2.004,0.817,1.029,0.668,0.703,1.052,30.07,1
2026-08-22T14:07:39Z,0.66,"21 km NW of Parkfield, CA",323.7,1.4,100.0,100sps,2.078,1.928,1.705,1.69,0.82,3.508,145.8,SE,47.39,83.99,5.28,0,0.02,2.244,0,0,0.545,0.524,0.962,1.967,1.668,0.848,1.629,2.31,1.418,0.678,0.427,0.491,1.151,37.28,1
2026-08-22T13:25:34Z,1.04,"8 km W of Cobb, CA",46.1,1.8,100.0,100sps,1.303,2.268,0.999,1.02,0.77,1.323,338.4,NNW,7.95,13.72,22.31,0,1.397,-0.023,0,0,0.56,0.528,0.944,2.32,0.865,0.373,1.487,1.163,0.783,1.206,0.454,0.503,1.108,26.28,0
2026-08-22T13:00:52Z,1.66,"9 km SSE of San Juan Bautista, CA",211.5,4.3,100.0,100sps,1.977,1.178,2.615,2.97,1.32,5.88,151.6,SSE,33.15,58.45,6.52,0,0.523,1.051,0,1,0.518,0.586,1.131,1.082,2.63,2.432,1.741,1.712,0.983,1.151,0.404,0.813,2.012,13.0,1
2026-08-22T12:31:20Z,0.74,"8 km NW of The Geysers, CA",45.5,1.7,100.0,100sps,0.95,0.848,1.118,1.77,1.18,1.684,338.3,NNW,7.85,13.55,10.3,0,0.712,0.374,0,0,0.515,0.542,1.054,0.68,1.008,1.483,0.828,0.798,0.963,1.094,0.4,0.539,1.347,27.2,0
2026-08-22T12:21:11Z,0.68,"10 km SSW of Ridgemark, CA",219.2,7.9,100.0,100sps,0.988,1.076,0.812,0.92,0.82,0.912,150.7,SSE,33.66,59.43,38.96,0,0.051,1.253,0,0,0.518,0.512,0.989,0.978,0.632,0.647,1.687,1.613,0.956,1.034,0.402,0.457,1.137,38.85,1
2026-08-22T12:03:41Z,1.34,"4 km WNW of The Geysers, CA",41.3,3.1,100.0,100sps,1.171,0.853,0.895,0.78,0.76,0.907,337.8,NNW,7.12,12.3,29.08,0,3.212,-0.549,0,0,0.524,0.524,1.001,0.673,0.728,1.082,0.787,0.848,1.078,0.929,0.41,0.476,1.161,28.0,0
2026-08-22T11:54:54Z,1.72,"15 km WSW of Ferndale, CA",278.6,18.8,100.0,100sps,0.951,1.107,0.985,2.31,1.04,2.195,326.7,NNW,39.64,70.37,1.23,0,0.33,0.823,0,1,0.527,0.528,1.002,0.986,0.859,0.872,1.866,1.864,0.999,1.003,0.411,0.482,1.171,38.63,1
2026-08-22T11:26:02Z,0.77,"5 km NW of The Geysers, CA",42.6,3.5,100.0,100sps,1.02,0.8,0.846,0.88,0.83,0.896,339.7,NNW,7.34,12.67,29.02,0,0.832,0.032,0,0,0.522,0.522,0.999,0.602,0.665,1.105,1.584,1.596,1.008,0.991,0.41,0.475,1.16,27.33,0
2026-08-22T11:05:34Z,0.93,"7 km NW of The Geysers, CA",45.2,2.1,100.0,100sps,0.82,1.061,1.276,2.58,1.56,2.118,338.8,NNW,7.79,13.45,9.84,0,1.113,0.279,0,0,0.529,0.533,1.006,0.939,1.215,1.294,1.373,0.785,0.571,1.761,0.416,0.468,1.125,29.28,0
2026-08-22T10:34:43Z,1.84,"6 km NW of Pinnacles, CA",244.8,2.3,100.0,100sps,0.704,0.72,0.721,1.15,1.02,0.812,148.5,SSE,37.52,66.27,39.31,0,0.582,0.145,0,0,0.518,0.527,1.016,0.491,0.486,0.991,1.538,1.535,0.998,1.018,0.407,0.481,1.183,38.53,1
2026-08-22T10:21:25Z,1.51,"9 km WNW of Cobb, CA",46.7,2.0,100.0,100sps,0.782,0.914,0.802,1.31,1.03,1.021,338.1,NNW,8.05,13.89,24.25,0,4.055,-0.599,0,0,0.531,0.539,1.016,0.764,0.579,0.757,0.775,0.568,0.734,1.385,0.412,0.561,1.363,25.65,0
2026-08-22T10:07:01Z,2.21,"10 km SSW of Ridgemark, CA",219.4,6.7,100.0,100sps,0.885,0.703,0.702,0.87,0.79,0.768,150.6,SSE,33.83,59.71,39.56,0,1.721,-0.35,0,0,0.519,0.523,1.006,0.459,0.454,0.991,1.666,1.072,0.644,1.564,0.406,0.451,1.11,38.73,0
2026-08-22T09:50:19Z,1.23,"7 km E of Redwood Valley, CA",100.1,6.9,100.0,100sps,0.719,0.693,0.955,2.2,1.33,1.579,334.3,NNW,17.25,29.78,10.13,0,0.723,0.339,0,0,0.513,0.517,1.008,0.455,0.82,1.802,0.896,0.996,1.111,0.907,0.4,0.493,1.233,33.34,0
2026-08-22T08:52:31Z,0.7,"7 km WNW of Cobb, CA",45.6,1.3,100.0,100sps,0.716,1.037,1.362,4.63,1.9,3.317,340.1,NNW,7.87,13.58,3.69,0,0.647,0.71,0,1,0.528,0.516,0.977,0.934,1.323,1.417,0.941,1.097,1.166,0.838,0.413,0.467,1.13,27.96,0
2026-08-22T08:49:02Z,0.51,"10 km E of Cloverdale, CA",45.3,5.4,100.0,100sps,0.71,0.693,0.712,1.0,1.0,0.712,327.4,NNW,7.81,13.47,29.32,0,0.422,0.228,0,0,0.508,0.525,1.033,0.459,0.466,1.016,0.791,0.791,1.0,1.033,0.398,0.479,1.202,28.64,0
2026-08-22T08:33:25Z,0.8,"3 km WNW of Anderson Springs, CA",38.6,1.7,100.0,100sps,1.268,3.941,0.715,0.57,0.56,0.723,346.8,NNW,6.66,11.49,28.54,0,1.011,-0.145,0,0,0.571,0.523,0.916,4.167,0.475,0.114,2.557,1.487,0.582,1.574,0.46,0.459,0.998,27.89,0
2026-08-22T08:23:53Z,0.68,"8 km W of Cobb, CA",45.9,1.8,100.0,100sps,1.19,1.492,0.721,0.6,0.61,0.709,338.8,NNW,7.9,13.63,29.38,0,0.614,0.063,0,0,0.525,0.536,1.022,1.442,0.466,0.323,1.568,1.426,0.91,1.123,0.418,0.502,1.202,28.36,0
2026-08-22T08:17:40Z,1.18,"16 km SE of Petrolia, CA",238.2,12.7,100.0,100sps,1.154,0.716,0.729,0.71,0.63,0.825,327.3,NNW,35.43,62.69,38.9,0,0.135,0.786,0,0,0.511,0.532,1.042,0.491,0.485,0.988,0.683,0.683,1.0,1.042,0.402,0.58,1.441,32.03,1
2026-08-22T08:17:26Z,1.0,"16 km SE of Petrolia, CA",238.6,14.8,100.0,100sps,1.292,0.705,1.895,5.69,1.47,7.354,327.3,NNW,35.2,62.33,1.85,0,0.089,1.918,0,1,0.508,0.522,1.027,0.478,1.91,3.999,0.689,0.935,1.358,0.757,0.401,0.58,1.446,29.9,1
2026-08-22T07:51:44Z,2.65,"20 km ESE of Silver Springs, Nevada",329.4,6.6,100.0,100sps,1.047,1.01,1.006,2.43,0.96,2.548,71.3,ENE,47.46,84.21,1.57,0,1.87,0.134,0,1,0.527,0.529,1.005,0.875,0.867,0.991,1.554,1.49,0.959,1.048,0.416,0.489,1.176,38.7,1
2026-08-22T07:24:46Z,0.8,"8 km W of Cobb, CA",45.7,2.2,100.0,100sps,0.977,1.152,0.733,0.74,0.75,0.718,338.9,NNW,7.87,13.59,29.46,0,0.814,-0.054,0,0,0.542,0.519,0.957,1.04,0.51,0.49,1.673,1.463,0.874,1.094,0.435,0.434,0.997,29.37,0
2026-08-22T07:14:59Z,1.92,"15 km SE of Markleeville, CA",258.6,7.9,100.0,100sps,0.993,1.077,0.839,0.91,0.85,0.904,85.2,E,38.55,68.22,39.24,0,0.62,0.164,0,0,0.59,0.524,0.888,0.913,0.654,0.716,1.389,1.446,1.041,0.853,0.457,0.484,1.059,38.01,1
2026-08-22T07:13:29Z,2.13,"29 km WNW of Petrolia, CA",276.9,22.9,100.0,100sps,0.83,0.769,0.801,1.07,0.96,0.89,322.0,NW,38.98,69.26,39.39,0,0.861,0.014,0,0,0.513,0.543,1.059,0.568,0.554,0.975,1.334,1.421,1.065,0.994,0.395,0.605,1.53,26.61,1
2026-08-22T06:57:27Z,2.37,"36 km WNW of Petrolia, CA",282.7,23.3,100.0,100sps,0.907,0.789,0.927,2.52,1.02,2.282,321.3,NW,39.66,70.5,2.11,0,1.425,0.205,0,1,0.53,0.496,0.936,0.584,0.798,1.367,1.373,0.925,0.674,1.389,0.411,0.452,1.1,39.08,1
2026-08-22T06:55:50Z,1.94,"14 km SE of Markleeville, CA",258.2,9.4,100.0,100sps,0.835,1.89,0.774,1.11,0.93,0.93,85.2,E,38.31,67.8,39.06,0,0.651,0.155,0,0,0.566,0.545,0.963,1.926,0.544,0.283,1.863,1.324,0.711,1.355,0.46,0.535,1.161,36.5,1
2026-08-22T06:54:34Z,2.29,"15 km SE of Markleeville, CA",258.8,9.1,100.0,100sps,1.76,0.791,1.298,1.52,0.74,2.682,85.3,E,38.42,68.0,7.72,0,1.451,0.267,0,0,0.535,0.535,1.0,0.577,1.232,2.134,1.324,1.463,1.105,0.905,0.423,0.64,1.513,23.72,1
2026-08-22T06:49:02Z,0.67,"6 km WNW of Cobb, CA",45.5,2.1,100.0,100sps,1.253,1.35,0.876,1.02,0.7,1.281,340.8,NNW,7.84,13.53,13.31,0,0.607,0.325,0,0,0.547,0.608,1.111,1.27,0.632,0.498,1.388,1.221,0.88,1.263,0.446,0.723,1.62,16.1,0
2026-08-22T06:00:27Z,1.13,"10 km WNW of The Geysers, CA",46.0,2.5,100.0,100sps,1.489,1.503,0.871,0.69,0.58,1.027,334.1,NNW,7.92,13.67,28.16,0,1.724,-0.225,0,0,0.587,0.527,0.897,1.437,0.693,0.482,1.8,1.796,0.998,0.899,0.485,0.518,1.067,24.97,0
2026-08-22T03:11:06Z,1.66,"27 km NW of San Simeon, CA",313.9,3.4,100.0,100sps,3.23,4.971,16.643,19.64,5.15,63.453,159.6,SSE,45.93,81.41,1.02,0,0.216,2.468,0,1,1.281,0.997,0.778,4.827,17.739,3.675,3.933,8.691,2.21,0.352,1.107,1.808,1.632,8.43,1
2026-08-22T03:03:57Z,1.91,"16 km ESE of Yosemite Valley, CA",294.7,13.1,100.0,100sps,2.344,2.512,1.558,0.94,0.66,2.211,105.8,ESE,42.36,75.16,21.66,0,0.448,0.693,0,0,0.543,0.508,0.936,2.585,1.517,0.587,4.443,2.948,0.664,1.411,0.436,0.452,1.037,38.67,1
2026-08-22T02:55:58Z,0.37,"3 km NE of Pacifica, CA",92.4,6.7,100.0,100sps,2.075,2.432,2.01,1.49,0.97,3.092,171.6,S,15.92,27.49,13.82,0,0.113,1.438,0,0,0.541,0.524,0.968,2.494,2.042,0.819,4.448,4.423,0.994,0.974,0.431,0.499,1.159,32.12,0
2026-08-22T02:22:46Z,0.93,"21 km NE of San Ardo, CA",304.7,0.8,100.0,100sps,2.906,4.53,4.244,4.46,1.46,12.966,146.4,SSE,45.11,79.88,1.7,0,0.043,2.477,0,1,0.726,0.538,0.742,4.708,4.461,0.947,3.048,2.939,0.964,0.769,0.637,0.525,0.823,36.07,1
2026-08-22T01:57:48Z,1.05,"2 km NE of The Geysers, CA",38.9,1.7,100.0,100sps,2.774,3.17,3.43,1.76,1.24,4.895,344.1,NNW,6.71,11.59,14.79,0,1.779,0.44,0,0,0.536,0.54,1.007,3.29,3.495,1.062,4.491,4.492,1.0,1.007,0.436,0.607,1.391,20.66,0
2026-08-22T01:27:26Z,1.74,"29 km WSW of Hayfork, CA",234.7,22.9,100.0,100sps,2.758,2.482,2.83,2.19,1.03,6.031,341.5,NNW,33.75,59.86,3.44,0,0.506,1.076,0,1,0.531,0.552,1.039,2.533,2.901,1.145,4.193,4.261,1.016,1.023,0.422,0.549,1.301,35.01,1
2026-08-22T01:18:15Z,0.23,"23 km NW of Parkfield, CA",321.7,4.9,100.0,100sps,2.76,3.477,5.087,4.7,1.84,12.982,146.0,SE,46.72,82.85,1.55,0,0.008,3.235,0,1,0.583,2.414,4.137,3.564,4.579,1.285,2.466,9.64,3.909,1.058,0.467,8.666,18.543,1.07,1
2026-08-22T01:15:14Z,0.37,"6 km W of Cobb, CA",43.7,1.4,100.0,100sps,3.467,2.842,2.41,1.22,0.7,4.231,340.7,NNW,7.54,13.01,9.94,0,0.32,1.121,0,0,0.559,0.522,0.935,2.915,2.495,0.856,3.928,2.888,0.735,1.271,0.455,0.535,1.177,26.35,0
2026-08-22T01:10:39Z,1.75,"19 km ESE of Silver Springs, Nevada",328.1,6.3,100.0,100sps,5.552,3.147,2.459,0.82,0.44,4.552,71.2,ENE,47.34,84.0,9.04,0,0.238,1.282,0,0,0.588,0.548,0.932,3.24,2.485,0.767,4.244,4.084,0.962,0.968,0.485,0.716,1.476,15.34,1
2026-08-22T00:32:34Z,1.72,"15 km W of Cape Vizcaino, CA",185.0,1.5,100.0,100sps,3.751,3.019,2.267,0.8,0.6,2.998,320.1,NW,30.22,53.12,24.19,0,0.781,0.584,0,0,0.566,0.517,0.913,3.099,2.282,0.737,2.076,1.618,0.779,1.172,0.473,0.576,1.219,28.43,1
2026-08-22T00:10:29Z,0.8,"3 km SE of The Geysers, CA",35.5,3.0,100.0,100sps,3.805,2.936,2.085,0.72,0.55,2.745,345.1,NNW,6.11,10.55,21.07,0,1.127,0.387,0,0,0.562,0.526,0.937,3.013,2.083,0.691,2.189,1.852,0.846,1.108,0.457,0.537,1.176,22.74,0
2026-08-21T21:52:30Z,2.32,"15 km ESE of Markleeville, CA",259.1,4.1,100.0,100sps,3.965,4.458,4.194,2.02,1.06,8.017,84.9,E,39.06,69.07,6.08,0,1.551,0.713,0,1,0.582,0.643,1.105,4.656,4.329,0.93,3.541,3.329,0.94,1.175,0.478,0.758,1.587,29.76,1
2026-08-21T21:16:42Z,0.57,"10 km NW of The Geysers, CA",47.3,1.6,100.0,100sps,4.198,2.734,4.387,1.61,1.05,6.739,336.0,NNW,8.16,14.08,13.58,0,0.458,1.168,0,0,0.588,0.905,1.538,2.841,4.421,1.556,1.891,1.932,1.022,1.506,0.496,1.433,2.888,9.54,0
2026-08-21T21:10:52Z,0.49,"6 km W of Cobb, CA",45.1,0.6,100.0,100sps,3.541,3.332,9.338,5.71,2.64,20.217,340.3,NNW,7.77,13.41,3.71,0,0.406,1.697,1,1,0.74,0.874,1.182,3.398,9.647,2.839,2.183,3.559,1.63,0.725,0.672,1.205,1.794,17.07,0
2026-08-21T20:39:55Z,0.6,"1 km SSE of Pacifica, CA",95.5,10.5,100.0,100sps,5.148,4.602,5.548,2.7,1.08,13.923,172.5,S,16.45,28.39,4.04,0,0.182,1.883,0,1,1.107,0.691,0.625,4.515,5.84,1.293,2.52,2.512,0.997,0.627,1.068,1.0,0.937,12.64,0
2026-08-21T19:51:35Z,2.08,"22 km NW of Parkfield, CA",323.1,4.4,100.0,100sps,3.322,3.689,3.867,2.7,1.16,8.963,145.7,SE,46.95,83.26,4.2,0,0.529,1.229,0,0,0.641,0.778,1.215,3.863,3.918,1.014,2.066,2.726,1.319,0.921,0.546,1.106,2.025,13.02,1
2026-08-21T19:51:24Z,0.98,"2 km ESE of The Geysers, CA",36.8,1.3,100.0,100sps,3.359,2.917,8.639,5.25,2.57,17.649,344.3,NNW,6.35,10.96,5.71,0,1.626,1.036,1,1,0.624,1.173,1.879,2.988,9.05,3.029,1.79,3.09,1.727,1.089,0.536,2.29,4.274,5.45,0
2026-08-21T18:59:33Z,0.77,"7 km NW of The Geysers, CA",44.8,2.0,100.0,100sps,9.68,2.056,6.244,1.34,0.64,12.981,339.3,NNW,7.72,13.33,3.93,0,0.779,1.222,0,1,0.585,0.597,1.02,2.043,6.678,3.269,1.378,5.239,3.801,0.268,0.487,0.691,1.42,18.96,0
2026-08-21T18:43:43Z,0.26,"4 km NNW of The Geysers, CA",42.1,2.1,100.0,100sps,5.343,3.929,4.565,1.71,0.85,9.123,341.3,NNW,7.25,12.51,4.65,0,0.261,1.543,0,1,0.854,0.694,0.813,4.049,4.765,1.177,2.253,2.201,0.977,0.833,0.778,0.939,1.208,15.52,0
2026-08-21T18:37:42Z,2.85,"8 km WNW of Corcoran, CA",370.0,26.1,100.0,100sps,3.847,4.89,9.914,7.31,2.58,28.112,133.5,SE,50.2,89.5,4.12,0,2.184,1.11,1,1,1.06,0.93,0.878,4.814,10.652,2.213,2.143,5.93,2.766,0.317,0.955,1.537,1.609,8.21,1
2026-08-21T18:32:59Z,1.73,"5 km ENE of Vallejo, CA",53.0,-0.1,100.0,100sps,3.446,3.363,3.583,1.87,1.04,6.438,133.6,SE,9.14,15.77,4.65,0,5.69,0.054,0,1,0.598,0.678,1.134,3.456,3.744,1.083,1.83,1.811,0.99,1.146,0.498,0.779,1.565,21.87,0
2026-08-21T18:23:28Z,1.6,"19 km ESE of Silver Springs, Nevada",327.7,5.6,100.0,100sps,3.916,3.767,4.353,1.86,1.11,7.273,71.3,ENE,47.37,84.04,12.56,0,0.169,1.634,0,1,0.697,0.586,0.84,3.861,4.523,1.171,2.161,2.09,0.967,0.869,0.614,0.594,0.967,34.72,1
2026-08-21T18:03:23Z,0.33,"8 km WNW of Cobb, CA",46.1,2.0,100.0,100sps,3.915,3.833,4.073,1.6,1.04,6.276,339.1,NNW,7.95,13.72,12.05,0,0.272,1.363,0,0,0.701,0.643,0.917,3.908,4.21,1.077,2.448,2.28,0.931,0.985,0.621,0.802,1.291,19.83,0
2026-08-21T18:02:25Z,1.46,"8 km WNW of Cobb, CA",45.9,2.0,100.0,100sps,3.114,3.916,4.544,3.23,1.46,10.053,339.1,NNW,7.9,13.64,3.33,0,3.697,0.434,0,1,0.709,0.729,1.028,4.055,4.655,1.148,2.542,2.197,0.864,1.19,0.621,0.976,1.572,17.07,0
2026-08-21T17:36:33Z,1.08,"11 km NNE of Cambria, CA",343.1,8.3,100.0,100sps,3.354,5.615,4.518,1.91,1.35,6.396,155.0,SSE,48.94,86.91,23.63,0,0.045,2.149,0,0,0.88,1.623,1.844,5.936,4.361,0.735,2.77,2.634,0.951,1.94,0.819,2.533,3.092,20.06,1
2026-08-21T17:29:59Z,0.47,"7 km NW of The Geysers, CA",44.1,2.8,100.0,100sps,4.301,6.432,4.053,1.97,0.94,8.481,337.6,NNW,7.6,13.11,1.94,0,0.399,1.328,0,1,1.184,0.72,0.608,6.448,4.212,0.653,2.979,2.683,0.901,0.675,1.168,0.83,0.711,20.76,0
2026-08-21T17:05:21Z,0.35,"4 km W of Cobb, CA",42.4,2.1,100.0,100sps,4.46,7.828,3.694,1.93,0.83,8.607,343.1,NNW,7.31,12.63,2.71,0,0.318,1.433,0,1,0.634,0.599,0.945,8.12,3.895,0.48,6.604,2.461,0.373,2.536,0.525,0.599,1.14,25.13,0
2026-08-21T16:01:40Z,0.39,"10 km NW of The Geysers, CA",46.4,1.9,100.0,100sps,3.597,4.483,2.721,1.6,0.76,5.759,334.5,NNW,8.0,13.8,2.64,0,0.31,1.269,0,0,1.16,0.599,0.517,4.374,2.718,0.621,2.421,1.51,0.624,0.829,1.165,0.711,0.61,20.65,0
2026-08-21T15:09:57Z,0.84,"3 km N of Port Costa, CA",56.9,8.0,100.0,100sps,3.47,2.713,4.027,1.48,1.16,5.148,137.7,SE,9.8,16.92,24.64,0,0.666,0.888,0,0,0.787,1.014,1.289,2.684,3.932,1.465,2.247,3.406,1.516,0.85,0.718,1.715,2.389,9.48,0
2026-08-21T14:48:55Z,0.67,"8 km NW of The Geysers, CA",45.6,1.5,100.0,100sps,2.941,3.77,3.486,2.16,1.19,6.34,338.1,NNW,7.86,13.56,7.52,0,0.605,1.02,0,0,0.672,0.653,0.972,3.862,3.529,0.914,2.351,2.363,1.005,0.967,0.594,1.046,1.761,6.33,0
2026-08-21T14:37:22Z,0.92,"8 km NW of The Geysers, CA",45.5,1.8,100.0,100sps,4.88,5.283,3.11,0.84,0.64,4.082,338.1,NNW,7.84,13.54,17.03,0,1.078,0.578,0,0,0.818,0.833,1.017,5.523,3.177,0.575,2.897,2.124,0.733,1.388,0.749,2.583,3.45,1.69,0
2026-08-21T14:07:37Z,0.3,"7 km NW of The Geysers, CA",44.3,2.5,100.0,100sps,4.16,6.505,4.142,1.95,1.0,8.104,336.9,NNW,7.63,13.17,7.06,0,0.268,1.481,0,1,0.673,1.178,1.75,6.829,4.05,0.593,3.354,3.263,0.973,1.799,0.57,3.38,5.928,1.98,0
2026-08-21T13:32:27Z,1.58,"14 km NW of Pinnacles, CA",237.5,5.8,100.0,100sps,2.421,2.554,2.709,2.98,1.12,7.208,149.1,SSE,36.19,63.93,4.33,0,0.341,1.325,0,1,0.566,0.561,0.99,2.577,2.792,1.084,1.459,1.935,1.327,0.746,0.453,0.615,1.36,30.68,1
2026-08-21T13:29:51Z,0.88,"14 km NNW of Pinnacles, CA",237.1,8.1,100.0,100sps,3.081,5.167,1.842,0.82,0.6,2.531,147.6,SSE,35.85,63.37,24.67,0,0.068,1.568,0,0,0.998,0.553,0.554,5.315,1.813,0.341,2.743,1.369,0.499,1.11,0.944,0.557,0.59,35.26,1
2026-08-21T13:06:40Z,0.8,"11 km NE of Coalinga, CA",324.0,9.9,100.0,100sps,1.999,3.052,2.346,2.17,1.17,4.329,139.4,SE,46.39,82.35,9.31,0,0.028,2.196,0,0,0.6,0.559,0.931,3.147,2.375,0.755,2.287,1.935,0.846,1.1,0.494,0.702,1.42,22.21,1
2026-08-21T12:39:38Z,1.27,"4 km NNE of San Leandro, CA",88.2,4.4,100.0,100sps,1.477,4.024,2.411,4.09,1.63,6.04,151.5,SSE,15.21,26.25,4.02,0,0.961,0.798,0,0,0.577,0.775,1.343,4.173,2.349,0.563,1.658,1.256,0.758,1.772,0.465,1.276,2.746,11.17,0
2026-08-21T12:16:05Z,1.08,"9 km WNW of Cobb, CA",47.1,2.1,100.0,100sps,1.495,1.3,3.427,4.78,2.29,7.144,337.9,NNW,8.11,14.01,7.1,0,1.491,0.681,0,1,0.61,0.807,1.324,1.203,3.581,2.976,0.943,3.254,3.452,0.384,0.518,1.58,3.053,5.94,0
2026-08-21T12:11:41Z,0.8,"3 km SE of Pacifica, CA",96.5,7.5,100.0,100sps,1.566,1.167,0.855,0.79,0.55,1.236,171.4,S,16.63,28.71,15.46,0,0.284,0.638,0,0,0.535,0.525,0.981,1.069,0.673,0.63,1.043,0.884,0.847,1.159,0.424,0.636,1.499,22.55,0
2026-08-21T12:05:56Z,1.11,"0 km SW of Sunol, CA",114.3,5.6,100.0,100sps,1.061,1.01,3.076,5.18,2.9,5.495,145.8,SE,19.7,34.0,11.8,0,0.445,1.091,1,1,0.545,1.004,1.843,0.895,2.946,3.291,1.716,3.341,1.947,0.947,0.438,2.083,4.757,6.98,0
2026-08-21T12:00:52Z,0.88,"7 km NW of The Geysers, CA",44.4,3.1,100.0,100sps,1.18,0.812,0.853,0.93,0.72,1.092,338.0,NNW,7.66,13.22,24.95,0,1.016,0.031,0,0,0.522,0.522,1.0,0.625,0.681,1.089,1.878,1.739,0.926,1.079,0.404,0.458,1.133,28.29,0
2026-08-21T11:55:14Z,1.46,"3 km SW of Tahoe Vista, CA",236.5,4.7,100.0,100sps,1.022,1.257,1.469,4.14,1.44,4.23,67.9,ENE,36.2,63.94,1.73,0,0.261,1.209,0,1,0.572,0.64,1.118,1.186,1.348,1.136,0.948,2.426,2.56,0.437,0.462,1.148,2.483,7.65,1
2026-08-21T11:45:34Z,1.14,"22 km ESE of Rio Dell, CA",243.5,5.2,100.0,100sps,0.839,2.189,0.886,1.27,1.06,1.064,334.3,NNW,37.01,65.4,37.8,0,0.117,0.957,0,0,0.711,0.566,0.796,2.141,0.686,0.321,1.612,0.801,0.497,1.602,0.634,0.649,1.025,29.41,1
2026-08-21T11:42:42Z,1.71,"6 km NW of Pinnacles, CA",244.5,1.9,100.0,100sps,0.876,0.898,1.971,4.4,2.25,3.853,148.6,SSE,37.53,66.27,7.47,0,0.433,0.95,0,1,0.516,0.533,1.033,0.754,1.947,2.584,1.407,1.493,1.062,0.973,0.401,0.544,1.356,35.44,1
2026-08-21T11:38:49Z,2.29,"5 km SSW of Alameda, CA",88.6,16.5,100.0,100sps,0.896,0.754,2.302,5.17,2.57,4.638,158.4,SSE,15.18,26.25,6.86,1,10.006,-0.334,1,1,0.52,1.143,2.2,0.547,1.982,3.62,1.494,1.696,1.135,1.938,0.405,1.954,4.83,9.24,0
2026-08-21T11:10:50Z,2.71,"76 km W of Petrolia, CA",310.3,10.0,100.0,100sps,0.748,0.895,0.744,1.22,0.99,0.916,315.8,NW,44.68,79.28,38.46,0,2.493,-0.435,0,0,0.521,0.518,0.995,0.736,0.53,0.72,1.528,1.386,0.907,1.097,0.409,0.501,1.224,38.64,0
2026-08-21T11:07:45Z,0.69,"3 km NNE of Cholame, CA",366.0,6.0,100.0,100sps,1.097,1.066,0.713,0.63,0.65,0.697,144.7,SE,52.06,92.48,39.41,0,0.016,1.651,0,0,0.513,0.519,1.011,0.962,0.477,0.496,1.635,1.552,0.949,1.065,0.405,0.447,1.105,39.24,1
2026-08-21T11:06:35Z,1.54,"9 km SSE of San Juan Bautista, CA",211.6,4.2,100.0,100sps,1.049,0.884,0.761,0.87,0.73,0.908,151.6,SSE,33.18,58.49,39.5,0,0.396,0.36,0,0,0.527,0.513,0.973,0.726,0.553,0.763,1.447,1.619,1.119,0.87,0.411,0.501,1.22,38.24,1
2026-08-21T09:51:59Z,0.76,"5 km WNW of The Geysers, CA",41.8,3.6,100.0,100sps,0.758,0.694,0.696,0.91,0.92,0.691,337.4,NNW,7.2,12.42,28.8,0,0.834,-0.082,0,0,0.508,0.513,1.008,0.459,0.456,0.995,1.643,1.645,1.001,1.008,0.391,0.421,1.078,28.38,0
2026-08-21T09:28:31Z,0.8,"9 km WNW of The Geysers, CA",45.5,1.9,100.0,100sps,0.752,0.712,0.932,1.71,1.24,1.29,334.5,NNW,7.85,13.55,16.38,0,0.817,0.198,0,0,0.524,0.528,1.007,0.47,0.771,1.64,1.88,2.071,1.102,0.914,0.409,0.456,1.114,28.82,0
2026-08-21T08:38:07Z,0.86,"3 km N of Healdsburg, CA",29.8,-0.4,100.0,100sps,0.824,1.384,1.625,3.08,1.97,2.54,314.6,NW,5.14,8.87,10.37,0,1.608,0.199,0,1,0.523,0.58,1.109,1.354,1.549,1.143,0.889,1.354,1.522,0.728,0.408,0.728,1.783,12.77,0
2026-08-21T08:27:17Z,1.39,"19 km ENE of Pinnacles, CA",256.2,8.1,100.0,100sps,0.756,1.835,0.764,1.52,1.01,1.146,144.1,SE,38.22,67.62,20.65,0,0.187,0.788,0,0,0.523,0.521,0.996,1.951,0.551,0.282,1.973,1.696,0.859,1.159,0.408,0.463,1.135,39.29,1
2026-08-21T08:10:23Z,0.96,"3 km SSW of Anderson Springs, CA",34.1,2.1,100.0,100sps,0.979,1.209,0.726,0.84,0.74,0.818,347.6,NNW,5.87,10.14,27.77,0,1.713,-0.321,0,0,0.513,0.526,1.025,1.127,0.487,0.432,1.197,1.156,0.966,1.061,0.404,0.571,1.414,21.05,0
2026-08-21T08:07:53Z,1.03,"5 km NW of The Geysers, CA",42.9,0.8,100.0,100sps,0.742,0.912,0.768,1.1,1.04,0.818,338.7,NNW,7.39,12.76,28.99,0,1.501,-0.264,0,0,0.523,0.524,1.003,0.77,0.559,0.726,1.087,1.164,1.07,0.937,0.413,0.467,1.13,28.7,0
2026-08-21T08:07:35Z,0.81,"9 km WNW of Cobb, CA",47.0,1.8,100.0,100sps,0.729,0.905,0.993,1.91,1.36,1.39,338.1,NNW,8.09,13.97,15.8,0,0.803,0.238,0,0,0.525,0.53,1.009,0.76,0.857,1.127,1.118,1.126,1.008,1.001,0.414,0.498,1.203,28.27,0
2026-08-21T07:55:15Z,0.45,"11 km WNW of Cobb, CA",48.3,1.9,100.0,100sps,1.141,0.767,0.865,1.04,0.76,1.184,336.1,NNW,8.33,14.38,17.9,0,0.337,0.545,0,0,0.541,0.509,0.941,0.538,0.704,1.309,1.512,1.515,1.002,0.939,0.43,0.564,1.313,20.96,0
2026-08-21T07:40:15Z,1.08,"2 km ESE of Pacifica, CA",95.4,8.8,100.0,100sps,1.187,0.737,0.906,1.12,0.76,1.332,171.9,S,16.43,28.36,12.52,0,0.552,0.383,0,1,0.512,0.512,0.999,0.523,0.771,1.475,0.6,0.677,1.129,0.885,0.399,0.436,1.093,34.84,0
2026-08-21T07:16:08Z,0.69,"6 km WNW of Cobb, CA",45.4,1.5,100.0,100sps,0.9,1.165,0.773,0.94,0.86,0.848,341.7,NNW,7.82,13.5,29.23,0,0.637,0.124,0,0,0.523,0.532,1.018,1.056,0.557,0.527,0.942,0.851,0.903,1.127,0.409,0.479,1.17,28.39,0
2026-08-21T06:38:28Z,0.27,"8 km NW of The Geysers, CA",45.6,1.8,100.0,100sps,1.11,0.899,0.744,0.74,0.67,0.822,338.1,NNW,7.84,13.54,29.18,0,0.241,0.533,0,0,0.516,0.516,1.0,0.743,0.534,0.718,0.951,0.842,0.886,1.129,0.404,0.475,1.178,28.54,0
2026-08-21T06:10:57Z,1.26,"6 km WNW of Cobb, CA",45.2,1.9,100.0,100sps,1.215,2.911,1.021,1.03,0.84,1.246,341.1,NNW,7.8,13.47,24.76,0,2.377,-0.28,0,0,0.593,0.558,0.941,2.968,0.871,0.293,1.358,0.895,0.659,1.428,0.507,0.573,1.131,23.15,0
2026-08-21T06:01:57Z,0.23,"2 km N of The Geysers, CA",39.9,1.6,100.0,100sps,1.381,1.009,0.973,0.87,0.7,1.196,343.2,NNW,6.87,11.87,24.14,0,0.261,0.661,0,0,0.511,0.539,1.056,0.891,0.828,0.929,1.491,1.456,0.976,1.081,0.404,0.518,1.283,26.43,0
2026-08-21T05:56:30Z,1.15,"14 km ESE of Boonville, CA",76.9,4.4,100.0,100sps,1.316,1.14,0.929,1.46,0.71,1.928,317.1,NW,13.26,22.89,3.2,0,0.891,0.335,0,0,0.534,0.514,0.963,1.039,0.782,0.753,1.395,1.563,1.121,0.859,0.423,0.505,1.195,31.51,0
2026-08-21T05:47:18Z,1.15,"14 km ESE of Boonville, CA",76.5,4.5,100.0,100sps,1.4,1.326,1.084,1.17,0.77,1.635,317.0,NW,13.19,22.76,13.96,0,0.898,0.26,0,0,0.522,0.509,0.974,1.263,0.977,0.774,1.647,1.324,0.804,1.212,0.405,0.492,1.216,32.13,0
2026-08-21T05:26:22Z,0.89,"11 km SE of Pinnacles, CA",260.9,6.9,100.0,100sps,1.298,1.165,2.009,2.37,1.55,3.073,147.6,SSE,38.95,68.92,12.17,0,0.057,1.734,0,1,0.539,0.529,0.981,1.052,1.984,1.886,1.641,2.127,1.297,0.757,0.428,0.489,1.142,38.79,1
2026-08-21T05:06:10Z,1.9,"7 km ESE of Williams, CA",92.3,20.4,100.0,100sps,1.125,2.174,1.053,1.52,0.94,1.709,31.8,NNE,15.36,26.57,6.9,0,3.834,-0.351,0,1,0.531,0.557,1.049,2.188,0.874,0.4,1.893,1.425,0.753,1.394,0.428,0.571,1.333,31.73,0
2026-08-21T04:19:32Z,1.8,"4 km ENE of Saint Helena, CA",20.0,8.0,100.0,100sps,2.009,2.934,5.41,5.49,2.69,11.028,67.9,ENE,3.43,5.93,6.72,1,22.797,-0.315,1,1,0.649,2.497,3.847,2.979,4.712,1.582,1.768,2.546,1.44,2.672,0.527,5.502,10.438,4.7,0
2026-08-21T04:09:27Z,1.67,"8 km ESE of Cloverdale, CA",45.5,6.9,100.0,100sps,1.719,1.392,1.607,1.74,0.94,2.997,322.5,NW,7.84,13.53,6.65,0,6.06,-0.306,0,0,0.517,0.9,1.739,1.347,1.294,0.961,1.497,1.353,0.904,1.924,0.408,1.651,4.051,6.4,0
2026-08-21T02:46:18Z,1.25,"7 km WNW of San Francisco Zoo, CA",78.4,11.0,100.0,100sps,2.173,2.743,1.582,0.97,0.73,2.102,177.1,S,13.5,23.3,23.18,0,1.092,0.284,0,0,0.54,0.546,1.011,2.852,1.567,0.549,4.162,4.121,0.99,1.021,0.428,0.591,1.379,25.41,0
2026-08-21T02:40:51Z,1.7,"8 km NW of Redwood Valley, CA",111.8,6.7,100.0,100sps,2.373,2.196,2.103,1.18,0.89,2.802,329.8,NNW,19.26,33.24,25.88,0,1.796,0.193,0,0,0.546,0.572,1.047,2.238,2.117,0.946,4.652,4.617,0.992,1.055,0.439,0.587,1.336,30.38,0
2026-08-21T01:41:00Z,0.96,"5 km WNW of Cobb, CA",45.0,1.7,100.0,100sps,2.435,3.137,2.739,2.27,1.13,5.519,341.9,NNW,7.76,13.4,4.42,0,1.198,0.663,0,0,0.552,0.57,1.033,3.238,2.781,0.859,2.68,2.528,0.943,1.095,0.448,0.56,1.25,25.78,0
2026-08-21T01:02:30Z,0.82,"4 km SE of Pinnacles, CA",254.1,4.6,100.0,100sps,4.54,3.299,3.489,1.39,0.77,6.311,148.0,SSE,38.39,67.87,7.39,0,0.051,2.091,0,1,0.61,0.585,0.959,3.339,3.593,1.076,3.505,4.736,1.351,0.71,0.505,0.67,1.328,27.11,1
2026-08-21T00:55:38Z,1.1,"6 km NNW of Pinnacles, CA",244.4,3.6,100.0,100sps,2.92,2.473,2.883,2.74,0.99,7.991,148.1,SSE,37.31,65.91,0.82,0,0.106,1.876,0,1,0.552,0.575,1.042,2.521,3.019,1.197,2.389,2.836,1.187,0.878,0.443,0.612,1.379,30.85,1
2026-08-21T00:55:11Z,1.26,"11 km N of Redwood Valley, CA",114.9,8.4,100.0,100sps,3.246,2.41,2.56,1.14,0.79,3.688,332.8,NNW,19.8,34.17,20.01,0,0.624,0.772,0,0,0.558,0.61,1.095,2.471,2.588,1.047,2.468,2.672,1.083,1.011,0.456,0.822,1.804,18.78,0
2026-08-21T00:19:37Z,1.25,"4 km E of El Granada, CA",106.7,2.0,100.0,100sps,4.035,3.147,4.263,1.89,1.06,7.631,170.6,S,18.39,31.74,9.18,0,0.686,1.046,0,1,0.657,0.627,0.954,3.234,4.538,1.403,5.083,5.195,1.022,0.933,0.577,0.948,1.643,10.35,0
2026-08-20T23:39:55Z,0.6,"2 km ESE of Pacifica, CA",95.4,7.6,100.0,100sps,4.06,3.585,6.612,4.29,1.63,17.397,171.4,S,16.44,28.38,4.17,0,0.183,1.979,0,1,0.65,0.737,1.134,3.727,7.126,1.912,2.779,7.636,2.748,0.413,0.506,1.029,2.033,17.34,0
2026-08-20T23:34:13Z,0.96,"15 km NW of Pinnacles, CA",236.0,8.8,100.0,100sps,4.167,3.757,4.125,1.97,0.99,8.198,149.1,SSE,35.63,62.99,4.68,0,0.083,1.995,0,1,0.601,0.641,1.066,3.918,4.295,1.096,4.739,4.734,0.999,1.067,0.497,0.743,1.497,28.37,1
2026-08-20T22:29:33Z,1.57,"8 km ESE of Cloverdale, CA",45.5,4.6,100.0,100sps,5.497,3.692,8.344,3.69,1.52,20.283,323.2,NW,7.84,13.53,4.12,0,4.818,0.624,0,1,0.597,0.836,1.401,3.797,8.584,2.261,1.922,2.591,1.348,1.039,0.499,1.359,2.725,8.88,0
2026-08-20T21:54:38Z,0.79,"8 km NW of The Geysers, CA",45.3,2.1,100.0,100sps,4.862,6.279,8.045,3.83,1.65,18.63,338.3,NNW,7.81,13.47,4.2,0,0.804,1.365,0,1,1.033,1.081,1.046,6.551,8.472,1.293,3.289,3.556,1.081,0.967,0.985,1.563,1.587,15.5,0
2026-08-20T21:04:34Z,0.58,"8 km ESE of Cloverdale, CA",45.9,5.6,100.0,100sps,5.694,4.135,3.75,0.88,0.66,4.993,323.3,NW,7.91,13.66,23.81,0,0.487,1.011,0,0,0.859,0.894,1.041,4.254,3.818,0.897,2.332,2.655,1.139,0.914,0.801,1.244,1.553,16.77,0
2026-08-20T20:44:56Z,0.76,"4 km NNW of The Geysers, CA",41.9,2.3,100.0,100sps,3.935,5.374,5.983,3.5,1.52,13.762,341.0,NNW,7.23,12.48,2.38,0,0.829,1.22,0,1,0.656,0.665,1.015,5.605,6.26,1.117,3.291,2.623,0.797,1.273,0.546,0.784,1.434,19.81,0
2026-08-20T20:36:58Z,1.08,"6 km NW of The Geysers, CA",44.1,2.6,100.0,100sps,4.123,3.141,3.339,1.31,0.81,5.414,338.5,NNW,7.59,13.1,8.0,0,1.625,0.523,0,0,0.584,0.624,1.068,3.247,3.499,1.078,1.855,2.047,1.104,0.967,0.484,0.819,1.692,15.98,0
2026-08-20T20:32:05Z,0.75,"8 km NW of The Geysers, CA",45.4,2.2,100.0,100sps,4.372,3.416,4.395,2.15,1.01,9.402,337.9,NNW,7.84,13.53,2.31,0,0.73,1.11,0,1,0.825,0.586,0.71,3.493,4.584,1.312,1.92,2.003,1.043,0.68,0.752,0.616,0.819,22.74,0
2026-08-20T20:31:31Z,1.79,"19 km ESE of Silver Springs, Nevada",327.4,6.3,100.0,100sps,4.001,15.038,3.812,2.29,0.95,9.181,71.2,ENE,47.25,83.83,2.88,0,0.262,1.544,0,1,0.927,0.57,0.614,15.183,3.959,0.261,3.699,1.899,0.513,1.197,0.836,0.715,0.856,20.89,1
2026-08-20T20:26:44Z,0.62,"2 km NNW of The Geysers, CA",40.1,3.5,100.0,100sps,4.22,8.247,3.361,1.21,0.8,5.126,342.2,NNW,6.9,11.92,13.12,0,0.637,0.905,0,0,0.953,0.851,0.892,8.74,3.436,0.393,3.524,1.764,0.501,1.783,0.878,1.178,1.341,12.63,0
2026-08-20T20:16:46Z,0.99,"8 km NW of The Geysers, CA",45.3,1.8,100.0,100sps,3.517,2.897,5.567,2.67,1.58,9.384,338.0,NNW,7.82,13.49,10.36,0,1.273,0.868,0,1,0.62,0.833,1.344,2.943,5.655,1.922,3.018,2.268,0.752,1.788,0.532,1.486,2.793,5.55,0
2026-08-20T20:14:41Z,1.04,"9 km NE of Alum Rock, CA",136.6,9.9,100.0,100sps,4.054,4.741,2.771,1.18,0.68,4.798,146.4,SSE,23.18,40.21,11.8,0,0.282,1.231,0,0,0.691,0.628,0.908,5.119,2.836,0.554,2.153,1.533,0.712,1.275,0.595,0.796,1.337,22.88,0
2026-08-20T20:09:17Z,1.76,"19 km NE of Upper Lake, CA",95.1,6.0,100.0,100sps,3.663,3.303,5.496,3.08,1.5,11.268,351.9,N,16.39,28.29,5.16,0,2.651,0.628,0,1,0.919,0.784,0.853,3.28,5.773,1.76,1.848,3.94,2.132,0.4,0.859,1.202,1.398,12.93,0
2026-08-20T19:32:57Z,0.89,"8 km NW of The Geysers, CA",45.4,1.9,100.0,100sps,2.744,2.411,2.541,1.66,0.93,4.543,337.9,NNW,7.81,13.49,6.31,0,1.01,0.653,0,0,0.675,0.908,1.345,2.401,2.547,1.061,1.653,1.67,1.01,1.331,0.588,2.387,4.062,2.97,0
2026-08-20T18:33:20Z,1.41,"7 km E of Santa Venetia, CA",53.8,-0.0,100.0,100sps,3.499,6.45,3.83,2.71,1.09,9.473,163.5,SSE,9.28,16.01,2.91,0,2.668,0.55,0,1,0.905,0.768,0.848,6.849,3.884,0.567,3.707,1.783,0.481,1.763,0.836,1.155,1.382,12.2,0
2026-08-20T18:24:54Z,1.23,"5 km NE of Kenwood, CA",11.6,6.5,100.0,100sps,4.028,4.933,7.202,4.72,1.79,18.999,89.7,E,2.23,3.86,2.61,1,11.649,0.212,0,1,0.637,2.245,3.525,5.145,6.691,1.3,2.322,4.123,1.776,1.985,0.521,6.802,13.061,2.56,0
2026-08-20T17:58:14Z,0.86,"1 km NNE of The Geysers, CA",39.0,0.8,100.0,100sps,3.699,7.445,2.077,0.8,0.56,2.964,343.5,NNW,6.73,11.61,12.96,0,1.146,0.413,0,0,0.912,0.673,0.737,7.844,2.014,0.257,3.508,1.974,0.563,1.31,0.848,0.714,0.842,23.32,0
2026-08-20T17:43:26Z,0.31,"11 km WNW of Cobb, CA",48.6,1.7,100.0,100sps,3.586,6.245,4.354,2.17,1.21,7.781,336.0,NNW,8.38,14.46,7.78,0,0.243,1.506,0,0,1.276,0.798,0.626,6.476,4.511,0.697,3.971,2.892,0.728,0.859,1.25,1.489,1.191,4.22,0
2026-08-20T15:23:02Z,1.8,"2 km SW of Canyondam, CA",230.8,5.9,100.0,100sps,3.372,4.873,2.695,1.37,0.8,4.629,34.3,NE,35.35,62.43,9.48,0,0.602,0.886,0,0,0.762,0.679,0.892,5.069,2.712,0.535,3.062,2.275,0.743,1.201,0.684,0.9,1.316,17.16,1
2026-08-20T15:17:52Z,0.08,"7 km WNW of The Geysers, CA",42.5,3.4,100.0,100sps,2.897,2.639,1.79,0.76,0.62,2.195,333.6,NNW,7.33,12.65,26.78,0,0.17,1.111,0,0,0.636,0.715,1.124,2.676,1.675,0.626,2.304,2.107,0.914,1.229,0.54,0.853,1.579,20.66,0
2026-08-20T14:38:57Z,0.68,"11 km ENE of Cloverdale, CA",48.6,4.8,100.0,100sps,4.025,4.338,4.652,2.97,1.16,11.969,330.2,NNW,8.38,14.46,3.56,0,0.569,1.323,0,1,0.715,0.655,0.916,4.498,4.786,1.064,2.687,2.195,0.817,1.121,0.621,0.876,1.41,16.05,0
2026-08-20T14:31:36Z,0.73,"2 km NE of The Geysers, CA",38.9,1.9,100.0,100sps,6.051,3.788,1.763,0.47,0.29,2.83,344.0,NNW,6.71,11.59,9.04,0,0.851,0.522,0,0,0.674,0.64,0.949,3.856,1.691,0.439,2.285,1.418,0.62,1.53,0.583,0.845,1.451,15.78,0
2026-08-20T14:19:03Z,0.58,"2 km ESE of Pacifica, CA",95.4,8.9,100.0,100sps,3.204,3.452,3.887,1.84,1.21,5.883,172.0,S,16.44,28.37,15.76,0,0.174,1.528,0,0,1.012,0.627,0.62,3.336,4.014,1.203,2.733,2.499,0.914,0.678,1.021,0.836,0.819,14.34,0
2026-08-20T14:10:53Z,1.0,"9 km ENE of Lopez Point, CA",284.6,3.9,100.0,100sps,3.493,3.761,1.956,1.02,0.56,3.549,158.9,SSE,42.25,74.8,10.12,0,0.06,1.773,0,0,0.755,0.624,0.827,3.854,1.947,0.505,2.435,1.554,0.638,1.295,0.68,1.021,1.5,7.49,1
2026-08-20T14:03:20Z,0.41,"8 km NW of The Geysers, CA",45.4,2.2,100.0,100sps,2.909,5.738,5.725,4.56,1.97,13.278,338.1,NNW,7.82,13.49,2.49,0,0.334,1.599,0,1,1.114,1.175,1.055,5.94,5.836,0.983,3.384,3.104,0.917,1.15,1.067,2.472,2.318,4.56,0
2026-08-20T13:51:04Z,0.25,"10 km NW of The Geysers, CA",47.2,1.2,100.0,100sps,5.116,4.496,2.059,0.52,0.4,2.644,336.4,NNW,8.13,14.03,21.2,0,0.22,1.08,0,0,0.732,1.179,1.611,4.758,1.686,0.354,2.057,1.376,0.669,2.408,0.65,2.232,3.436,7.63,0
2026-08-20T13:48:21Z,1.12,"9 km NW of The Geysers, CA",45.7,1.7,100.0,100sps,3.584,2.912,2.078,0.89,0.58,3.184,335.1,NNW,7.86,13.57,12.5,0,1.701,0.272,0,0,0.823,0.649,0.789,2.925,2.076,0.71,1.935,1.457,0.753,1.047,0.754,0.781,1.037,18.03,0
2026-08-20T13:29:19Z,0.2,"8 km WNW of Cobb, CA",46.0,1.6,100.0,100sps,2.842,2.402,3.298,1.66,1.16,4.731,339.0,NNW,7.94,13.7,13.72,0,0.202,1.369,0,1,0.841,1.088,1.294,2.327,3.254,1.399,1.446,2.597,1.796,0.721,0.773,1.678,2.17,11.44,0
2026-08-20T13:17:17Z,1.13,"8 km WNW of Cobb, CA",46.0,1.7,100.0,100sps,2.872,3.28,2.658,2.02,0.93,5.807,339.2,NNW,7.92,13.66,5.06,0,1.726,0.527,0,1,1.25,0.714,0.571,3.091,2.694,0.871,3.122,1.838,0.589,0.97,1.219,0.868,0.712,16.92,0
2026-08-20T12:48:14Z,1.0,"7 km WNW of Cobb, CA",45.7,2.2,100.0,100sps,3.033,2.353,3.017,2.23,0.99,6.775,340.4,NNW,7.87,13.59,3.49,0,1.29,0.72,0,1,0.556,0.58,1.042,2.392,3.152,1.318,2.12,2.185,1.031,1.011,0.435,0.571,1.311,24.98,0
2026-08-20T12:41:49Z,0.65,"3 km ESE of The Geysers, CA",36.5,0.0,100.0,100sps,2.416,3.256,1.007,0.57,0.42,1.367,345.1,NNW,6.3,10.87,18.23,0,0.769,0.25,0,0,0.551,0.555,1.008,3.547,0.855,0.241,2.016,1.21,0.6,1.679,0.44,0.553,1.258,25.9,0
2026-08-20T12:37:47Z,0.83,"8 km WNW of Cobb, CA",46.1,1.8,100.0,100sps,3.714,2.087,2.933,1.62,0.79,6.018,339.0,NNW,7.95,13.72,3.19,0,0.86,0.845,0,1,0.55,0.607,1.104,2.108,3.091,1.466,1.034,2.008,1.943,0.568,0.44,0.799,1.815,14.49,0
2026-08-20T12:17:47Z,0.41,"7 km NW of The Geysers, CA",44.3,2.6,100.0,100sps,4.912,2.315,3.693,1.34,0.75,6.586,338.0,NNW,7.64,13.19,6.62,0,0.345,1.281,0,1,0.813,0.929,1.143,2.266,3.682,1.625,1.22,1.954,1.602,0.714,0.745,1.307,1.754,15.71,0
2026-08-20T12:07:45Z,1.05,"3 km WSW of Cobb, CA",41.4,0.7,100.0,100sps,1.438,3.01,0.786,0.6,0.55,0.861,344.1,NNW,7.13,12.31,28.31,0,1.646,-0.282,0,0,0.563,0.551,0.979,3.101,0.545,0.176,1.692,0.575,0.34,2.88,0.447,0.636,1.422,21.64,0
2026-08-20T12:07:30Z,0.05,"3 km WSW of Cobb, CA",41.4,0.4,100.0,100sps,1.658,4.476,0.976,0.84,0.59,1.391,344.3,NNW,7.14,12.33,13.7,0,0.164,0.928,0,0,0.627,0.541,0.863,4.805,0.825,0.172,2.419,0.699,0.289,2.986,0.506,0.494,0.977,28.03,0
2026-08-20T11:53:43Z,1.18,"5 km NW of The Geysers, CA",42.8,2.8,100.0,100sps,2.426,1.042,1.035,0.84,0.43,2.027,340.2,NNW,7.38,12.74,4.45,0,2.123,-0.02,0,0,0.529,0.557,1.052,0.926,0.887,0.957,1.072,1.228,1.145,0.919,0.409,0.538,1.315,26.86,0
2026-08-20T11:51:21Z,1.76,"16 km NW of Pinnacles, CA",235.4,5.2,100.0,100sps,1.032,2.24,1.974,4.14,1.91,4.278,149.2,SSE,36.01,63.6,7.14,0,0.526,0.91,0,0,0.535,0.8,1.496,2.354,1.853,0.787,1.25,1.248,0.998,1.499,0.43,2.35,5.469,1.73,1
2026-08-20T11:02:35Z,1.34,"6 km NW of The Geysers, CA",43.7,2.2,100.0,100sps,2.469,0.696,0.738,0.32,0.3,0.801,338.0,NNW,7.53,12.99,29.19,0,2.993,-0.573,0,0,0.526,0.522,0.994,0.441,0.509,1.155,0.993,0.512,0.516,1.925,0.412,0.474,1.149,28.09,0
2026-08-20T10:01:15Z,0.76,"1 km NNE of The Geysers, CA",39.4,4.1,100.0,100sps,0.699,1.123,0.673,0.96,0.96,0.673,343.5,NNW,6.78,11.71,28.54,0,0.9,-0.126,0,0,0.525,0.514,0.98,1.032,0.416,0.404,0.8,0.697,0.871,1.126,0.408,0.457,1.119,28.11,0
2026-08-20T09:33:04Z,1.55,"3 km WNW of Anderson Springs, CA",37.6,1.8,100.0,100sps,0.755,0.893,0.93,1.86,1.23,1.406,346.6,NNW,6.48,11.18,9.73,0,5.885,-0.622,0,0,0.512,0.595,1.162,0.738,0.684,0.927,1.635,1.066,0.652,1.783,0.406,0.941,2.316,4.26,0
2026-08-20T09:33:00Z,1.24,"25 km NW of Parkfield, CA",319.7,4.6,100.0,100sps,0.743,0.897,0.697,0.99,0.94,0.738,145.7,SE,46.5,82.45,39.43,0,0.078,0.974,0,0,0.513,0.513,1.001,0.742,0.457,0.616,1.694,1.053,0.622,1.611,0.405,0.44,1.086,39.39,1
2026-08-20T09:01:49Z,1.0,"15 km SSW of Ridgemark, CA",222.0,5.6,100.0,100sps,0.738,0.726,0.714,1.1,0.97,0.813,151.6,SSE,34.3,60.54,39.55,0,0.104,0.895,0,0,0.532,0.525,0.986,0.479,0.471,0.983,1.72,1.804,1.048,0.94,0.419,0.49,1.168,38.63,1
2026-08-20T06:11:36Z,1.23,"6 km NNW of Pinnacles, CA",244.6,3.8,100.0,100sps,1.105,2.001,0.952,1.98,0.86,2.192,148.1,SSE,37.31,65.92,2.06,0,0.143,1.185,0,1,0.532,0.537,1.011,2.04,0.799,0.391,1.32,2.215,1.678,0.602,0.42,0.626,1.492,28.06,1
2026-08-20T05:20:39Z,0.75,"3 km W of Cobb, CA",42.8,1.7,100.0,100sps,1.805,1.678,0.949,0.78,0.53,1.403,343.8,NNW,7.37,12.72,10.16,0,0.79,0.249,0,0,0.531,0.498,0.938,1.655,0.826,0.499,1.611,2.491,1.547,0.606,0.421,0.427,1.014,28.65,0
2026-08-20T04:57:07Z,0.67,"9 km WNW of The Geysers, CA",45.5,1.7,100.0,100sps,1.217,0.746,1.303,1.67,1.07,2.032,334.8,NNW,7.85,13.55,10.68,0,0.606,0.526,0,1,0.534,0.531,0.995,0.508,1.236,2.43,2.767,2.673,0.966,1.03,0.418,0.448,1.073,29.08,0
2026-08-20T04:28:59Z,0.76,"5 km NW of The Geysers, CA",42.6,3.4,100.0,100sps,1.321,1.671,1.207,1.24,0.91,1.634,338.7,NNW,7.33,12.65,18.99,0,0.814,0.303,0,0,0.509,0.504,0.989,1.69,1.118,0.662,2.151,2.198,1.021,0.968,0.394,0.512,1.299,26.07,0
2026-08-20T04:06:36Z,0.8,"2 km NNW of The Geysers, CA",40.0,0.3,100.0,100sps,2.16,5.02,1.643,1.14,0.76,2.456,342.3,NNW,6.9,11.92,11.75,0,0.965,0.406,0,0,2.513,0.557,0.222,4.155,1.595,0.384,2.679,2.553,0.953,0.233,2.512,0.495,0.197,28.21,0
2026-08-20T04:05:38Z,2.27,"2 km N of The Geysers, CA",39.8,0.9,100.0,100sps,1.756,2.127,7.636,9.44,4.35,16.565,342.4,NNW,6.87,11.86,4.21,1,28.672,-0.238,1,1,0.541,3.976,7.346,2.128,6.148,2.889,2.328,2.953,1.268,5.792,0.418,10.986,26.262,2.33,0
2026-08-20T02:52:02Z,1.11,"7 km NW of The Geysers, CA",44.4,2.2,100.0,100sps,2.794,2.617,2.601,1.27,0.93,3.557,336.9,NNW,7.65,13.2,20.0,0,1.726,0.314,0,0,0.564,0.533,0.945,2.703,2.71,1.002,4.752,4.538,0.955,0.99,0.463,0.713,1.54,10.83,0
2026-08-20T02:16:19Z,0.83,"8 km NW of The Geysers, CA",45.3,2.1,100.0,100sps,3.132,2.603,1.788,1.0,0.57,3.135,338.2,NNW,7.81,13.47,6.64,0,0.883,0.55,0,0,0.542,0.525,0.969,2.639,1.78,0.675,1.512,1.399,0.925,1.047,0.435,0.698,1.604,9.21,0
2026-08-20T01:35:05Z,0.51,"8 km WNW of Cobb, CA",46.2,2.5,100.0,100sps,3.252,1.958,4.097,2.96,1.26,9.641,339.2,NNW,7.96,13.74,2.52,0,0.411,1.37,0,1,0.527,0.525,0.996,1.939,4.273,2.203,1.598,2.003,1.253,0.795,0.429,0.54,1.257,26.19,0
2026-08-20T00:32:49Z,0.99,"10 km ESE of Gilroy, CA",192.8,12.7,100.0,100sps,4.13,3.603,3.806,1.75,0.92,7.242,147.6,SSE,29.79,52.54,6.2,0,0.134,1.731,0,1,0.557,0.544,0.975,3.811,3.943,1.035,3.629,4.418,1.218,0.801,0.452,0.564,1.246,35.33,1
2026-08-20T00:24:36Z,0.73,"11 km WNW of Cobb, CA",48.4,1.3,100.0,100sps,3.279,2.24,4.191,3.59,1.28,11.786,336.1,NNW,8.34,14.39,1.47,0,0.643,1.263,0,1,0.535,0.556,1.038,2.298,4.335,1.886,2.67,2.322,0.87,1.194,0.433,0.639,1.475,21.41,0
2026-08-20T00:21:39Z,1.18,"5 km ENE of El Granada, CA",105.5,-0.2,100.0,100sps,4.354,4.546,3.175,1.18,0.73,5.156,170.0,S,18.2,31.41,13.58,0,0.594,0.939,0,0,0.779,0.564,0.725,4.691,3.221,0.687,4.427,4.224,0.954,0.759,0.728,0.645,0.886,28.34,0
2026-08-19T23:18:20Z,1.02,"10 km WNW of The Geysers, CA",46.4,2.0,100.0,100sps,4.6,3.73,2.793,0.89,0.61,4.11,333.9,NNW,8.01,13.83,14.21,0,1.321,0.493,0,0,0.588,0.553,0.939,3.87,2.867,0.741,4.648,4.85,1.043,0.9,0.494,0.614,1.243,20.9,0
2026-08-19T21:58:46Z,0.75,"8 km WNW of Cobb, CA",46.0,2.2,100.0,100sps,3.534,4.404,3.539,1.33,1.0,4.696,339.1,NNW,7.93,13.7,16.02,0,0.718,0.816,0,0,0.639,0.611,0.955,4.568,3.622,0.793,3.342,6.127,1.833,0.521,0.537,0.944,1.757,5.59,0
2026-08-19T21:57:13Z,0.77,"8 km WNW of Cobb, CA",46.1,1.7,100.0,100sps,3.809,4.075,3.739,1.43,0.98,5.438,339.5,NNW,7.94,13.71,12.31,0,0.751,0.86,0,0,1.277,0.663,0.519,4.01,3.833,0.956,3.684,3.765,1.022,0.508,1.244,0.825,0.663,15.73,0
2026-08-19T21:55:53Z,2.02,"8 km WNW of Cobb, CA",46.1,1.9,100.0,100sps,3.98,3.721,4.808,1.61,1.21,6.398,339.4,NNW,7.94,13.7,20.9,0,13.359,-0.32,0,0,0.696,1.883,2.707,3.814,4.511,1.183,3.718,3.97,1.068,2.535,0.616,3.296,5.35,8.71,0
2026-08-19T21:55:00Z,2.11,"4 km ENE of Bishop, CA",394.0,8.5,100.0,100sps,3.937,3.333,3.701,1.58,0.94,6.234,106.4,ESE,55.22,98.2,9.97,0,0.334,1.271,0,0,0.636,1.098,1.726,3.452,3.693,1.07,3.781,3.62,0.958,1.802,0.552,3.162,5.726,3.07,1
2026-08-19T21:51:42Z,0.75,"10 km WNW of The Geysers, CA",46.4,2.4,100.0,100sps,3.892,3.853,4.282,1.93,1.1,7.521,333.9,NNW,8.0,13.81,7.48,0,0.71,1.025,0,0,0.584,0.766,1.311,4.085,4.414,1.08,3.775,3.744,0.992,1.322,0.477,1.386,2.904,4.65,0
2026-08-19T21:45:33Z,1.25,"10 km WNW of The Geysers, CA",46.4,2.4,100.0,100sps,5.327,3.817,4.074,1.51,0.76,8.04,333.9,NNW,7.99,13.79,3.8,0,2.249,0.553,0,1,0.738,0.67,0.909,3.954,4.336,1.096,3.122,3.894,1.247,0.729,0.663,0.839,1.265,19.1,0
2026-08-19T21:44:24Z,2.02,"10 km WNW of The Geysers, CA",46.2,2.1,100.0,100sps,5.454,4.089,3.393,1.0,0.62,5.451,333.9,NNW,7.96,13.73,10.47,0,13.305,-0.388,0,0,0.633,0.897,1.417,4.245,3.413,0.804,3.79,3.103,0.819,1.731,0.541,1.598,2.957,8.23,0
2026-08-19T21:36:32Z,0.9,"7 km NW of The Geysers, CA",44.7,2.6,100.0,100sps,4.273,4.045,2.815,1.06,0.66,4.517,338.2,NNW,7.7,13.29,11.21,0,1.055,0.631,0,0,0.728,0.626,0.86,4.224,2.858,0.677,3.255,2.712,0.833,1.032,0.657,0.678,1.032,24.43,0
2026-08-19T21:09:31Z,0.94,"10 km WNW of The Geysers, CA",46.4,2.3,100.0,100sps,3.515,6.871,5.336,2.42,1.52,8.512,334.0,NNW,8.0,13.81,12.07,0,1.099,0.889,0,0,0.762,0.69,0.906,7.038,5.563,0.79,7.302,4.243,0.581,1.56,0.656,0.778,1.185,22.68,0
2026-08-19T21:07:57Z,0.9,"6 km NE of Ridgemark, CA",211.2,7.2,100.0,100sps,5.897,3.294,8.904,2.76,1.51,16.248,146.7,SSE,32.77,57.8,8.78,0,0.091,2.251,0,1,0.603,0.805,1.336,3.366,9.134,2.714,3.325,9.344,2.81,0.475,0.503,1.12,2.227,15.46,1
2026-08-19T20:59:33Z,1.85,"10 km E of Porterville, CA",423.7,7.1,100.0,100sps,4.496,6.536,3.525,1.45,0.78,6.511,127.8,SE,59.06,105.08,8.29,0,0.149,1.641,0,0,0.718,0.645,0.899,6.969,3.624,0.52,4.487,2.75,0.613,1.466,0.649,0.902,1.39,18.14,1
2026-08-19T20:52:48Z,1.14,"7 km W of Templeton, CA",362.6,5.7,100.0,100sps,4.574,2.273,3.301,1.71,0.72,7.805,152.6,SSE,51.68,91.79,1.86,0,0.045,2.24,0,1,0.77,0.57,0.741,2.201,3.378,1.535,2.007,2.614,1.303,0.569,0.698,0.669,0.959,23.67,1
2026-08-19T20:52:26Z,0.98,"10 km WNW of The Geysers, CA",46.5,2.1,100.0,100sps,5.039,3.638,3.475,1.0,0.69,5.028,334.0,NNW,8.01,13.83,14.65,0,1.204,0.621,0,1,0.847,0.597,0.705,3.675,3.611,0.983,2.22,2.188,0.986,0.716,0.78,0.746,0.956,16.18,0
2026-08-19T20:33:00Z,1.77,"9 km NW of The Geysers, CA",45.4,1.8,100.0,100sps,4.013,2.302,2.482,0.92,0.62,3.676,335.3,NNW,7.82,13.49,12.44,0,7.663,-0.319,0,0,0.583,0.615,1.054,2.331,2.572,1.103,2.098,1.86,0.887,1.189,0.492,0.715,1.453,19.29,0
2026-08-19T20:00:42Z,1.3,"9 km NW of The Geysers, CA",45.7,1.6,100.0,100sps,3.686,4.839,7.3,5.34,1.98,19.686,334.9,NNW,7.88,13.61,2.99,0,2.572,0.884,1,1,0.919,0.797,0.868,4.926,7.309,1.484,2.634,7.02,2.665,0.326,0.858,1.651,1.925,1.95,0
2026-08-19T19:56:37Z,1.46,"2 km SW of Saratoga, CA",143.4,4.8,100.0,100sps,2.831,2.938,2.655,2.41,0.94,6.814,158.7,SSE,24.67,42.66,2.25,0,0.683,0.999,0,1,0.64,0.574,0.897,2.994,2.761,0.922,2.018,1.796,0.89,1.008,0.546,0.604,1.106,32.03,0
2026-08-19T19:43:18Z,0.67,"6 km WNW of The Geysers, CA",43.2,3.3,100.0,100sps,4.178,3.546,2.973,1.03,0.71,4.294,336.5,NNW,7.44,12.85,17.49,0,0.649,0.821,0,0,0.573,0.659,1.15,3.674,3.0,0.817,1.878,1.936,1.031,1.115,0.468,0.958,2.049,11.38,0
2026-08-19T19:38:32Z,1.44,"2 km SE of Pacifica, CA",96.3,9.1,100.0,100sps,3.497,3.23,4.697,2.8,1.34,9.776,171.8,S,16.59,28.64,3.84,0,1.245,0.895,0,1,0.682,0.938,1.374,3.307,4.907,1.484,3.552,2.712,0.763,1.8,0.602,1.194,1.985,26.59,0
2026-08-19T19:01:28Z,1.04,"6 km WNW of The Geysers, CA",43.2,3.1,100.0,100sps,4.33,3.407,4.271,2.03,0.99,8.771,336.4,NNW,7.44,12.84,4.74,0,1.522,0.761,0,1,0.635,0.778,1.225,3.515,4.247,1.208,4.302,3.553,0.826,1.483,0.524,1.845,3.519,2.32,0
2026-08-19T18:51:29Z,1.06,"6 km WNW of The Geysers, CA",43.2,3.2,100.0,100sps,4.39,4.731,2.388,0.99,0.54,4.359,336.5,NNW,7.44,12.84,5.43,0,1.594,0.437,0,0,0.998,0.622,0.623,4.877,2.343,0.48,4.525,4.111,0.909,0.686,0.948,0.784,0.827,15.58,0
2026-08-19T18:50:27Z,0.37,"8 km WNW of Cobb, CA",46.0,1.2,100.0,100sps,4.303,7.167,6.631,3.09,1.54,13.281,339.2,NNW,7.93,13.7,4.77,0,0.299,1.647,0,1,0.838,1.193,1.423,7.497,6.905,0.921,3.638,6.086,1.673,0.85,0.774,1.69,2.182,14.92,0
2026-08-19T18:49:18Z,0.93,"3 km NE of San Leandro, CA",89.3,5.1,100.0,100sps,3.766,4.388,7.757,4.65,2.06,17.507,151.3,SSE,15.39,26.57,5.11,0,0.431,1.608,0,1,0.967,0.923,0.954,4.498,8.019,1.783,3.461,3.795,1.097,0.87,0.907,1.442,1.591,7.77,0
2026-08-19T18:21:55Z,0.31,"3 km NNW of The Geysers, CA",41.0,3.6,100.0,100sps,2.72,3.188,4.586,2.74,1.69,7.461,341.0,NNW,7.07,12.2,9.89,0,0.303,1.392,0,0,0.605,0.617,1.019,3.298,4.857,1.473,4.252,3.241,0.762,1.337,0.517,0.978,1.891,6.68,0
2026-08-19T18:02:46Z,1.29,"3 km NW of The Geysers, CA",40.7,3.0,100.0,100sps,5.303,6.685,4.225,1.67,0.8,8.862,340.9,NNW,7.02,12.12,3.7,0,2.918,0.482,0,1,0.897,0.656,0.731,7.014,4.384,0.625,9.113,9.237,1.014,0.721,0.839,0.84,1.001,15.95,0
2026-08-19T17:39:12Z,0.31,"3 km NW of The Geysers, CA",40.9,3.6,100.0,100sps,3.699,13.402,5.617,2.71,1.52,10.013,340.7,NNW,7.05,12.17,8.67,0,0.304,1.518,0,0,1.039,0.718,0.691,13.582,5.906,0.435,8.466,7.929,0.937,0.738,0.836,1.017,1.216,10.99,0
2026-08-19T17:20:09Z,0.17,"3 km NW of The Geysers, CA",40.9,3.3,100.0,100sps,5.175,7.385,2.985,0.79,0.58,4.084,340.6,NNW,7.05,12.17,17.46,0,0.22,1.269,0,0,0.708,0.638,0.902,7.739,3.048,0.394,3.599,2.951,0.82,1.1,0.604,0.673,1.115,23.25,0
2026-08-19T17:18:46Z,1.17,"10 km NNE of Cloverdale, CA",58.4,4.9,100.0,100sps,3.538,5.739,9.423,7.61,2.66,26.938,327.1,NNW,10.07,17.38,2.05,0,1.374,1.293,1,1,0.835,0.751,0.899,6.034,9.898,1.64,3.362,3.655,1.087,0.827,0.767,0.908,1.183,20.77,0
2026-08-19T17:18:27Z,0.93,"9 km NNE of Cloverdale, CA",58.1,5.4,100.0,100sps,3.111,6.211,6.707,3.72,2.16,11.587,326.7,NNW,10.01,17.29,9.71,0,0.796,1.163,0,1,0.808,0.74,0.917,6.536,6.98,1.068,3.431,3.683,1.073,0.854,0.737,0.901,1.222,20.45,0
2026-08-19T17:04:32Z,1.69,"2 km SSW of Clayton, CA",83.1,-0.2,100.0,100sps,5.102,5.413,3.765,1.17,0.74,5.971,134.8,SE,14.33,24.74,11.63,0,2.761,0.335,0,0,0.788,0.74,0.938,5.728,3.859,0.674,3.162,3.411,1.079,0.87,0.709,0.777,1.095,30.27,0
2026-08-19T16:13:03Z,0.77,"8 km WNW of Cobb, CA",46.2,1.8,100.0,100sps,3.703,6.989,3.107,2.11,0.84,7.804,339.3,NNW,7.97,13.75,1.23,0,0.748,1.019,0,1,0.795,0.601,0.756,7.417,3.187,0.43,4.346,2.926,0.673,1.124,0.712,0.679,0.953,22.16,0
2026-08-19T16:12:44Z,1.04,"3 km NW of The Geysers, CA",40.8,3.2,100.0,100sps,4.196,6.486,2.815,1.45,0.67,6.089,340.9,NNW,7.03,12.13,1.05,0,1.639,0.57,0,1,0.777,0.588,0.756,6.898,2.833,0.411,4.18,2.763,0.661,1.144,0.699,0.676,0.966,20.54,0
2026-08-19T16:09:40Z,0.23,"8 km WNW of Cobb, CA",46.2,2.0,100.0,100sps,4.224,3.453,3.177,2.2,0.75,9.29,339.1,NNW,7.97,13.75,1.12,0,0.216,1.634,0,1,0.637,0.589,0.925,3.549,3.264,0.92,2.81,2.48,0.883,1.047,0.541,0.584,1.078,27.51,0
2026-08-19T16:08:54Z,1.65,"8 km WNW of Cobb, CA",46.0,1.8,100.0,100sps,3.866,5.68,3.132,1.56,0.81,6.032,339.2,NNW,7.93,13.69,6.08,0,5.706,0.024,0,0,0.68,0.712,1.047,5.887,3.194,0.543,3.475,2.76,0.794,1.318,0.6,1.001,1.669,10.46,0
2026-08-19T15:11:27Z,0.65,"2 km WNW of Anderson Springs, CA",37.5,1.7,100.0,100sps,3.511,3.938,4.388,2.21,1.25,7.77,347.0,NNW,6.46,11.15,4.58,0,0.744,1.019,0,0,0.654,0.604,0.923,4.085,4.476,1.096,3.635,2.324,0.639,1.445,0.536,0.697,1.301,21.14,0
2026-08-19T15:03:51Z,0.36,"3 km W of Cobb, CA",42.8,2.4,100.0,100sps,5.147,2.255,3.795,1.34,0.74,6.886,343.3,NNW,7.38,12.74,5.63,0,0.321,1.331,0,0,0.587,0.596,1.016,2.261,3.881,1.716,1.61,2.564,1.593,0.638,0.482,0.77,1.599,11.61,0
2026-08-19T13:55:05Z,1.24,"10 km NW of Pinnacles, CA",240.5,6.7,100.0,100sps,3.301,3.165,2.623,1.2,0.79,3.977,148.3,SSE,36.45,64.42,16.05,0,0.152,1.418,0,1,0.554,0.559,1.009,3.283,2.683,0.817,1.808,2.412,1.334,0.757,0.447,0.57,1.277,35.07,1
2026-08-19T13:14:28Z,1.22,"6 km NW of Pinnacles, CA",244.2,5.3,100.0,100sps,2.3,1.351,1.661,1.51,0.72,3.465,148.2,SSE,37.08,65.52,7.08,0,0.14,1.392,0,1,0.544,0.55,1.012,1.292,1.613,1.248,1.981,1.45,0.732,1.383,0.426,0.545,1.282,37.21,1
2026-08-19T12:30:47Z,0.8,"1 km NNE of The Geysers, CA",39.0,1.0,100.0,100sps,1.564,1.538,1.112,0.89,0.71,1.388,343.5,NNW,6.72,11.61,24.57,0,0.998,0.143,0,0,0.537,0.538,1.002,1.479,0.989,0.669,1.494,1.463,0.979,1.023,0.423,0.489,1.157,26.01,0
2026-08-19T11:48:51Z,0.78,"1 km ENE of The Geysers, CA",38.1,0.1,100.0,100sps,1.263,1.185,0.974,1.32,0.77,1.672,343.5,NNW,6.57,11.33,5.36,0,0.983,0.231,0,0,0.534,0.522,0.977,1.103,0.839,0.761,1.975,1.906,0.965,1.012,0.419,0.503,1.201,26.81,0
2026-08-19T11:38:13Z,1.03,"7 km NW of The Geysers, CA",44.5,2.2,100.0,100sps,0.823,0.908,0.838,1.12,1.02,0.924,336.8,NNW,7.66,13.23,29.13,0,1.431,-0.19,0,0,0.519,0.52,1.002,0.751,0.654,0.87,0.999,0.671,0.672,1.491,0.408,0.487,1.193,27.92,0
2026-08-19T11:36:40Z,0.77,"7 km NW of The Geysers, CA",44.5,2.2,100.0,100sps,2.018,0.845,0.857,0.46,0.42,0.919,336.8,NNW,7.66,13.23,29.16,0,0.786,0.068,0,0,0.538,0.514,0.956,0.658,0.69,1.049,0.955,0.978,1.024,0.933,0.413,0.439,1.062,29.06,0
2026-08-19T11:24:17Z,0.8,"8 km NW of The Geysers, CA",45.4,1.7,100.0,100sps,0.968,0.902,0.82,0.97,0.85,0.935,338.1,NNW,7.83,13.52,29.14,0,0.82,0.057,0,0,0.537,0.53,0.988,0.722,0.622,0.862,1.896,1.786,0.942,1.049,0.429,0.676,1.577,13.99,0
2026-08-19T10:53:03Z,0.68,"10 km NW of The Geysers, CA",46.5,2.0,100.0,100sps,0.878,0.798,0.808,0.98,0.92,0.865,334.4,NNW,8.02,13.85,29.11,0,0.602,0.157,0,0,0.524,0.548,1.047,0.596,0.589,0.989,1.873,1.889,1.009,1.038,0.415,0.551,1.328,27.68,0
2026-08-19T10:10:30Z,1.04,"3 km WSW of Cobb, CA",42.4,2.0,100.0,100sps,0.797,0.81,0.961,1.58,1.21,1.262,343.4,NNW,7.3,12.6,19.98,0,1.56,-0.092,0,0,0.509,0.511,1.004,0.641,0.825,1.287,1.025,1.089,1.062,0.945,0.392,0.462,1.18,28.42,0
2026-08-19T10:08:15Z,0.97,"5 km NNW of Pinnacles, CA",245.7,2.2,100.0,100sps,0.727,0.797,0.722,1.31,0.99,0.954,148.2,SSE,37.64,66.48,32.99,0,0.078,1.088,0,0,0.522,0.505,0.969,0.605,0.51,0.843,1.041,1.008,0.968,1.0,0.409,0.481,1.176,37.35,1
2026-08-19T09:37:53Z,0.72,"6 km W of Cobb, CA",45.0,2.4,100.0,100sps,0.724,0.692,0.699,1.02,0.97,0.737,340.4,NNW,7.76,13.4,29.27,0,0.689,0.029,0,0,0.511,0.513,1.005,0.452,0.457,1.013,1.767,1.428,0.808,1.243,0.4,0.482,1.204,28.25,0
2026-08-19T09:37:45Z,0.82,"6 km NNW of Pinnacles, CA",244.6,3.3,100.0,100sps,0.723,0.689,0.708,1.04,0.98,0.754,148.0,SSE,37.37,66.02,39.65,0,0.056,1.132,0,0,0.508,0.522,1.027,0.45,0.466,1.035,1.782,0.543,0.305,3.368,0.4,0.473,1.185,38.57,1
2026-08-19T09:31:23Z,1.1,"6 km WNW of The Geysers, CA",43.2,3.2,100.0,100sps,0.768,0.803,0.673,0.83,0.88,0.641,336.5,NNW,7.44,12.84,29.01,0,1.748,-0.436,0,0,0.512,0.495,0.968,0.624,0.439,0.703,1.771,1.76,0.994,0.974,0.403,0.437,1.083,28.58,0
2026-08-19T09:24:05Z,0.99,"6 km WNW of The Geysers, CA",43.0,3.0,100.0,100sps,1.731,1.198,1.948,2.33,1.13,4.038,336.5,NNW,7.42,12.8,4.01,0,1.362,0.472,0,1,0.646,0.66,1.021,1.007,1.84,1.827,0.65,0.701,1.078,0.947,0.557,1.553,2.789,1.44,0
2026-08-19T09:22:53Z,1.84,"6 km WNW of The Geysers, CA",43.0,3.3,100.0,100sps,1.73,1.157,1.499,1.28,0.87,2.223,336.4,NNW,7.41,12.78,11.96,0,9.66,-0.638,0,0,0.516,0.786,1.522,1.047,1.263,1.206,0.685,0.679,0.991,1.536,0.402,1.084,2.694,12.04,0
2026-08-19T09:21:08Z,1.09,"6 km WNW of The Geysers, CA",43.2,3.2,100.0,100sps,0.786,1.746,2.707,9.38,3.44,7.378,336.5,NNW,7.45,12.86,2.54,0,1.705,0.636,1,0,0.528,0.544,1.029,1.796,2.704,1.506,0.764,1.402,1.835,0.561,0.419,0.532,1.269,26.55,0
2026-08-19T09:04:49Z,1.45,"3 km WNW of Redway, CA",216.7,23.7,100.0,100sps,0.704,1.322,0.791,1.62,1.12,1.142,330.8,NNW,31.42,55.68,24.71,0,0.307,0.571,0,0,0.507,0.513,1.012,1.263,0.599,0.474,1.707,1.67,0.978,1.035,0.394,0.455,1.154,38.96,1
2026-08-19T08:58:27Z,0.98,"9 km NW of The Geysers, CA",45.9,2.2,100.0,100sps,0.723,0.79,0.759,1.1,1.05,0.793,334.8,NNW,7.91,13.65,29.61,0,1.224,-0.189,0,0,0.516,0.533,1.032,0.592,0.529,0.894,1.388,1.484,1.069,0.965,0.402,0.471,1.172,28.44,0
2026-08-19T08:45:29Z,0.39,"3 km W of Cobb, CA",43.0,2.2,100.0,100sps,0.794,0.706,0.706,0.86,0.89,0.684,343.5,NNW,7.42,12.8,29.14,0,0.342,0.301,0,0,0.516,0.524,1.015,0.469,0.457,0.976,0.834,0.806,0.966,1.051,0.406,0.438,1.08,28.68,0
2026-08-19T08:43:15Z,0.46,"2 km E of The Geysers, CA",37.3,1.9,100.0,100sps,0.789,0.704,0.787,1.38,1.0,1.093,345.6,NNW,6.43,11.1,19.42,0,0.483,0.355,0,0,0.515,0.521,1.012,0.467,0.585,1.251,0.845,0.831,0.984,1.028,0.401,0.514,1.28,26.15,0
2026-08-19T08:23:00Z,0.91,"8 km E of Cloverdale, CA",47.5,5.2,100.0,100sps,0.702,0.7,0.761,1.31,1.09,0.922,325.8,NW,8.18,14.12,28.3,0,0.997,-0.034,0,0,0.52,0.559,1.076,0.456,0.492,1.08,0.923,0.786,0.851,1.264,0.406,0.764,1.882,10.13,0
2026-08-19T08:14:30Z,1.59,"8 km W of Templeton, CA",361.0,4.8,100.0,100sps,0.823,1.469,0.707,0.99,0.86,0.815,152.7,SSE,51.59,91.62,39.36,0,0.128,0.803,0,0,0.514,0.518,1.008,1.396,0.468,0.335,1.031,0.901,0.874,1.153,0.403,0.497,1.232,38.65,1
2026-08-19T08:10:25Z,1.24,"6 km WNW of The Geysers, CA",43.3,3.0,100.0,100sps,0.776,0.889,0.723,0.98,0.93,0.763,336.8,NNW,7.46,12.88,29.0,0,2.403,-0.498,0,0,0.506,0.519,1.025,0.738,0.493,0.668,0.873,0.893,1.023,1.002,0.396,0.475,1.199,27.78,0
2026-08-19T06:39:25Z,1.32,"7 km WNW of The Geysers, CA",44.0,1.8,100.0,100sps,0.97,1.505,1.257,1.65,1.3,1.597,336.2,NNW,7.59,13.1,23.33,0,2.827,-0.248,0,0,0.523,0.521,0.996,1.448,1.171,0.809,1.056,0.942,0.893,1.116,0.407,0.47,1.154,27.81,0
2026-08-19T06:22:00Z,0.24,"11 km WNW of Cobb, CA",48.5,1.9,100.0,100sps,0.957,1.403,1.075,1.92,1.12,1.838,336.0,NNW,8.37,14.44,5.66,0,0.207,0.949,0,0,0.532,0.519,0.976,1.347,0.945,0.701,1.724,1.608,0.933,1.047,0.42,0.482,1.147,26.77,0
2026-08-19T05:40:03Z,0.63,"10 km NW of The Geysers, CA",47.1,1.0,100.0,100sps,1.174,1.031,2.102,3.59,1.79,4.217,336.5,NNW,8.11,14.01,4.52,0,0.529,0.902,0,1,0.513,0.528,1.029,0.922,2.103,2.28,1.429,1.509,1.055,0.975,0.405,0.468,1.156,28.93,0
2026-08-19T05:32:57Z,0.74,"2 km NNW of The Geysers, CA",40.0,0.4,100.0,100sps,0.936,1.311,1.548,2.54,1.65,2.378,342.3,NNW,6.9,11.91,13.52,0,0.842,0.451,0,0,0.505,0.526,1.041,1.256,1.509,1.202,1.999,2.023,1.012,1.029,0.397,0.516,1.298,27.37,0
2026-08-19T05:30:37Z,1.27,"2 km NNE of The Geysers, CA",39.7,2.2,100.0,100sps,1.162,1.43,0.71,0.68,0.61,0.784,343.8,NNW,6.85,11.82,28.48,0,2.879,-0.565,0,0,0.52,0.507,0.975,1.397,0.483,0.346,1.976,1.982,1.003,0.972,0.414,0.498,1.203,27.67,0
2026-08-19T05:07:39Z,0.61,"10 km WNW of The Geysers, CA",46.2,2.8,100.0,100sps,1.759,1.639,0.953,0.94,0.54,1.661,333.8,NNW,7.96,13.75,4.58,0,0.518,0.506,0,0,0.518,0.512,0.989,1.612,0.843,0.523,1.487,1.323,0.89,1.112,0.407,0.485,1.191,26.16,0
2026-08-19T05:03:53Z,0.86,"2 km NNE of Pinnacles, CA",249.5,7.8,100.0,100sps,1.135,2.198,1.654,3.09,1.46,3.509,147.8,SSE,37.43,66.2,6.87,0,0.058,1.778,0,0,0.629,0.536,0.853,2.195,1.626,0.741,1.803,1.766,0.98,0.871,0.539,0.586,1.087,32.01,1
2026-08-19T03:59:01Z,0.35,"6 km NNW of The Geysers, CA",43.9,3.5,100.0,100sps,1.894,1.749,1.938,2.07,1.02,3.912,340.0,NNW,7.56,13.05,4.86,0,0.304,1.109,0,1,0.515,0.515,0.999,1.731,1.918,1.108,1.93,2.075,1.075,0.929,0.407,0.577,1.419,21.31,0
2026-08-19T03:53:05Z,1.37,"7 km NW of The Geysers, CA",44.8,2.8,100.0,100sps,1.915,1.703,1.939,1.63,1.01,3.114,338.8,NNW,7.72,13.32,10.49,0,3.103,0.002,0,0,0.546,0.504,0.924,1.651,1.931,1.17,1.173,1.275,1.087,0.85,0.451,0.485,1.074,27.73,0
2026-08-19T03:03:18Z,1.5,"6 km WNW of Cobb, CA",45.4,1.9,100.0,100sps,2.295,2.387,1.845,1.04,0.8,2.388,340.7,NNW,7.83,13.51,23.44,0,4.107,-0.236,0,0,0.538,0.523,0.972,2.463,1.855,0.753,4.389,4.171,0.95,1.023,0.426,0.578,1.355,22.77,0
2026-08-19T02:54:56Z,0.75,"7 km WNW of The Geysers, CA",43.7,3.2,100.0,100sps,1.966,2.288,2.143,1.93,1.09,3.787,336.5,NNW,7.52,12.98,6.24,0,0.769,0.692,0,0,0.512,0.559,1.091,2.316,2.117,0.914,2.14,2.081,0.972,1.122,0.403,0.598,1.484,24.27,0
2026-08-19T02:33:40Z,1.55,"19 km NW of New Idria, CA",265.9,8.3,100.0,100sps,1.67,1.574,2.043,1.8,1.22,3.013,142.8,SE,39.39,69.74,20.14,0,0.248,1.084,0,0,0.511,0.554,1.084,1.553,2.08,1.339,2.048,4.194,2.048,0.529,0.408,0.969,2.375,1.22,1
2026-08-19T02:11:27Z,0.43,"1 km E of Walnut Creek, CA",78.7,7.0,100.0,100sps,1.957,1.556,2.117,1.43,1.08,2.79,140.5,SE,13.55,23.39,25.94,0,0.164,1.229,0,0,0.537,0.556,1.036,1.487,2.114,1.421,1.163,3.034,2.609,0.397,0.433,0.635,1.466,25.37,0
2026-08-19T02:01:10Z,0.82,"2 km ESE of Pacifica, CA",95.3,8.0,100.0,100sps,3.677,2.423,2.321,1.0,0.63,3.668,171.6,S,16.42,28.34,11.11,0,0.304,1.082,0,1,0.551,0.603,1.094,2.453,2.353,0.959,4.163,3.99,0.958,1.141,0.448,0.745,1.663,20.55,0
2026-08-19T01:42:19Z,1.38,"4 km NNW of Pacifica, CA",90.6,8.1,100.0,100sps,3.288,2.576,2.062,1.23,0.63,4.05,173.6,S,15.62,26.96,3.86,0,1.189,0.532,0,0,0.533,0.542,1.016,2.643,2.076,0.785,3.592,2.329,0.648,1.567,0.427,0.5,1.171,33.11,0
2026-08-19T01:17:34Z,1.17,"11 km NW of The Geysers, CA",48.5,1.7,100.0,100sps,2.81,2.722,2.723,1.33,0.97,3.74,335.8,NNW,8.35,14.42,20.24,0,1.765,0.326,0,0,0.573,0.572,0.998,2.78,2.76,0.993,4.347,4.11,0.945,1.056,0.482,0.65,1.349,22.94,0
2026-08-19T00:28:16Z,1.22,"5 km ENE of El Granada, CA",105.5,-0.1,100.0,100sps,3.162,2.848,4.286,2.26,1.36,7.134,170.0,S,18.2,31.41,12.21,0,0.651,1.04,0,0,0.528,0.572,1.083,2.936,4.465,1.521,4.085,4.487,1.098,0.986,0.421,0.614,1.459,27.45,0
2026-08-19T00:24:48Z,0.55,"3 km ESE of Woodside, CA",120.3,4.4,100.0,100sps,3.666,3.154,3.5,1.92,0.95,7.021,162.9,SSE,20.74,35.8,7.73,0,0.113,1.794,0,1,0.56,0.603,1.078,3.272,3.56,1.088,4.163,6.169,1.482,0.728,0.442,1.028,2.324,3.06,0
2026-08-19T00:17:41Z,1.29,"8 km NW of The Geysers, CA",45.4,1.7,100.0,100sps,2.757,4.666,4.901,3.51,1.78,9.666,337.5,NNW,7.82,13.5,4.05,0,2.538,0.581,0,1,0.651,0.795,1.221,5.019,5.094,1.015,4.299,4.527,1.053,1.159,0.553,1.989,3.596,1.31,0
2026-08-18T23:57:03Z,0.72,"7 km WNW of Cobb, CA",45.4,0.9,100.0,100sps,7.168,4.083,5.204,1.24,0.73,8.914,340.0,NNW,7.82,13.5,5.9,0,0.683,1.116,0,0,0.674,0.659,0.977,4.26,5.451,1.28,3.946,4.607,1.167,0.837,0.595,1.21,2.033,3.62,0
2026-08-18T23:56:45Z,0.67,"6 km NW of The Geysers, CA",43.7,3.5,100.0,100sps,6.719,4.639,4.284,0.89,0.64,6.003,338.2,NNW,7.54,13.01,15.52,0,0.638,0.973,0,0,0.73,0.624,0.856,4.864,4.485,0.922,3.794,4.56,1.202,0.712,0.668,1.21,1.81,2.05,0
2026-08-18T23:52:57Z,1.6,"8 km NNW of Pinnacles, CA",243.1,2.7,100.0,100sps,3.783,4.119,5.552,3.47,1.47,13.138,147.8,SSE,37.26,65.8,4.47,0,0.34,1.587,0,1,0.641,0.65,1.015,4.216,5.754,1.365,2.31,4.004,1.733,0.586,0.552,0.85,1.538,19.17,1
2026-08-18T23:48:05Z,1.06,"7 km WNW of Cobb, CA",45.8,1.6,100.0,100sps,4.092,3.055,2.523,1.35,0.62,5.511,340.1,NNW,7.88,13.61,2.71,0,1.477,0.572,0,0,0.745,0.569,0.764,3.079,2.526,0.82,3.396,1.717,0.506,1.511,0.67,0.641,0.957,22.73,0
2026-08-18T23:14:42Z,0.9,"8 km NW of The Geysers, CA",45.6,1.9,100.0,100sps,3.724,4.418,4.946,2.56,1.33,9.519,338.1,NNW,7.86,13.57,6.16,0,1.025,0.968,0,1,0.623,0.617,0.991,4.651,5.056,1.087,5.355,4.663,0.871,1.138,0.543,0.782,1.439,16.48,0
2026-08-18T23:08:45Z,1.57,"7 km NW of Pinnacles, CA",244.1,2.6,100.0,100sps,4.16,5.084,3.134,1.09,0.75,4.523,148.5,SSE,37.39,66.03,19.58,0,0.315,1.158,0,0,0.708,0.668,0.944,5.295,3.198,0.604,3.31,2.914,0.88,1.072,0.599,0.84,1.402,21.04,1
2026-08-18T23:07:07Z,1.45,"9 km ESE of Redwood Valley, CA",96.8,6.3,100.0,100sps,4.15,6.256,6.191,2.43,1.49,10.099,334.0,NNW,16.68,28.8,13.61,0,1.264,0.903,0,1,0.893,0.72,0.807,6.446,6.498,1.008,3.721,3.646,0.98,0.823,0.818,1.493,1.825,1.14,0
2026-08-18T23:06:02Z,1.61,"34 km E of Lovelock, Nevada",438.7,9.0,100.0,100sps,3.715,5.109,2.89,1.16,0.78,4.298,61.7,ENE,60.68,108.03,18.0,0,0.077,1.746,0,0,0.772,0.696,0.902,5.177,2.895,0.559,3.275,2.979,0.91,0.991,0.665,0.808,1.215,27.49,1
2026-08-18T22:56:05Z,0.91,"8 km NW of The Geysers, CA",45.7,1.9,100.0,100sps,3.734,3.859,3.485,1.89,0.93,7.061,338.4,NNW,7.86,13.57,3.91,0,1.048,0.829,0,0,0.611,0.617,1.01,4.02,3.551,0.883,4.354,4.52,1.038,0.973,0.518,0.708,1.368,21.43,0
2026-08-18T22:52:04Z,1.3,"8 km NNE of Redwood Valley, CA",110.0,8.8,100.0,100sps,4.45,3.577,3.7,1.37,0.83,6.084,333.6,NNW,18.94,32.7,11.48,0,0.734,0.919,0,0,0.573,0.588,1.026,3.731,3.819,1.023,2.455,4.316,1.758,0.584,0.473,0.584,1.235,34.94,0
2026-08-18T22:47:08Z,0.67,"8 km NW of The Geysers, CA",45.2,2.1,100.0,100sps,4.492,2.953,9.378,5.37,2.09,24.138,338.2,NNW,7.79,13.45,1.93,0,0.612,1.596,0,1,0.657,0.762,1.161,2.988,9.838,3.292,2.809,3.553,1.265,0.918,0.579,0.957,1.654,18.56,0
2026-08-18T21:54:59Z,2.61,"11 km SW of Round Valley, CA",366.8,14.3,100.0,100sps,3.615,3.841,5.35,3.29,1.48,11.885,108.4,ESE,51.13,90.96,6.71,0,1.286,0.966,0,1,0.654,0.683,1.044,3.923,5.538,1.412,3.848,3.538,0.92,1.136,0.559,0.925,1.655,22.03,1
2026-08-18T21:42:48Z,0.75,"9 km SE of Cloverdale, CA",43.8,4.4,100.0,100sps,4.034,7.653,4.949,2.18,1.23,8.789,321.8,NW,7.55,13.04,7.11,0,0.765,1.06,0,1,0.745,0.815,1.093,8.154,5.201,0.638,3.499,3.177,0.908,1.204,0.659,1.166,1.769,13.95,0
2026-08-18T21:16:21Z,0.68,"9 km E of Cloverdale, CA",47.5,1.9,100.0,100sps,5.53,3.598,3.004,0.99,0.54,5.502,327.9,NNW,8.19,14.13,6.65,0,0.586,0.972,0,0,0.592,0.586,0.99,3.742,3.035,0.811,2.76,2.417,0.876,1.131,0.492,0.606,1.232,26.12,0
2026-08-18T21:13:22Z,0.83,"6 km NNW of The Geysers, CA",44.2,2.8,100.0,100sps,4.051,5.328,4.97,2.05,1.23,8.313,339.9,NNW,7.61,13.14,6.72,0,0.91,0.961,0,1,0.608,0.7,1.151,5.616,5.172,0.921,2.952,3.029,1.026,1.122,0.513,1.273,2.483,4.07,0
2026-08-18T21:03:40Z,0.36,"8 km WNW of The Geysers, CA",44.3,2.0,100.0,100sps,3.903,4.816,2.063,0.86,0.53,3.351,335.8,NNW,7.63,13.17,9.16,0,0.308,1.037,0,0,0.717,0.582,0.812,5.101,2.052,0.402,2.301,1.805,0.785,1.035,0.649,0.694,1.07,19.2,0
2026-08-18T20:41:40Z,0.78,"10 km WNW of The Geysers, CA",46.1,2.2,100.0,100sps,2.629,2.165,2.552,1.51,0.97,3.97,333.1,NNW,7.93,13.7,10.22,0,0.769,0.713,0,0,0.594,0.647,1.09,2.192,2.601,1.186,2.104,2.166,1.029,1.058,0.505,0.827,1.638,16.2,0
2026-08-18T20:41:19Z,0.3,"10 km WNW of The Geysers, CA",46.2,2.7,100.0,100sps,2.717,2.542,2.784,1.22,1.02,3.322,333.6,NNW,7.96,13.73,25.71,0,0.254,1.117,0,0,0.573,0.662,1.155,2.577,2.857,1.108,2.111,2.214,1.049,1.101,0.475,0.827,1.743,17.21,0
2026-08-18T20:30:32Z,0.76,"7 km NW of The Geysers, CA",45.2,2.0,100.0,100sps,4.458,4.734,2.189,0.76,0.49,3.392,339.0,NNW,7.78,13.42,13.6,0,0.753,0.654,0,0,0.85,0.596,0.701,4.883,2.19,0.449,2.867,1.916,0.668,1.05,0.784,0.66,0.842,22.5,0
2026-08-18T18:52:47Z,0.74,"7 km WNW of Cobb, CA",45.8,2.2,100.0,100sps,2.342,5.221,3.666,3.29,1.57,7.705,339.5,NNW,7.88,13.61,4.61,0,0.707,1.037,0,1,1.066,0.738,0.692,5.337,3.677,0.689,2.689,4.806,1.787,0.387,1.023,1.066,1.042,11.07,0
2026-08-18T18:18:38Z,1.52,"3 km ESE of Woodside, CA",120.8,4.9,100.0,100sps,3.773,2.458,2.383,1.1,0.63,4.144,163.0,SSE,20.82,35.95,7.73,0,1.046,0.598,0,0,0.633,0.619,0.978,2.454,2.416,0.985,2.082,1.97,0.946,1.033,0.54,0.845,1.565,17.65,0
2026-08-18T18:00:14Z,2.54,"20 km ESE of Silver Springs, Nevada",327.7,7.1,100.0,100sps,2.819,2.978,4.972,3.19,1.76,8.992,71.4,ENE,47.19,83.75,9.82,0,1.47,0.786,0,1,0.64,0.975,1.524,3.04,5.115,1.682,2.142,2.701,1.261,1.208,0.557,1.619,2.907,14.38,1
2026-08-18T17:50:46Z,1.1,"7 km WSW of Calistoga, CA",12.3,-0.5,100.0,100sps,3.863,3.605,2.808,1.02,0.73,3.939,345.1,NNW,2.38,4.11,15.55,0,8.028,-0.309,0,0,0.686,1.253,1.826,3.679,2.535,0.689,2.597,1.984,0.764,2.391,0.606,1.832,3.024,10.29,0
2026-08-18T17:08:10Z,2.03,"18 km SW of Toms Place, CA",350.2,2.3,100.0,100sps,5.423,3.435,2.926,0.71,0.54,3.868,107.3,ESE,50.55,89.7,26.55,0,0.383,1.004,0,0,0.618,0.565,0.913,3.516,3.01,0.856,2.414,2.054,0.851,1.073,0.527,0.598,1.136,34.15,1
2026-08-18T17:05:06Z,1.82,"3 km NNE of Portola Valley, CA",121.1,4.7,100.0,100sps,4.748,9.414,3.733,1.33,0.79,6.305,163.0,SSE,20.87,36.02,13.1,0,2.08,0.482,0,0,0.797,0.68,0.853,9.762,3.798,0.389,6.716,2.637,0.393,2.171,0.665,0.839,1.262,22.02,0
2026-08-18T17:00:59Z,1.49,"15 km WNW of Cantua Creek, CA",284.9,10.5,100.0,100sps,3.608,2.991,6.432,3.75,1.78,13.535,137.5,SE,41.48,73.53,5.85,0,0.184,1.866,0,1,0.716,0.927,1.295,3.017,6.649,2.204,2.814,5.037,1.79,0.723,0.623,1.201,1.928,23.89,1
2026-08-18T16:18:27Z,0.7,"6 km WNW of Cobb, CA",45.3,1.9,100.0,100sps,2.578,4.366,3.245,1.64,1.26,4.238,341.7,NNW,7.81,13.49,19.99,0,0.653,0.812,0,0,0.653,0.587,0.9,4.504,3.294,0.731,3.622,2.665,0.736,1.223,0.56,0.702,1.255,17.65,0
2026-08-18T16:08:08Z,0.74,"7 km WNW of Cobb, CA",45.8,2.1,100.0,100sps,4.155,4.373,3.116,1.35,0.75,5.62,339.9,NNW,7.88,13.61,6.77,0,0.707,0.9,0,0,0.755,0.644,0.853,4.514,3.214,0.712,2.607,2.258,0.866,0.984,0.678,0.979,1.444,4.25,0
2026-08-18T16:07:51Z,1.58,"7 km W of Cobb, CA",45.5,2.0,100.0,100sps,5.231,3.992,4.264,1.57,0.82,8.208,339.6,NNW,7.85,13.55,3.94,0,4.924,0.222,0,1,0.745,0.7,0.939,4.115,4.48,1.089,2.687,2.807,1.044,0.899,0.663,0.84,1.268,16.92,0
2026-08-18T15:59:17Z,2.55,"28 km NW of Weaverville, CA",275.8,30.8,100.0,100sps,2.66,3.592,2.597,2.38,0.98,6.325,349.4,N,38.05,67.72,2.84,0,2.284,0.442,0,1,0.636,0.549,0.864,3.691,2.666,0.722,3.236,2.831,0.875,0.987,0.546,0.646,1.183,27.84,1
2026-08-18T15:31:48Z,0.66,"9 km NW of The Geysers, CA",46.7,1.3,100.0,100sps,2.877,3.406,3.048,2.13,1.06,6.127,336.7,NNW,8.05,13.9,4.41,0,0.573,1.029,0,0,0.651,0.637,0.979,3.445,3.093,0.898,2.958,2.77,0.937,1.045,0.565,0.766,1.356,19.14,0
2026-08-18T14:59:49Z,2.72,"50 km W of Petrolia, CA",287.7,17.6,100.0,100sps,3.433,3.206,3.219,2.1,0.94,7.205,318.2,NW,40.93,72.68,4.23,0,3.061,0.372,0,1,0.587,0.591,1.006,3.268,3.39,1.037,2.988,2.851,0.954,1.055,0.486,0.618,1.272,31.61,1
2026-08-18T14:43:49Z,0.95,"3 km NW of Pinnacles, CA",247.5,4.5,100.0,100sps,4.24,5.257,4.058,1.29,0.96,5.463,148.2,SSE,37.59,66.43,24.52,0,0.073,1.873,0,0,0.715,0.834,1.167,5.544,4.148,0.748,3.411,2.55,0.748,1.56,0.618,1.022,1.653,28.63,1
2026-08-18T14:38:25Z,1.09,"6 km WNW of Cobb, CA",45.2,1.4,100.0,100sps,3.276,3.528,3.036,1.45,0.93,4.745,341.7,NNW,7.8,13.46,9.77,0,1.607,0.47,0,0,0.668,0.596,0.893,3.558,3.137,0.882,3.111,2.896,0.931,0.959,0.595,0.689,1.157,18.45,0
2026-08-18T14:34:08Z,1.14,"1 km WNW of The Geysers, CA",38.9,1.2,100.0,100sps,3.409,5.796,3.131,1.47,0.92,5.009,340.8,NNW,6.71,11.58,9.67,0,2.19,0.359,0,0,0.719,0.583,0.811,6.118,3.168,0.518,3.621,2.606,0.72,1.126,0.622,0.796,1.279,11.62,0
2026-08-18T14:19:24Z,1.03,"9 km WNW of Cobb, CA",47.1,0.6,100.0,100sps,4.885,4.337,6.141,2.24,1.26,10.957,338.5,NNW,8.12,14.01,5.64,0,1.328,0.917,0,1,0.948,0.925,0.977,4.397,6.273,1.427,2.83,2.671,0.944,1.035,0.885,1.171,1.323,18.38,0
2026-08-18T14:06:45Z,0.42,"3 km NNE of Portola Valley, CA",121.4,3.3,100.0,100sps,3.167,5.666,2.648,1.56,0.84,4.941,163.3,SSE,20.93,36.12,6.69,0,0.082,1.778,0,0,0.661,0.575,0.871,6.063,2.706,0.446,3.528,2.343,0.664,1.312,0.571,0.528,0.925,37.69,0
2026-08-18T14:04:54Z,1.71,"6 km SSE of Portola Valley, CA",129.9,8.6,100.0,100sps,2.605,2.774,7.184,8.64,2.76,22.514,163.2,SSE,22.33,38.62,1.53,0,1.437,1.195,0,1,0.557,0.666,1.195,2.83,7.736,2.734,2.428,4.05,1.668,0.716,0.441,0.949,2.153,16.87,0
2026-08-18T13:33:00Z,1.52,"11 km N of Redwood Valley, CA",114.5,7.5,100.0,100sps,2.672,2.638,1.873,1.36,0.7,3.641,333.0,NNW,19.73,34.06,7.23,0,1.141,0.504,0,0,0.557,0.552,0.992,2.67,1.851,0.693,2.372,2.395,1.01,0.982,0.437,0.525,1.201,34.8,0
2026-08-18T13:25:02Z,1.5,"6 km W of Cobb, CA",44.8,2.6,100.0,100sps,2.016,1.812,2.469,2.15,1.22,4.328,340.7,NNW,7.73,13.34,8.28,0,4.179,0.015,0,1,0.548,0.625,1.14,1.778,2.498,1.405,2.333,2.293,0.983,1.16,0.442,0.737,1.668,20.33,0
2026-08-18T12:29:30Z,1.03,"6 km WNW of Cobb, CA",45.2,2.1,100.0,100sps,2.17,1.563,3.373,3.29,1.55,7.145,340.4,NNW,7.79,13.45,5.8,0,1.402,0.707,0,1,0.53,0.541,1.021,1.527,3.536,2.315,1.407,1.899,1.35,0.756,0.413,0.506,1.225,26.75,0
2026-08-18T12:00:14Z,0.55,"5 km NW of The Geysers, CA",43.2,1.6,100.0,100sps,1.236,1.131,1.135,1.9,0.92,2.354,340.1,NNW,7.45,12.85,1.57,0,0.492,0.68,0,1,0.519,0.533,1.028,1.044,1.031,0.988,1.092,1.268,1.161,0.885,0.405,0.463,1.144,28.86,0
2026-08-18T11:42:29Z,1.09,"2 km NW of The Geysers, CA",39.7,3.8,100.0,100sps,0.925,1.092,1.464,2.11,1.58,1.954,341.0,NNW,6.84,11.81,16.22,0,1.902,0.012,0,0,0.618,0.882,1.427,0.918,1.189,1.295,1.141,1.159,1.015,1.406,0.522,1.462,2.798,8.27,0
2026-08-18T11:33:29Z,1.21,"12 km W of Round Valley, CA",360.3,13.8,100.0,100sps,1.72,1.272,0.815,0.57,0.47,0.972,107.5,ESE,50.4,89.63,38.45,0,0.054,1.258,0,0,0.536,0.542,1.012,1.196,0.605,0.506,1.371,2.189,1.596,0.634,0.426,0.577,1.353,35.45,1
2026-08-18T10:35:14Z,1.82,"8 km NW of Redwood Valley, CA",111.6,6.9,100.0,100sps,0.899,0.806,0.781,0.91,0.87,0.818,329.9,NNW,19.22,33.19,37.55,0,2.374,-0.463,0,0,0.531,0.535,1.007,0.608,0.559,0.92,2.416,2.369,0.981,1.027,0.414,0.501,1.212,35.7,0
2026-08-18T10:08:33Z,1.25,"3 km ESE of Woodside, CA",120.7,4.7,100.0,100sps,0.699,0.701,0.7,1.14,1.0,0.795,162.9,SSE,20.79,35.89,38.5,0,0.563,0.15,0,0,0.521,0.523,1.004,0.454,0.455,1.002,2.241,2.237,0.998,1.005,0.405,0.439,1.083,38.07,0
2026-08-18T09:30:28Z,1.9,"3 km NNE of Portola Valley, CA",121.3,4.6,100.0,100sps,2.21,0.702,0.775,0.42,0.35,0.926,163.0,SSE,20.9,36.08,37.15,0,2.494,-0.43,0,0,0.517,0.539,1.041,0.461,0.533,1.158,2.044,2.053,1.005,1.036,0.403,0.583,1.446,31.55,0
2026-08-18T09:30:11Z,1.07,"3 km ESE of Woodside, CA",120.8,4.6,100.0,100sps,2.875,0.702,0.763,0.29,0.27,0.833,163.0,SSE,20.81,35.93,38.59,0,0.371,0.351,0,0,0.523,0.52,0.993,0.454,0.539,1.187,2.062,2.066,1.002,0.991,0.406,0.479,1.18,38.26,0
2026-08-18T08:46:24Z,1.06,"6 km NW of Pinnacles, CA",244.7,4.5,100.0,100sps,1.171,1.994,0.7,0.59,0.6,0.695,148.2,SSE,37.25,65.81,39.85,0,0.097,0.857,0,0,0.821,0.521,0.635,1.87,0.452,0.242,2.311,2.168,0.938,0.676,0.793,0.471,0.594,37.99,1
2026-08-18T08:32:18Z,1.15,"5 km W of Cobb, CA",44.1,1.1,100.0,100sps,0.856,0.716,0.711,0.82,0.83,0.699,341.4,NNW,7.6,13.12,29.15,0,1.907,-0.436,0,0,0.514,0.507,0.986,0.487,0.487,1.0,0.916,0.901,0.983,1.003,0.407,0.454,1.116,28.35,0
2026-08-18T07:58:30Z,1.3,"6 km NNW of Redwood Valley, CA",109.4,5.0,100.0,100sps,1.216,0.735,1.286,2.34,1.06,2.84,331.2,NNW,18.85,32.54,4.03,0,0.74,0.584,0,1,0.512,0.535,1.045,0.518,1.212,2.34,2.097,2.179,1.039,1.006,0.396,0.548,1.384,32.86,0
2026-08-18T07:51:46Z,0.35,"10 km WNW of The Geysers, CA",46.1,2.2,100.0,100sps,0.946,0.958,0.745,1.19,0.79,1.127,333.5,NNW,7.93,13.7,10.91,0,0.285,0.597,0,0,0.517,0.519,1.003,0.818,0.531,0.65,1.009,1.035,1.026,0.978,0.41,0.45,1.096,28.64,0
2026-08-18T07:38:28Z,0.38,"2 km N of The Geysers, CA",40.0,0.6,100.0,100sps,0.89,1.058,1.061,1.6,1.19,1.421,343.1,NNW,6.89,11.9,19.37,0,0.368,0.587,0,0,0.513,0.52,1.015,0.944,0.937,0.993,2.516,1.33,0.529,1.92,0.397,0.515,1.298,25.9,0
2026-08-18T07:34:58Z,2.46,"7 km NW of Avenal, CA",343.8,10.9,100.0,100sps,1.239,0.914,0.846,1.05,0.68,1.304,140.2,SE,48.71,86.55,11.56,0,1.081,0.081,0,0,0.529,0.523,0.988,0.77,0.667,0.867,2.166,2.253,1.04,0.949,0.411,0.453,1.101,39.39,1
2026-08-18T07:28:20Z,1.12,"3 km NNE of Portola Valley, CA",121.0,4.3,100.0,100sps,1.012,1.01,0.709,0.73,0.7,0.737,163.2,SSE,20.86,36.0,38.79,0,0.415,0.249,0,0,0.522,0.51,0.977,0.885,0.484,0.547,2.094,2.039,0.974,1.003,0.408,0.447,1.094,38.66,0
2026-08-18T07:00:31Z,1.42,"3 km NNE of Portola Valley, CA",121.0,4.6,100.0,100sps,0.843,1.182,2.363,12.17,2.8,10.253,163.0,SSE,20.85,36.0,1.14,0,0.829,1.092,0,1,0.523,0.535,1.022,1.11,2.382,2.145,2.096,2.152,1.027,0.996,0.407,0.518,1.274,36.83,0
2026-08-18T06:58:24Z,1.09,"2 km NNW of The Geysers, CA",40.0,0.8,100.0,100sps,0.855,0.832,1.1,2.39,1.29,2.047,342.3,NNW,6.89,11.9,3.67,0,1.886,0.036,0,1,0.519,0.536,1.032,0.662,1.016,1.536,2.103,2.223,1.057,0.976,0.405,0.473,1.168,28.22,0
2026-08-18T06:47:12Z,2.04,"3 km ESE of The Geysers, CA",36.1,1.5,100.0,100sps,1.181,1.15,4.297,7.19,3.64,8.496,344.7,NNW,6.22,10.74,8.19,1,19.137,-0.353,1,1,0.535,1.912,3.573,1.037,3.711,3.578,2.448,2.684,1.096,3.26,0.436,3.681,8.446,10.42,0
2026-08-18T06:45:03Z,1.38,"6 km NNW of Redwood Valley, CA",109.5,4.3,100.0,100sps,1.25,1.158,2.568,4.47,2.05,5.592,331.1,NNW,18.88,32.58,3.95,0,0.888,0.799,0,1,0.517,0.522,1.008,1.082,2.618,2.42,2.429,2.588,1.065,0.946,0.406,0.553,1.361,33.08,0
2026-08-18T06:42:02Z,0.35,"8 km NW of The Geysers, CA",45.5,2.2,100.0,100sps,1.195,1.391,1.073,1.3,0.9,1.553,338.6,NNW,7.84,13.53,16.34,0,0.29,0.728,0,0,0.521,0.516,0.989,1.34,0.959,0.715,2.453,2.454,1.001,0.989,0.416,0.45,1.083,28.77,0
2026-08-18T05:51:43Z,0.78,"3 km NNE of Portola Valley, CA",121.2,4.2,100.0,100sps,1.431,1.155,1.431,1.5,1.0,2.144,163.1,SSE,20.89,36.06,13.51,0,0.189,1.054,0,0,0.528,0.549,1.039,1.068,1.384,1.295,0.894,1.012,1.132,0.918,0.416,0.618,1.485,28.78,0
2026-08-18T05:30:07Z,1.28,"6 km WNW of Cobb, CA",45.1,1.3,100.0,100sps,0.919,1.34,1.461,2.43,1.59,2.238,341.7,NNW,7.77,13.41,10.8,0,2.5,-0.048,0,0,0.516,0.553,1.073,1.28,1.42,1.11,0.967,1.065,1.101,0.975,0.415,0.496,1.194,28.78,0
2026-08-18T04:20:36Z,1.04,"3 km SE of Pacifica, CA",96.3,8.5,100.0,100sps,1.686,1.761,1.593,1.75,0.95,2.945,171.7,S,16.59,28.64,6.28,0,0.496,0.774,0,0,0.533,0.55,1.031,1.747,1.564,0.896,2.64,2.691,1.019,1.011,0.427,0.577,1.35,31.37,0
2026-08-18T03:55:05Z,1.21,"8 km NW of The Geysers, CA",45.4,1.6,100.0,100sps,1.596,1.161,2.05,3.4,1.28,5.425,337.6,NNW,7.83,13.52,1.84,0,2.109,0.41,0,1,0.513,0.518,1.01,1.074,2.176,2.027,2.658,2.696,1.014,0.995,0.413,0.46,1.113,28.38,0
2026-08-18T03:53:22Z,0.45,"2 km NNE of The Geysers, CA",39.6,2.3,100.0,100sps,1.595,1.32,0.944,0.7,0.59,1.121,343.6,NNW,6.82,11.78,26.13,0,0.438,0.409,0,0,0.526,0.517,0.982,1.246,0.815,0.654,2.546,2.595,1.02,0.963,0.418,0.476,1.137,27.79,0
2026-08-18T03:40:51Z,1.09,"7 km NW of Pinnacles, CA",243.9,3.0,100.0,100sps,2.921,3.532,1.526,1.52,0.52,4.446,148.5,SSE,37.33,65.93,1.24,0,0.104,1.63,0,1,0.698,0.654,0.937,3.661,1.462,0.399,2.813,2.183,0.776,1.207,0.526,0.708,1.344,29.07,1
2026-08-18T03:13:59Z,1.15,"18 km SW of Toms Place, CA",351.1,4.2,100.0,100sps,3.35,8.438,3.44,1.93,1.03,6.454,107.3,ESE,50.43,89.52,9.14,0,0.05,2.11,0,0,0.904,0.61,0.675,8.878,3.511,0.395,6.696,2.429,0.363,1.861,0.81,0.71,0.877,28.48,1
2026-08-18T02:16:40Z,1.08,"6 km WNW of The Geysers, CA",42.5,2.8,100.0,100sps,2.224,2.226,2.996,2.41,1.35,5.361,336.1,NNW,7.33,12.65,8.45,0,1.702,0.498,0,0,0.67,0.586,0.876,2.222,3.014,1.356,3.144,2.524,0.803,1.091,0.586,0.693,1.184,21.53,0
2026-08-18T02:00:34Z,0.66,"8 km WNW of Cobb, CA",45.9,2.1,100.0,100sps,2.433,2.503,1.812,0.91,0.74,2.224,339.3,NNW,7.91,13.65,24.4,0,0.586,0.579,0,0,0.539,0.538,0.999,2.529,1.785,0.706,2.7,2.672,0.989,1.01,0.434,0.501,1.154,27.67,0
2026-08-18T01:46:39Z,0.44,"7 km W of Cobb, CA",44.7,1.9,100.0,100sps,2.232,3.119,1.761,0.97,0.79,2.154,339.6,NNW,7.71,13.31,25.19,0,0.365,0.771,0,0,0.544,0.53,0.973,3.25,1.76,0.541,4.426,4.107,0.928,1.049,0.434,0.63,1.451,20.09,0
2026-08-18T00:38:40Z,1.06,"7 km W of Cobb, CA",44.7,1.8,100.0,100sps,3.02,2.777,41.274,40.8,13.67,123.232,339.7,NNW,7.72,13.32,2.51,0,1.521,1.909,1,1,0.536,1.313,2.45,2.844,42.051,14.785,3.936,5.885,1.495,1.639,0.429,3.191,7.431,1.55,0
2026-08-18T00:12:59Z,0.29,"3 km SE of The Geysers, CA",35.4,2.0,100.0,100sps,3.304,2.461,3.702,2.18,1.12,7.2,344.9,NNW,6.1,10.52,3.9,0,0.349,1.314,0,0,0.625,0.697,1.115,2.47,3.756,1.521,2.038,3.982,1.954,0.57,0.535,1.061,1.981,11.35,0
2026-08-17T23:52:13Z,0.89,"8 km WNW of Templeton, CA",359.5,4.4,100.0,100sps,4.948,3.228,3.224,1.06,0.65,5.255,152.6,SSE,51.46,91.36,16.07,0,0.026,2.308,0,0,0.64,0.583,0.91,3.409,3.301,0.968,3.887,4.283,1.102,0.826,0.537,0.698,1.299,25.75,1
2026-08-17T23:47:12Z,1.15,"8 km WNW of Templeton, CA",360.1,4.3,100.0,100sps,4.576,3.682,3.631,1.49,0.79,6.822,152.5,SSE,51.54,91.5,7.46,0,0.047,2.163,0,0,0.554,0.591,1.068,3.762,3.686,0.98,2.01,2.122,1.056,1.011,0.446,0.696,1.562,26.65,1
2026-08-17T23:31:26Z,0.39,"3 km SE of The Geysers, CA",35.7,2.0,100.0,100sps,3.701,3.448,3.205,1.14,0.87,4.212,344.8,NNW,6.15,10.61,21.72,0,0.435,0.986,0,0,0.567,0.642,1.134,3.596,3.24,0.901,4.351,4.155,0.955,1.187,0.477,0.856,1.796,13.04,0
2026-08-17T23:13:34Z,0.27,"7 km W of Cobb, CA",44.8,1.7,100.0,100sps,3.987,6.818,3.922,1.28,0.98,5.111,339.6,NNW,7.72,13.33,23.52,0,0.246,1.317,0,0,0.786,0.636,0.81,7.263,4.101,0.565,4.618,4.356,0.943,0.858,0.675,0.701,1.038,23.25,0
2026-08-17T22:29:45Z,1.54,"7 km W of Cobb, CA",44.6,1.7,100.0,100sps,3.992,6.233,2.845,1.36,0.71,5.439,339.6,NNW,7.69,13.28,2.86,0,4.61,0.072,0,0,0.623,0.562,0.903,6.494,2.954,0.455,4.018,3.58,0.891,1.013,0.534,0.623,1.165,21.71,0
2026-08-17T22:23:30Z,0.41,"8 km NW of The Geysers, CA",45.8,1.4,100.0,100sps,3.645,4.908,2.867,1.58,0.79,5.771,337.8,NNW,7.9,13.63,3.86,0,0.33,1.242,0,1,0.711,0.568,0.8,5.081,2.995,0.59,2.954,1.948,0.659,1.214,0.62,0.615,0.992,24.61,0
2026-08-17T22:23:11Z,0.46,"8 km NW of The Geysers, CA",45.7,1.7,100.0,100sps,3.638,4.475,3.341,1.33,0.92,4.831,337.8,NNW,7.88,13.61,13.12,0,0.372,1.114,0,0,0.706,0.534,0.756,4.602,3.415,0.742,2.806,1.914,0.682,1.109,0.617,0.559,0.905,25.46,0
2026-08-17T22:21:44Z,0.47,"7 km W of Cobb, CA",45.2,2.3,100.0,100sps,3.847,3.386,4.454,2.28,1.16,8.758,340.0,NNW,7.78,13.42,2.93,0,0.386,1.356,0,1,0.581,0.691,1.19,3.508,4.589,1.308,1.958,2.712,1.385,0.859,0.488,0.763,1.564,22.29,0
2026-08-17T22:13:09Z,3.0,"51 km W of Petrolia, CA",287.1,14.9,100.0,100sps,4.346,3.248,2.779,1.23,0.64,5.362,317.9,NW,41.19,73.1,6.04,0,5.863,-0.039,0,1,0.605,0.579,0.958,3.325,2.847,0.856,3.453,3.543,1.026,0.933,0.511,0.679,1.328,25.6,0
2026-08-17T21:15:51Z,0.23,"8 km WNW of Cobb, CA",46.2,1.7,100.0,100sps,3.552,4.03,3.547,1.74,1.0,6.179,339.1,NNW,7.96,13.73,5.06,0,0.216,1.456,0,0,0.795,0.626,0.787,4.107,3.725,0.907,2.172,1.951,0.898,0.876,0.73,0.803,1.101,14.97,0
2026-08-17T20:56:05Z,1.16,"7 km ESE of Cloverdale, CA",46.2,5.2,100.0,100sps,3.063,4.581,2.333,1.13,0.76,3.45,322.8,NW,7.97,13.75,14.75,0,1.835,0.274,0,0,0.609,0.571,0.937,4.922,2.351,0.478,3.06,1.705,0.557,1.681,0.505,0.739,1.464,16.03,0
2026-08-17T20:22:41Z,1.74,"7 km ENE of Bonadelle Ranchos-Madera Ranchos, CA",296.1,-0.4,100.0,100sps,6.079,7.05,2.709,0.7,0.45,4.28,122.1,ESE,44.14,78.13,15.35,0,0.299,1.155,0,0,0.758,0.715,0.943,7.411,2.712,0.366,3.383,1.841,0.544,1.734,0.634,1.143,1.801,11.81,1
2026-08-17T19:13:06Z,0.79,"1 km ENE of The Geysers, CA",38.3,0.6,100.0,100sps,4.88,3.448,3.477,0.98,0.71,4.782,343.7,NNW,6.61,11.41,17.44,0,0.997,0.681,0,0,0.634,0.666,1.05,3.59,3.563,0.992,2.005,2.198,1.096,0.958,0.544,0.762,1.4,23.63,0
2026-08-17T18:52:05Z,2.49,"28 km SE of Bodie, CA",337.6,12.8,100.0,100sps,4.067,4.42,2.562,0.87,0.63,3.557,97.0,E,47.7,84.76,21.39,0,1.215,0.467,0,0,0.665,0.58,0.872,4.722,2.587,0.548,2.449,1.963,0.802,1.087,0.574,0.686,1.195,26.96,1
2026-08-17T18:19:21Z,0.01,"5 km NW of The Geysers, CA",43.1,0.8,100.0,100sps,4.159,3.623,3.267,1.01,0.79,4.201,338.8,NNW,7.44,12.84,22.01,0,0.142,1.47,0,0,0.647,0.609,0.94,3.762,3.392,0.902,2.87,2.63,0.916,1.026,0.551,0.746,1.355,14.74,0
2026-08-17T17:35:36Z,0.96,"7 km NW of The Geysers, CA",44.7,2.3,100.0,100sps,4.312,2.604,2.742,0.98,0.64,4.239,338.4,NNW,7.7,13.29,13.49,0,1.211,0.544,0,0,0.59,0.584,0.99,2.668,2.757,1.034,1.515,1.785,1.178,0.84,0.485,0.693,1.429,18.88,0
2026-08-17T17:11:58Z,2.53,"18 km SW of Toms Place, CA",350.9,3.7,100.0,100sps,3.098,3.347,4.183,3.32,1.35,10.297,107.4,ESE,50.48,89.59,3.55,0,1.204,0.932,0,1,0.677,0.776,1.147,3.423,4.319,1.262,2.536,2.51,0.99,1.159,0.589,1.802,3.059,3.73,1
2026-08-17T16:20:13Z,1.05,"13 km NW of Pinnacles, CA",238.0,5.6,100.0,100sps,3.141,4.837,3.177,1.93,1.01,6.07,149.0,SSE,36.27,64.08,8.35,0,0.1,1.782,0,1,0.686,0.662,0.965,4.978,3.216,0.646,3.182,2.645,0.831,1.161,0.603,0.76,1.261,28.16,1
2026-08-17T16:19:47Z,1.2,"6 km NNW of Redwood Valley, CA",109.7,4.5,100.0,100sps,3.138,4.465,1.831,1.31,0.58,4.108,331.2,NNW,18.9,32.62,2.51,0,0.585,0.846,0,1,0.664,0.557,0.838,4.615,1.82,0.394,3.054,2.503,0.82,1.023,0.571,0.596,1.043,29.17,0
2026-08-17T16:05:40Z,0.76,"10 km WNW of The Geysers, CA",45.9,2.5,100.0,100sps,5.974,2.01,2.445,0.66,0.41,3.932,334.2,NNW,7.9,13.64,10.4,0,0.738,0.727,0,0,0.57,0.641,1.123,1.99,2.467,1.24,2.346,2.124,0.905,1.241,0.465,0.738,1.587,20.2,0
2026-08-17T14:27:57Z,0.67,"4 km NNE of San Leandro, CA",88.5,5.5,100.0,100sps,3.836,2.107,3.585,2.0,0.93,7.689,151.3,SSE,15.26,26.34,4.46,0,0.24,1.505,0,1,0.553,0.614,1.109,2.133,3.709,1.739,2.52,2.958,1.174,0.945,0.443,0.831,1.874,13.03,0
2026-08-17T14:15:24Z,1.36,"14 km WSW of Toms Place, CA",347.6,4.1,100.0,100sps,3.395,3.103,1.775,0.93,0.52,3.151,106.0,ESE,50.02,88.77,9.03,0,0.083,1.577,0,0,0.648,0.558,0.861,3.21,1.738,0.542,2.418,1.943,0.804,1.072,0.56,0.537,0.959,37.07,1
2026-08-17T14:09:37Z,0.71,"6 km WNW of The Geysers, CA",43.2,3.5,100.0,100sps,2.706,2.777,3.46,2.66,1.28,7.19,337.0,NNW,7.44,12.84,4.26,0,0.712,1.004,0,1,0.63,0.653,1.036,2.845,3.56,1.251,2.271,2.328,1.025,1.011,0.546,0.696,1.274,22.19,0
2026-08-17T13:16:49Z,0.76,"2 km N of The Geysers, CA",39.8,0.2,100.0,100sps,1.929,2.799,1.298,1.02,0.67,1.977,342.7,NNW,6.87,11.86,9.48,0,0.886,0.349,0,0,0.534,0.533,1.0,2.896,1.224,0.423,2.051,1.264,0.616,1.622,0.428,0.453,1.059,28.5,0
2026-08-17T13:13:43Z,1.78,"7 km NNW of Pinnacles, CA",243.6,3.6,100.0,100sps,1.737,2.674,1.585,1.36,0.91,2.361,148.0,SSE,37.22,65.74,17.22,0,0.512,0.664,0,0,0.596,0.548,0.919,2.727,1.528,0.56,2.401,1.696,0.706,1.3,0.499,0.601,1.205,31.48,1
2026-08-17T13:12:28Z,0.41,"2 km NW of The Geysers, CA",39.6,1.4,100.0,100sps,2.227,1.6,1.92,1.17,0.86,2.603,341.1,NNW,6.82,11.77,22.3,0,0.399,0.814,0,0,0.528,0.561,1.064,1.566,1.902,1.215,1.619,2.043,1.262,0.843,0.411,0.61,1.485,21.65,0
2026-08-17T13:09:33Z,1.12,"4 km W of Cobb, CA",43.3,2.2,100.0,100sps,2.083,1.998,1.62,1.45,0.78,3.029,343.1,NNW,7.47,12.89,3.81,0,1.825,0.22,0,0,0.54,0.539,0.998,2.011,1.567,0.779,1.79,1.639,0.915,1.09,0.431,0.498,1.157,28.38,0
2026-08-17T13:00:26Z,0.28,"10 km WNW of The Geysers, CA",46.3,2.4,100.0,100sps,1.775,1.291,5.462,6.57,3.08,11.658,334.1,NNW,7.97,13.76,6.35,0,0.242,1.683,1,0,0.564,0.985,1.746,1.167,5.448,4.669,0.987,2.573,2.606,0.67,0.461,2.027,4.398,5.88,0
2026-08-17T12:43:16Z,0.84,"3 km SE of The Geysers, CA",35.4,2.0,100.0,100sps,1.875,2.5,1.423,1.92,0.76,3.599,344.9,NNW,6.1,10.52,3.15,0,1.24,0.463,0,1,0.535,0.537,1.003,2.568,1.347,0.524,1.296,1.347,1.039,0.965,0.419,0.49,1.168,26.86,0
2026-08-17T12:16:49Z,0.65,"23 km NE of Alum Rock, CA",138.4,7.3,100.0,100sps,1.309,1.782,0.853,0.8,0.65,1.051,140.4,SE,23.74,41.08,37.67,0,0.112,0.971,0,0,0.545,0.535,0.981,1.768,0.663,0.375,2.164,1.899,0.878,1.118,0.439,0.55,1.253,33.11,0
2026-08-17T11:52:14Z,0.83,"6 km NW of The Geysers, CA",44.3,3.1,100.0,100sps,1.565,2.088,0.94,0.79,0.6,1.237,338.9,NNW,7.64,13.18,23.5,0,0.907,0.135,0,0,0.93,0.589,0.634,1.91,0.731,0.383,1.719,1.089,0.633,1.001,0.873,0.671,0.769,18.87,0
2026-08-17T11:51:58Z,1.54,"6 km NW of The Geysers, CA",44.3,3.1,100.0,100sps,1.611,2.364,0.992,0.77,0.62,1.237,338.9,NNW,7.64,13.18,27.45,0,4.65,-0.575,0,0,0.976,0.627,0.642,2.2,0.76,0.346,1.81,1.117,0.617,1.041,0.924,0.753,0.815,19.55,0
2026-08-17T11:11:18Z,1.95,"6 km NNW of Pinnacles, CA",244.6,3.2,100.0,100sps,0.836,0.781,0.792,1.06,0.95,0.891,148.2,SSE,37.39,66.04,39.6,0,0.751,0.074,0,0,0.523,0.524,1.002,0.572,0.584,1.021,1.963,1.927,0.982,1.02,0.406,0.522,1.286,35.67,1
2026-08-17T10:59:17Z,0.82,"12 km SSE of Livermore, CA",125.2,7.9,100.0,100sps,0.785,0.915,1.037,3.07,1.32,2.406,140.1,SE,21.56,37.22,2.24,0,0.197,1.087,0,1,0.54,0.519,0.96,0.745,0.923,1.239,1.005,1.477,1.47,0.653,0.424,0.454,1.07,38.27,0
2026-08-17T10:34:53Z,1.1,"11 km NNW of Hollister, CA",198.2,8.1,100.0,100sps,0.927,0.792,0.828,1.01,0.89,0.939,147.7,SSE,31.05,54.73,39.41,0,0.164,0.758,0,0,0.537,0.531,0.989,0.572,0.63,1.102,1.873,1.877,1.002,0.987,0.425,0.534,1.254,37.49,1
2026-08-17T09:08:56Z,0.45,"2 km N of The Geysers, CA",39.9,1.0,100.0,100sps,0.807,0.855,1.246,3.34,1.54,2.692,342.6,NNW,6.88,11.88,3.79,0,0.433,0.794,0,0,0.536,0.536,1.0,0.666,1.164,1.749,0.907,1.046,1.153,0.867,0.421,0.553,1.315,25.17,0
2026-08-17T08:43:55Z,1.02,"6 km WNW of Cobb, CA",45.4,1.9,100.0,100sps,0.953,1.074,0.788,0.87,0.83,0.829,341.1,NNW,7.81,13.49,29.25,0,1.362,-0.215,0,0,0.525,0.54,1.029,0.972,0.562,0.578,0.996,0.867,0.871,1.182,0.413,0.469,1.136,28.91,0
2026-08-17T08:29:06Z,0.45,"10 km NW of The Geysers, CA",46.5,2.0,100.0,100sps,1.261,0.738,1.096,1.29,0.87,1.623,334.4,NNW,8.02,13.85,16.18,0,0.355,0.66,0,0,0.519,0.514,0.99,0.517,0.988,1.911,1.963,2.067,1.053,0.94,0.408,0.53,1.3,25.88,0
2026-08-17T08:22:08Z,1.07,"2 km ESE of Concord, CA",78.6,13.4,100.0,100sps,1.112,3.116,0.75,0.68,0.67,0.76,134.9,SE,13.53,23.36,33.7,0,0.719,0.024,0,0,0.579,0.543,0.937,3.249,0.504,0.155,2.458,1.97,0.801,1.169,0.48,0.495,1.031,32.41,0
2026-08-17T08:18:41Z,2.55,"2 km SE of Concord, CA",79.7,16.1,100.0,100sps,0.794,0.73,2.876,6.01,3.62,4.771,135.4,SE,13.72,23.69,10.58,1,21.267,-0.649,1,1,0.52,2.011,3.871,0.5,1.817,3.632,2.115,2.085,0.986,3.925,0.412,4.539,11.022,4.73,0
2026-08-17T08:14:06Z,0.27,"2 km NW of The Geysers, CA",39.7,1.9,100.0,100sps,0.795,3.568,0.921,1.77,1.16,1.409,341.1,NNW,6.85,11.83,9.26,0,0.288,0.69,0,0,0.849,0.566,0.666,3.681,0.745,0.202,3.027,1.11,0.367,1.816,0.828,0.668,0.806,20.56,0
2026-08-17T07:53:49Z,1.39,"6 km WSW of Daly City, CA",88.2,10.3,100.0,100sps,0.789,0.782,0.81,2.44,1.03,1.928,174.4,S,15.2,26.23,1.62,0,1.267,0.182,0,0,0.512,0.525,1.025,0.591,0.627,1.061,2.016,2.008,0.996,1.029,0.403,0.543,1.347,30.3,0
2026-08-17T07:45:55Z,0.97,"4 km NW of The Geysers, CA",41.6,3.5,100.0,100sps,0.715,0.69,0.692,1.02,0.97,0.73,338.9,NNW,7.17,12.38,28.79,0,1.358,-0.269,0,0,0.502,0.51,1.017,0.463,0.453,0.978,2.144,2.062,0.962,1.057,0.392,0.483,1.233,26.61,0
2026-08-17T07:32:51Z,0.74,"7 km NW of The Geysers, CA",44.6,2.5,100.0,100sps,0.916,0.938,0.713,0.89,0.78,0.818,339.1,NNW,7.68,13.26,29.13,0,0.731,0.049,0,0,0.519,0.507,0.978,0.793,0.484,0.611,1.282,1.084,0.845,1.157,0.41,0.423,1.03,28.75,0
2026-08-17T07:25:51Z,1.37,"8 km NW of Redwood Valley, CA",111.9,7.1,100.0,100sps,1.064,0.801,0.912,1.2,0.86,1.279,330.3,NNW,19.29,33.29,16.87,0,0.838,0.184,0,0,0.535,0.514,0.96,0.589,0.76,1.29,1.96,2.092,1.068,0.899,0.422,0.518,1.226,34.08,0
2026-08-17T07:19:36Z,0.92,"9 km WNW of Cobb, CA",47.1,2.1,100.0,100sps,0.792,1.011,0.755,0.93,0.95,0.737,338.0,NNW,8.12,14.02,29.63,0,1.03,-0.145,0,0,0.526,0.523,0.996,0.878,0.532,0.606,2.086,1.924,0.922,1.079,0.416,0.484,1.163,28.59,0
2026-08-17T06:38:25Z,0.9,"5 km WNW of Cobb, CA",45.0,2.7,100.0,100sps,1.192,1.978,1.478,2.14,1.24,2.548,341.7,NNW,7.75,13.38,6.67,0,1.045,0.387,0,0,0.649,0.643,0.99,1.931,1.378,0.714,0.993,1.883,1.896,0.522,0.516,0.725,1.404,22.78,0
2026-08-17T06:25:49Z,0.69,"8 km WNW of Cobb, CA",46.0,1.8,100.0,100sps,0.996,1.442,1.249,1.42,1.25,1.413,338.9,NNW,7.92,13.67,27.77,0,0.626,0.353,0,0,0.517,0.499,0.964,1.401,1.167,0.833,1.141,1.082,0.948,1.017,0.412,0.44,1.067,28.17,0
2026-08-17T06:23:48Z,1.46,"8 km WNW of Cobb, CA",45.9,2.0,100.0,100sps,1.3,1.345,0.87,0.84,0.67,1.097,339.0,NNW,7.9,13.64,26.89,0,3.698,-0.528,0,0,0.51,0.559,1.095,1.276,0.658,0.516,1.28,0.803,0.628,1.745,0.402,0.613,1.525,24.5,0
2026-08-17T06:22:34Z,0.49,"7 km NW of The Geysers, CA",44.6,2.8,100.0,100sps,1.296,0.891,1.157,1.45,0.89,1.876,338.1,NNW,7.69,13.27,9.18,0,0.411,0.659,0,0,0.518,0.506,0.976,0.727,1.063,1.463,1.65,1.136,0.689,1.417,0.409,0.448,1.097,28.38,0
2026-08-17T06:11:02Z,0.71,"1 km ESE of The Geysers, CA",37.7,1.8,100.0,100sps,1.048,1.008,1.264,2.13,1.21,2.238,342.7,NNW,6.51,11.23,6.94,0,0.846,0.422,0,0,0.543,0.504,0.928,0.864,1.187,1.373,1.696,1.76,1.038,0.894,0.439,0.482,1.097,27.67,0
2026-08-17T05:37:58Z,0.67,"7 km ESE of Cloverdale, CA",47.2,5.0,100.0,100sps,1.964,1.209,1.739,1.93,0.89,3.794,324.1,NW,8.13,14.04,3.31,0,0.578,0.817,0,1,0.515,0.494,0.959,1.129,1.715,1.519,1.501,1.644,1.096,0.875,0.404,0.43,1.064,28.27,0
2026-08-17T05:06:19Z,0.9,"23 km SE of Pinnacles, CA",273.0,9.9,100.0,100sps,1.647,1.329,2.158,3.0,1.31,4.946,147.2,SSE,40.08,71.0,4.12,0,0.052,1.975,0,1,0.531,0.52,0.98,1.252,2.224,1.776,1.483,1.715,1.157,0.847,0.425,0.598,1.406,26.73,1
2026-08-17T04:44:28Z,0.99,"7 km E of Cloverdale, CA",47.3,5.2,100.0,100sps,1.693,4.761,1.576,2.27,0.93,3.844,324.3,NW,8.15,14.07,1.67,0,1.203,0.504,0,0,0.571,0.51,0.893,4.763,1.558,0.327,2.502,2.261,0.904,0.989,0.465,0.544,1.17,25.94,0
2026-08-17T04:38:33Z,0.77,"5 km WNW of The Geysers, CA",42.3,3.8,100.0,100sps,1.377,1.198,1.371,1.87,1.0,2.573,336.8,NNW,7.29,12.58,5.65,0,0.839,0.487,0,0,0.53,0.52,0.981,1.105,1.301,1.177,2.291,2.181,0.952,1.031,0.419,0.488,1.164,27.4,0
2026-08-17T03:53:00Z,1.51,"29 km N of Shasta Lake, CA",277.9,14.2,100.0,100sps,1.493,2.718,1.224,1.49,0.82,2.223,3.8,N,40.15,71.2,6.48,0,0.205,1.036,0,0,0.546,0.514,0.942,2.793,1.157,0.414,3.154,2.5,0.793,1.189,0.442,0.507,1.148,36.91,1
2026-08-17T03:47:33Z,1.71,"9 km ESE of Lake Pillsbury, CA",104.2,7.0,100.0,100sps,2.523,1.704,1.465,0.87,0.58,2.192,347.9,NNW,17.96,31.01,19.18,0,2.051,0.029,0,0,0.521,0.524,1.005,1.663,1.404,0.844,2.162,2.864,1.325,0.759,0.412,0.538,1.307,33.49,0
2026-08-17T03:39:51Z,0.87,"5 km NW of Pinnacles, CA",245.2,4.1,100.0,100sps,1.943,1.353,2.139,2.59,1.1,5.029,148.3,SSE,37.36,66.0,3.67,0,0.062,1.908,0,1,0.513,0.519,1.011,1.304,2.134,1.636,2.093,2.276,1.088,0.929,0.403,0.477,1.184,37.61,1
2026-08-17T03:24:49Z,0.71,"11 km WNW of Cobb, CA",48.3,1.6,100.0,100sps,1.572,2.082,2.186,2.01,1.39,3.162,336.1,NNW,8.33,14.38,15.67,0,0.615,0.711,0,0,0.56,0.564,1.008,2.102,2.185,1.039,4.423,4.489,1.015,0.993,0.455,0.593,1.304,23.32,0
2026-08-17T03:08:04Z,0.58,"6 km WNW of Cobb, CA",45.1,1.9,100.0,100sps,2.245,2.924,1.934,0.97,0.86,2.167,341.4,NNW,7.76,13.4,29.12,0,0.499,0.638,0,0,0.55,0.537,0.977,3.021,1.932,0.639,4.314,4.512,1.046,0.934,0.443,0.619,1.397,18.34,0
2026-08-17T03:06:03Z,0.15,"3 km WSW of Anderson Springs, CA",35.7,1.9,100.0,100sps,2.321,2.08,1.925,1.11,0.83,2.566,345.5,NNW,6.16,10.63,18.76,0,0.25,1.011,0,0,0.532,0.521,0.979,2.086,1.939,0.929,4.223,4.257,1.008,0.972,0.419,0.568,1.355,21.98,0
2026-08-17T02:31:37Z,0.4,"8 km NW of The Geysers, CA",45.5,1.6,100.0,100sps,2.327,2.654,1.271,0.84,0.55,1.951,337.4,NNW,7.83,13.52,12.4,0,0.326,0.777,0,0,0.542,0.495,0.913,2.769,1.188,0.429,2.235,1.891,0.846,1.079,0.435,0.448,1.032,27.9,0
2026-08-17T02:31:09Z,1.27,"14 km WSW of Bonny Doon, CA",167.2,4.0,100.0,100sps,2.238,2.355,1.395,1.02,0.62,2.288,169.6,S,27.71,48.65,12.58,0,0.335,0.834,0,0,0.548,0.506,0.922,2.391,1.336,0.559,2.101,1.937,0.922,1.0,0.439,0.476,1.086,38.48,1
2026-08-17T02:30:21Z,0.31,"7 km WNW of Cobb, CA",46.0,2.1,100.0,100sps,2.318,2.468,1.254,0.63,0.54,1.464,339.4,NNW,7.93,13.68,26.23,0,0.261,0.749,0,0,0.548,0.519,0.947,2.515,1.164,0.463,2.166,1.927,0.889,1.065,0.43,0.633,1.472,16.57,0
2026-08-17T02:17:16Z,0.65,"10 km E of Alum Rock, CA",146.0,3.6,100.0,100sps,2.361,2.56,2.135,2.15,0.9,5.075,146.7,SSE,25.14,43.44,1.18,0,0.102,1.695,0,1,0.529,0.553,1.045,2.646,2.197,0.83,3.605,3.971,1.102,0.949,0.427,0.564,1.319,33.18,0
2026-08-17T01:59:47Z,0.56,"3 km SE of Pacifica, CA",96.9,9.0,100.0,100sps,2.372,2.47,2.172,1.56,0.92,3.701,172.0,S,16.69,28.81,9.51,0,0.163,1.357,0,0,0.547,0.538,0.983,2.505,2.19,0.875,3.864,4.164,1.078,0.913,0.436,0.521,1.196,32.64,0
2026-08-17T01:53:08Z,0.35,"2 km W of The Geysers, CA",39.2,3.4,100.0,100sps,2.387,1.782,1.202,0.83,0.5,1.979,339.5,NNW,6.76,11.67,7.03,0,0.352,0.75,0,0,0.517,0.522,1.009,1.768,1.114,0.63,1.817,1.477,0.812,1.242,0.412,0.493,1.196,26.98,0
2026-08-17T01:19:50Z,0.39,"8 km NW of The Geysers, CA",45.2,0.7,100.0,100sps,3.001,6.025,2.461,1.1,0.82,3.291,336.1,NNW,7.79,13.44,19.66,0,0.321,1.01,0,0,0.679,0.595,0.876,6.181,2.521,0.408,4.144,3.797,0.916,0.956,0.589,0.643,1.093,23.55,0
2026-08-17T00:37:11Z,0.75,"2 km N of The Geysers, CA",39.8,2.8,100.0,100sps,2.687,2.364,2.244,1.31,0.84,3.531,342.3,NNW,6.86,11.84,11.08,0,0.867,0.61,0,0,0.544,0.571,1.049,2.439,2.233,0.916,2.305,2.047,0.888,1.182,0.431,0.587,1.361,25.26,0
2026-08-16T23:45:54Z,1.05,"11 km WNW of Cobb, CA",49.8,-0.8,100.0,100sps,3.153,3.245,1.835,0.76,0.58,2.382,337.3,NNW,8.59,14.82,23.99,0,1.291,0.266,0,0,0.565,0.56,0.991,3.324,1.818,0.547,3.943,3.704,0.94,1.055,0.463,0.63,1.361,21.61,0
2026-08-16T23:45:08Z,0.42,"11 km WNW of Cobb, CA",48.5,1.3,100.0,100sps,3.241,2.876,4.334,2.48,1.34,8.047,336.2,NNW,8.36,14.43,5.53,0,0.314,1.409,0,1,0.548,0.58,1.059,2.983,4.463,1.496,3.917,4.093,1.045,1.013,0.44,0.609,1.385,25.72,0
2026-08-16T23:43:31Z,0.84,"6 km NW of The Geysers, CA",44.0,3.0,100.0,100sps,2.641,2.871,3.499,1.95,1.32,5.158,337.9,NNW,7.58,13.08,13.31,0,0.938,0.74,0,0,0.604,0.572,0.947,2.896,3.683,1.272,4.006,4.193,1.047,0.905,0.519,0.785,1.513,11.91,0
2026-08-16T23:18:04Z,0.74,"13 km SSE of Livermore, CA",126.1,3.8,100.0,100sps,3.596,3.756,2.405,1.27,0.67,4.574,140.2,SE,21.74,37.53,6.38,0,0.162,1.451,0,0,0.674,0.538,0.798,3.871,2.509,0.648,2.213,2.235,1.01,0.789,0.59,0.556,0.943,33.52,0
2026-08-16T23:16:59Z,1.3,"8 km NW of The Geysers, CA",45.5,2.2,100.0,100sps,2.198,5.029,4.221,3.76,1.92,8.266,338.2,NNW,7.84,13.53,4.84,0,2.59,0.504,0,1,0.714,0.703,0.984,5.24,4.374,0.835,2.459,2.455,0.998,0.986,0.64,0.98,1.53,11.81,0
2026-08-16T22:58:42Z,0.73,"7 km NW of Pinnacles, CA",243.6,4.2,100.0,100sps,2.659,2.957,2.297,1.39,0.86,3.708,148.3,SSE,37.14,65.61,15.74,0,0.046,1.91,0,0,0.534,0.56,1.048,3.069,2.319,0.755,2.31,4.426,1.916,0.547,0.426,0.582,1.366,32.32,1
2026-08-16T21:31:36Z,1.82,"6 km W of Cobb, CA",44.7,1.7,100.0,100sps,2.224,2.047,3.557,2.79,1.6,6.214,341.0,NNW,7.69,13.28,9.0,0,8.773,-0.15,0,1,0.545,0.789,1.448,2.059,3.675,1.785,1.631,2.25,1.379,1.05,0.438,1.344,3.071,7.67,0
2026-08-16T21:22:22Z,0.91,"14 km ENE of San Miguel, CA",345.8,10.8,100.0,100sps,2.789,2.466,3.083,1.85,1.11,5.163,147.4,SSE,48.97,87.0,15.48,0,0.03,2.235,0,0,0.552,0.552,0.999,2.488,3.212,1.291,2.533,1.765,0.697,1.434,0.446,0.898,2.015,4.72,1
2026-08-16T21:15:39Z,1.16,"7 km SE of Cloverdale, CA",45.2,0.5,100.0,100sps,3.143,2.945,2.362,1.34,0.75,4.212,319.5,NW,7.8,13.47,5.86,0,1.887,0.349,0,0,0.559,0.565,1.01,3.067,2.387,0.778,1.946,1.947,1.001,1.01,0.454,0.554,1.22,26.56,0
2026-08-16T20:55:27Z,1.24,"10 km N of Redwood Valley, CA",113.3,8.1,100.0,100sps,2.618,3.257,2.616,1.55,1.0,4.065,333.4,NNW,19.52,33.69,13.33,0,0.609,0.824,0,0,0.586,0.523,0.892,3.381,2.783,0.823,2.453,2.747,1.12,0.797,0.487,0.551,1.131,31.57,0
2026-08-16T20:46:09Z,0.3,"3 km NW of The Geysers, CA",40.8,3.3,100.0,100sps,2.455,2.704,4.184,4.02,1.7,9.877,340.6,NNW,7.03,12.14,1.76,0,0.298,1.52,0,1,0.534,0.562,1.053,2.808,4.427,1.576,1.887,4.334,2.297,0.458,0.421,0.588,1.396,25.19,0
2026-08-16T20:44:03Z,0.58,"7 km NW of The Geysers, CA",44.7,2.7,100.0,100sps,2.584,2.673,2.159,0.91,0.84,2.361,338.2,NNW,7.7,13.29,28.74,0,0.504,0.67,0,0,0.627,0.526,0.839,2.696,2.146,0.796,2.361,1.998,0.846,0.991,0.537,0.529,0.985,25.17,0
2026-08-16T20:21:46Z,2.53,"48 km W of Ferndale, CA",296.3,21.7,100.0,100sps,2.241,3.707,2.745,2.55,1.23,5.721,321.0,NW,41.51,73.8,5.05,0,1.843,0.492,0,0,0.619,0.551,0.89,3.901,2.799,0.717,2.464,1.798,0.73,1.22,0.527,0.612,1.162,28.17,1
2026-08-16T19:59:52Z,1.44,"4 km ENE of Willits, CA",124.4,5.7,100.0,100sps,2.807,2.501,3.521,2.91,1.25,8.163,331.3,NNW,21.44,37.0,2.6,0,0.829,0.993,0,1,0.63,0.64,1.015,2.483,3.619,1.457,2.052,2.174,1.059,0.958,0.528,0.768,1.454,27.24,0
2026-08-16T19:08:55Z,1.32,"6 km NW of The Geysers, CA",43.7,3.2,100.0,100sps,1.976,1.914,2.9,2.16,1.47,4.267,340.0,NNW,7.53,13.0,13.34,0,2.856,0.174,0,1,0.549,0.564,1.028,1.896,3.028,1.597,1.736,1.943,1.119,0.918,0.441,0.692,1.568,16.26,0
2026-08-16T18:56:55Z,2.42,"35 km WNW of Ferndale, CA",305.2,21.4,100.0,100sps,2.731,2.88,2.14,1.43,0.78,3.903,325.8,NW,42.65,75.84,11.01,0,1.332,0.467,0,0,0.543,0.538,0.992,2.994,2.195,0.733,1.982,1.767,0.892,1.112,0.435,0.567,1.303,29.72,1
2026-08-16T18:30:02Z,0.4,"8 km W of Cobb, CA",46.1,2.1,100.0,100sps,2.634,2.386,1.853,0.99,0.7,2.597,338.3,NNW,7.94,13.7,19.49,0,0.32,0.909,0,0,0.552,0.509,0.922,2.435,1.845,0.758,1.947,2.051,1.054,0.875,0.442,0.492,1.113,25.86,0
2026-08-16T18:24:18Z,1.88,"6 km NW of Pinnacles, CA",244.6,2.3,100.0,100sps,3.567,2.997,2.946,1.28,0.83,4.579,148.6,SSE,37.49,66.21,15.38,0,0.639,0.855,0,1,0.57,0.581,1.019,3.089,3.083,0.998,1.978,2.082,1.053,0.968,0.464,0.648,1.395,29.67,1
2026-08-16T18:07:06Z,0.95,"6 km WNW of Cobb, CA",45.4,2.2,100.0,100sps,3.782,3.468,3.346,1.57,0.88,5.925,340.8,NNW,7.82,13.49,5.57,0,1.16,0.708,0,1,0.556,0.631,1.135,3.624,3.473,0.958,2.501,2.423,0.969,1.171,0.453,0.846,1.87,15.67,0
2026-08-16T18:06:44Z,1.62,"6 km WNW of Cobb, CA",45.3,2.0,100.0,100sps,3.34,3.932,3.129,1.77,0.94,5.926,340.9,NNW,7.81,13.48,6.12,0,5.434,0.038,0,1,0.569,0.686,1.206,4.164,3.234,0.777,2.652,2.101,0.792,1.522,0.462,0.791,1.713,24.07,0
2026-08-16T17:58:15Z,1.25,"3 km NNE of San Leandro, CA",89.3,5.9,100.0,100sps,3.039,2.517,2.334,2.23,0.77,6.768,151.7,SSE,15.38,26.55,1.25,0,0.902,0.875,0,1,0.569,0.54,0.948,2.596,2.369,0.912,1.751,1.592,0.909,1.042,0.458,0.66,1.441,18.83,0
2026-08-16T17:48:21Z,1.32,"19 km NW of New Idria, CA",265.8,9.4,100.0,100sps,2.689,2.578,2.013,1.12,0.75,3.005,143.0,SE,39.25,69.51,21.73,0,0.146,1.312,0,0,0.554,0.547,0.988,2.649,2.016,0.761,1.837,1.622,0.883,1.119,0.441,0.516,1.171,36.31,1
2026-08-16T17:36:06Z,2.65,"70 km W of Petrolia, CA",305.0,10.0,100.0,100sps,2.708,2.059,2.828,3.22,1.04,8.725,316.3,NW,44.03,78.1,1.48,0,2.264,0.586,0,1,0.542,0.585,1.08,2.047,2.922,1.428,1.943,2.067,1.064,1.016,0.433,0.672,1.551,26.72,1
2026-08-16T17:03:39Z,0.27,"3 km SE of The Geysers, CA",35.4,1.6,100.0,100sps,2.692,2.465,2.376,1.58,0.88,4.262,344.8,NNW,6.1,10.53,5.77,0,0.333,1.107,0,1,0.549,0.574,1.046,2.539,2.466,0.971,1.763,1.86,1.055,0.991,0.438,0.591,1.351,24.96,0
2026-08-16T15:48:24Z,0.99,"6 km NNW of Pinnacles, CA",244.2,4.9,100.0,100sps,2.152,2.113,2.696,2.08,1.25,4.483,148.1,SSE,37.12,65.59,12.28,0,0.083,1.734,0,0,0.55,0.6,1.092,2.116,2.71,1.28,2.024,2.652,1.311,0.833,0.434,0.531,1.223,39.13,1
2026-08-16T15:45:36Z,0.3,"1 km N of The Geysers, CA",39.5,4.7,100.0,100sps,2.216,1.97,1.92,1.12,0.87,2.486,342.9,NNW,6.8,11.74,19.57,0,0.311,0.903,0,0,0.532,0.547,1.029,1.972,1.906,0.966,1.536,1.543,1.005,1.024,0.418,0.529,1.265,26.1,0
2026-08-16T15:08:46Z,0.73,"7 km NW of The Geysers, CA",43.8,2.8,100.0,100sps,2.07,2.022,1.587,1.67,0.77,3.451,336.8,NNW,7.55,13.03,3.94,0,0.731,0.674,0,0,0.551,0.523,0.948,2.044,1.542,0.754,1.453,1.223,0.842,1.127,0.434,0.442,1.018,27.96,0
2026-08-16T14:53:37Z,1.05,"4 km E of Fremont, CA",118.2,9.1,100.0,100sps,2.243,1.638,2.872,2.47,1.28,5.535,148.9,SSE,20.37,35.16,9.73,0,0.367,1.178,0,1,0.529,0.53,1.002,1.6,2.904,1.815,2.137,2.235,1.045,0.959,0.418,0.533,1.274,33.76,0
2026-08-16T14:48:35Z,0.84,"7 km SW of Atascadero, CA",375.6,7.4,100.0,100sps,2.006,2.073,1.468,1.63,0.73,3.275,152.7,SSE,53.08,94.33,4.29,0,0.02,2.204,0,0,0.531,0.551,1.038,2.112,1.391,0.659,1.295,1.068,0.825,1.259,0.415,0.528,1.273,37.37,1
2026-08-16T14:35:44Z,0.69,"10 km WNW of Cobb, CA",47.7,0.9,100.0,100sps,1.752,1.502,1.936,1.95,1.11,3.422,337.8,NNW,8.23,14.2,5.89,0,0.596,0.759,0,1,0.525,0.521,0.992,1.453,1.997,1.374,2.122,2.324,1.095,0.906,0.414,0.506,1.222,26.69,0
2026-08-16T12:57:33Z,2.24,"12 km N of Dixon Lane-Meadow Creek, CA",383.1,8.8,100.0,100sps,0.991,1.484,1.066,2.04,1.08,2.017,104.9,ESE,53.83,95.71,4.17,0,0.487,0.617,0,1,0.521,0.529,1.016,1.443,0.934,0.647,1.348,1.254,0.93,1.092,0.408,0.506,1.242,37.4,1
2026-08-16T11:59:34Z,0.82,"11 km N of Pinnacles, CA",240.8,8.2,100.0,100sps,0.819,0.8,0.809,1.25,0.99,1.024,147.1,SSE,36.3,64.18,36.58,0,0.058,1.25,0,0,0.528,0.523,0.991,0.599,0.615,1.027,1.355,1.478,1.091,0.909,0.413,0.529,1.28,35.98,1
2026-08-16T11:14:42Z,1.86,"8 km ESE of Cloverdale, CA",45.0,6.4,100.0,100sps,0.786,0.812,2.126,5.04,2.7,3.963,322.2,NW,7.76,13.39,8.57,1,9.516,-0.38,1,1,0.525,1.152,2.196,0.62,1.715,2.767,1.097,1.214,1.107,1.984,0.408,1.948,4.779,9.57,0
2026-08-16T10:17:18Z,0.89,"16 km E of Seven Trees, CA",154.3,6.2,100.0,100sps,1.019,0.777,0.849,1.05,0.83,1.07,146.6,SSE,25.83,45.32,35.27,0,0.162,0.821,0,0,0.526,0.517,0.983,0.561,0.668,1.19,1.046,0.64,0.612,1.607,0.415,0.481,1.16,38.24,1
2026-08-16T10:15:06Z,0.44,"9 km NW of The Geysers, CA",45.9,2.1,100.0,100sps,1.038,1.036,0.934,1.31,0.9,1.358,335.0,NNW,7.93,13.68,13.86,0,0.353,0.586,0,0,0.514,0.542,1.055,0.921,0.763,0.829,1.046,1.019,0.974,1.083,0.405,0.488,1.206,27.6,0
2026-08-16T10:08:51Z,0.64,"6 km W of Cobb, CA",44.2,2.1,100.0,100sps,0.694,0.72,0.708,1.15,1.02,0.796,340.1,NNW,7.62,13.15,29.13,0,0.588,0.132,0,0,0.52,0.523,1.004,0.486,0.464,0.954,2.043,2.031,0.994,1.01,0.404,0.433,1.071,28.82,0
2026-08-16T09:53:33Z,0.66,"8 km ESE of Cloverdale, CA",45.5,3.8,100.0,100sps,0.708,0.944,0.688,1.02,0.97,0.721,323.4,NW,7.84,13.54,29.34,0,0.592,0.085,0,0,0.529,0.51,0.964,0.787,0.448,0.569,1.09,1.198,1.099,0.877,0.415,0.483,1.166,27.73,0
2026-08-16T09:47:29Z,0.84,"6 km W of Cobb, CA",44.2,2.1,100.0,100sps,0.704,0.77,0.687,1.01,0.98,0.713,340.5,NNW,7.61,13.14,29.16,0,0.932,-0.116,0,0,0.528,0.52,0.984,0.554,0.43,0.776,1.079,1.052,0.975,1.01,0.415,0.424,1.023,28.9,0
2026-08-16T09:16:22Z,1.25,"7 km SW of Atascadero, CA",375.9,7.6,100.0,100sps,0.767,0.937,1.485,4.05,1.94,3.108,152.7,SSE,53.09,94.36,7.8,0,0.053,1.772,0,1,0.525,0.531,1.011,0.791,1.412,1.784,1.903,1.152,0.605,1.67,0.413,0.458,1.109,39.39,1
2026-08-16T08:40:07Z,0.15,"21 km NW of Parkfield, CA",324.0,2.9,100.0,100sps,0.841,0.702,0.76,1.17,0.9,0.986,145.7,SE,47.25,83.77,34.72,0,0.006,2.204,0,0,0.523,0.539,1.031,0.456,0.521,1.142,1.782,2.13,1.195,0.863,0.409,0.498,1.217,38.93,1
2026-08-16T08:11:55Z,0.72,"7 km NW of The Geysers, CA",44.2,3.8,100.0,100sps,0.703,1.188,1.212,3.51,1.72,2.471,337.4,NNW,7.62,13.15,5.54,0,0.706,0.544,0,1,0.521,0.519,0.997,1.114,1.154,1.036,1.19,1.116,0.937,1.063,0.411,0.467,1.136,28.76,0
2026-08-16T08:07:02Z,0.93,"9 km WNW of The Geysers, CA",45.7,2.0,100.0,100sps,0.901,0.801,0.699,0.81,0.78,0.731,334.5,NNW,7.89,13.62,29.37,0,1.097,-0.176,0,0,0.519,0.519,1.001,0.609,0.454,0.745,1.24,1.172,0.945,1.059,0.406,0.45,1.107,28.56,0
2026-08-16T07:36:19Z,1.33,"8 km ESE of Cloverdale, CA",45.7,4.7,100.0,100sps,1.177,1.232,1.022,1.02,0.87,1.196,323.2,NW,7.87,13.58,27.32,0,2.759,-0.363,0,0,0.538,0.579,1.076,1.137,0.851,0.748,2.518,2.454,0.975,1.104,0.428,0.704,1.644,17.82,0
2026-08-16T07:35:15Z,1.08,"3 km SE of The Geysers, CA",35.5,2.3,100.0,100sps,1.016,1.19,1.607,2.4,1.58,2.442,345.1,NNW,6.11,10.55,10.16,0,2.146,0.056,0,0,0.534,0.588,1.103,1.124,1.532,1.363,2.387,2.64,1.106,0.997,0.42,1.055,2.513,1.16,0
2026-08-16T07:26:29Z,1.47,"10 km NW of The Geysers, CA",46.6,1.9,100.0,100sps,1.021,0.899,1.669,3.08,1.64,3.147,334.3,NNW,8.04,13.88,7.92,0,3.704,-0.071,0,1,0.52,0.531,1.02,0.734,1.648,2.244,1.891,2.052,1.085,0.94,0.404,0.497,1.228,27.43,0
2026-08-16T07:13:50Z,0.76,"6 km W of Cobb, CA",44.3,1.3,100.0,100sps,1.796,1.247,1.144,2.01,0.64,3.613,340.3,NNW,7.63,13.17,1.46,0,0.773,0.67,0,1,0.533,0.531,0.996,1.158,1.049,0.905,1.068,0.908,0.85,1.172,0.423,0.559,1.322,23.71,0
2026-08-16T07:05:27Z,1.26,"7 km SW of Atascadero, CA",375.8,7.5,100.0,100sps,1.34,1.787,0.748,0.64,0.56,0.851,152.7,SSE,53.09,94.36,39.64,0,0.054,1.199,0,0,0.532,0.53,0.995,1.774,0.517,0.292,2.27,0.931,0.41,2.427,0.432,0.6,1.39,33.32,1
2026-08-16T06:49:47Z,1.1,"7 km W of Cobb, CA",45.4,1.9,100.0,100sps,1.178,2.324,1.124,1.4,0.95,1.647,339.7,NNW,7.83,13.51,13.62,0,1.637,0.003,0,0,0.519,0.518,0.999,2.384,1.006,0.422,1.21,0.915,0.756,1.321,0.405,0.45,1.111,28.89,0
2026-08-16T06:41:37Z,2.53,"7 km SW of Atascadero, CA",375.7,7.0,100.0,100sps,1.321,1.297,0.893,0.97,0.68,1.277,152.7,SSE,53.13,94.42,18.85,0,1.002,0.105,0,0,0.522,0.527,1.009,1.223,0.721,0.59,1.645,1.074,0.653,1.546,0.409,0.541,1.324,35.46,1
2026-08-16T06:31:50Z,1.26,"3 km SE of The Geysers, CA",35.4,1.6,100.0,100sps,1.597,1.608,8.511,9.55,5.33,15.244,343.6,NNW,6.1,10.53,8.77,0,3.255,0.671,1,1,0.524,0.573,1.095,1.585,9.243,5.833,2.923,4.502,1.54,0.711,0.412,0.69,1.673,14.53,0
2026-08-16T06:30:01Z,0.97,"19 km SW of Toms Place, CA",349.9,3.8,100.0,100sps,1.695,1.577,1.388,1.36,0.82,2.297,107.4,ESE,50.33,89.34,10.89,0,0.033,1.837,0,0,0.52,0.526,1.011,1.535,1.315,0.856,3.2,2.699,0.844,1.199,0.411,0.537,1.306,34.96,1
2026-08-16T06:01:27Z,2.49,"19 km SW of Toms Place, CA",350.1,3.1,100.0,100sps,1.682,1.236,1.671,2.07,0.99,3.486,107.4,ESE,50.45,89.53,5.41,0,1.105,0.499,0,1,0.533,0.528,0.99,1.125,1.663,1.478,2.144,2.769,1.291,0.767,0.423,0.487,1.149,39.07,1
2026-08-16T05:55:20Z,1.25,"19 km SW of Toms Place, CA",349.7,5.9,100.0,100sps,1.239,1.795,2.125,4.02,1.72,4.977,107.3,ESE,50.06,88.87,3.77,0,0.064,1.892,0,1,0.532,0.533,1.003,1.814,2.116,1.167,1.9,1.697,0.893,1.123,0.42,0.493,1.173,36.92,1
2026-08-16T05:53:58Z,0.96,"7 km W of Cobb, CA",45.4,1.6,100.0,100sps,1.212,1.85,2.453,4.13,2.02,5.006,339.6,NNW,7.83,13.52,4.82,0,1.184,0.626,0,1,0.546,0.546,1.0,1.849,2.558,1.383,1.641,2.14,1.304,0.766,0.437,0.505,1.155,28.35,0
2026-08-16T05:52:16Z,0.3,"7 km W of Cobb, CA",45.5,2.0,100.0,100sps,1.583,1.115,1.468,1.82,0.93,2.881,339.6,NNW,7.83,13.52,5.95,0,0.259,1.047,0,1,0.51,0.527,1.033,1.005,1.41,1.403,1.405,1.425,1.014,1.019,0.404,0.557,1.378,24.67,0
2026-08-16T05:50:18Z,1.48,"7 km W of Cobb, CA",45.4,1.8,100.0,100sps,1.662,1.764,1.214,1.09,0.73,1.81,339.8,NNW,7.82,13.49,13.54,0,3.931,-0.337,0,0,0.54,0.593,1.098,1.752,1.057,0.603,1.618,1.425,0.88,1.248,0.428,0.776,1.812,13.79,0
2026-08-16T05:37:02Z,1.12,"1 km E of Angwin, CA",21.3,4.3,100.0,100sps,2.302,1.177,2.056,1.41,0.89,3.254,48.3,NE,3.66,6.32,8.32,0,4.416,-0.133,0,1,0.535,0.608,1.138,1.084,2.055,1.895,2.118,2.523,1.191,0.955,0.414,0.931,2.25,5.32,0
2026-08-16T05:13:14Z,0.76,"19 km SW of Toms Place, CA",350.2,6.5,100.0,100sps,1.703,1.443,1.29,1.52,0.76,2.588,107.4,ESE,50.04,88.86,7.22,0,0.021,2.1,0,0,0.522,0.53,1.015,1.41,1.196,0.848,3.037,3.065,1.009,1.006,0.408,0.517,1.268,36.66,1
2026-08-16T04:14:43Z,0.76,"8 km NW of The Geysers, CA",45.6,-0.7,100.0,100sps,2.233,1.673,1.616,0.95,0.72,2.114,338.0,NNW,7.87,13.58,21.88,0,0.743,0.454,0,0,0.565,0.67,1.186,1.631,1.522,0.933,1.766,1.979,1.121,1.058,0.458,0.79,1.725,16.69,0
2026-08-16T04:01:49Z,0.82,"2 km SW of Anderson Springs, CA",35.3,1.0,100.0,100sps,1.702,1.583,1.313,1.4,0.77,2.389,347.1,NNW,6.09,10.51,5.82,0,1.186,0.304,0,0,0.531,0.526,0.991,1.547,1.253,0.81,2.148,2.127,0.99,1.001,0.419,0.501,1.196,26.02,0
2026-08-16T03:54:34Z,0.37,"8 km ENE of Morgan Hill, CA",170.8,6.3,100.0,100sps,2.3,2.005,2.374,1.6,1.03,3.683,147.0,SSE,27.88,48.99,16.52,0,0.041,1.958,0,0,0.526,0.529,1.006,2.003,2.454,1.225,2.019,2.397,1.187,0.847,0.421,0.527,1.252,37.1,1
2026-08-16T03:51:32Z,1.57,"8 km NW of Redwood Valley, CA",111.6,6.8,100.0,100sps,1.628,3.192,1.918,2.16,1.18,3.51,329.9,NNW,19.22,33.18,7.67,0,1.335,0.42,0,0,0.55,0.538,0.978,3.347,1.93,0.577,2.376,1.997,0.84,1.164,0.441,0.523,1.187,33.83,0
2026-08-16T02:18:23Z,1.85,"4 km NW of Pinnacles, CA",246.4,2.8,100.0,100sps,2.66,2.29,1.965,1.17,0.74,3.113,148.5,SSE,37.66,66.51,14.84,0,0.587,0.724,0,0,0.586,0.557,0.951,2.301,1.974,0.858,4.077,3.314,0.813,1.17,0.494,0.563,1.139,34.87,1
2026-08-16T02:10:01Z,1.04,"7 km W of Cobb, CA",45.2,2.1,100.0,100sps,2.381,2.523,2.447,1.42,1.03,3.381,339.1,NNW,7.81,13.47,17.09,0,1.433,0.373,0,0,0.526,0.549,1.044,2.587,2.489,0.962,3.018,4.443,1.472,0.709,0.409,0.528,1.289,25.72,0
2026-08-16T02:02:19Z,0.43,"5 km WNW of Cobb, CA",45.0,2.2,100.0,100sps,2.29,2.388,1.554,0.87,0.68,1.983,341.9,NNW,7.76,13.4,22.84,0,0.354,0.749,0,0,0.546,0.549,1.006,2.466,1.504,0.61,1.678,1.261,0.751,1.339,0.435,0.624,1.436,21.4,0
2026-08-16T01:44:42Z,0.63,"5 km WNW of The Geysers, CA",41.5,3.2,100.0,100sps,2.434,2.387,3.624,4.14,1.49,10.076,337.3,NNW,7.14,12.32,1.58,0,0.624,1.208,0,1,0.528,0.548,1.038,2.432,3.759,1.546,1.687,2.001,1.186,0.875,0.412,0.554,1.345,26.36,0
2026-08-16T01:28:03Z,0.61,"7 km ENE of San Martin, CA",176.7,9.1,100.0,100sps,3.122,2.431,3.169,1.57,1.02,4.917,147.1,SSE,28.25,49.71,17.16,0,0.066,1.871,0,0,0.548,0.583,1.064,2.483,3.265,1.315,3.72,4.26,1.145,0.929,0.446,0.689,1.547,26.67,1
2026-08-16T01:20:06Z,2.73,"76 km W of Petrolia, CA",309.1,10.0,100.0,100sps,2.881,2.918,2.434,1.37,0.84,3.955,315.5,NW,44.53,79.02,13.99,0,2.635,0.176,0,0,0.555,0.538,0.969,2.983,2.503,0.839,2.188,1.938,0.886,1.094,0.449,0.569,1.267,32.81,1
2026-08-15T23:14:51Z,1.14,"4 km NW of The Geysers, CA",41.7,3.2,100.0,100sps,3.916,2.52,2.841,1.63,0.73,6.369,340.6,NNW,7.17,12.37,3.1,0,2.007,0.502,0,1,0.565,0.547,0.969,2.56,2.971,1.161,4.811,3.928,0.816,1.186,0.461,0.5,1.084,28.54,0
2026-08-15T23:00:02Z,1.18,"5 km WNW of Cobb, CA",44.9,1.9,100.0,100sps,3.023,2.774,2.837,1.34,0.94,4.063,341.9,NNW,7.73,13.35,12.63,0,1.999,0.308,0,0,0.542,0.559,1.031,2.833,2.865,1.011,2.456,2.648,1.078,0.956,0.432,0.562,1.301,23.69,0
2026-08-15T22:53:28Z,0.76,"7 km SW of Los Altos Hills, CA",130.4,10.8,100.0,100sps,3.193,3.391,3.327,2.13,1.04,6.795,162.8,SSE,22.2,38.41,4.43,0,0.16,1.627,0,1,0.584,0.567,0.972,3.556,3.422,0.962,4.374,3.775,0.863,1.126,0.493,0.635,1.29,28.55,0
2026-08-15T21:28:48Z,0.83,"5 km WNW of The Geysers, CA",41.7,3.7,100.0,100sps,2.471,2.74,2.994,1.69,1.21,4.181,336.9,NNW,7.19,12.41,16.24,0,0.981,0.63,0,0,0.585,0.564,0.964,2.852,3.091,1.084,1.861,1.951,1.049,0.919,0.485,0.532,1.096,26.53,0
2026-08-15T20:41:56Z,2.13,"5 km NNW of The Geysers, CA",43.4,2.5,100.0,100sps,3.413,2.801,4.163,2.47,1.22,8.42,340.2,NNW,7.48,12.92,5.94,0,18.604,-0.344,0,1,0.579,2.234,3.855,2.876,3.516,1.222,2.204,2.192,0.995,3.876,0.474,4.781,10.089,6.31,0
2026-08-15T20:39:28Z,1.1,"2 km N of The Geysers, CA",40.0,1.1,100.0,100sps,2.697,2.823,4.713,4.19,1.75,11.302,342.6,NNW,6.89,11.9,2.07,0,1.929,0.768,0,1,0.644,0.662,1.027,2.874,4.919,1.712,2.051,3.063,1.494,0.688,0.559,0.8,1.43,18.15,0
2026-08-15T20:32:01Z,0.59,"3 km SW of Loyola, CA",131.9,6.4,100.0,100sps,2.371,3.047,3.573,2.98,1.51,7.053,160.7,SSE,22.73,39.23,7.93,0,0.106,1.822,0,1,0.578,0.585,1.013,3.211,3.833,1.194,2.945,2.739,0.93,1.089,0.464,0.868,1.872,8.7,0
2026-08-15T19:42:46Z,0.65,"3 km SW of Colma, CA",89.3,3.8,100.0,100sps,2.611,2.356,3.722,2.79,1.43,7.28,172.2,S,15.4,26.58,6.51,0,0.226,1.508,0,1,0.57,0.615,1.08,2.402,3.956,1.647,1.664,2.086,1.253,0.862,0.474,0.75,1.581,24.68,0
2026-08-15T19:35:11Z,1.79,"15 km E of Seven Trees, CA",154.1,5.7,100.0,100sps,2.567,3.716,3.169,2.76,1.23,7.077,146.6,SSE,25.89,45.41,1.13,0,1.286,0.741,0,1,0.566,0.614,1.084,3.892,3.189,0.819,2.49,2.43,0.976,1.111,0.459,0.763,1.663,23.66,1
2026-08-15T19:04:34Z,0.77,"8 km NW of The Geysers, CA",44.7,2.2,100.0,100sps,3.666,2.519,2.543,1.16,0.69,4.259,336.9,NNW,7.71,13.31,11.24,0,0.78,0.737,0,0,0.625,0.579,0.927,2.528,2.599,1.028,1.874,1.837,0.98,0.946,0.532,0.577,1.084,25.18,0
2026-08-15T19:04:13Z,1.33,"4 km NNW of The Geysers, CA",42.1,1.4,100.0,100sps,4.276,3.022,1.984,0.75,0.46,3.224,341.7,NNW,7.26,12.53,10.61,0,3.065,0.022,0,0,0.606,0.588,0.97,3.062,1.965,0.642,2.051,1.77,0.863,1.124,0.502,0.69,1.374,19.99,0
2026-08-15T18:58:24Z,1.33,"2 km WNW of Redway, CA",215.4,23.4,100.0,100sps,2.791,3.609,3.825,2.8,1.37,7.805,330.8,NNW,31.3,55.47,5.28,0,0.235,1.52,0,1,0.597,0.837,1.403,3.723,3.938,1.058,2.3,2.467,1.073,1.308,0.498,1.717,3.449,5.09,1
2026-08-15T18:43:41Z,1.2,"3 km NNE of San Leandro, CA",88.6,5.5,100.0,100sps,3.364,2.674,3.589,2.43,1.07,8.164,151.6,SSE,15.28,26.37,3.33,0,0.812,1.002,0,1,0.63,0.59,0.936,2.694,3.813,1.416,2.346,1.997,0.852,1.099,0.54,0.683,1.265,25.57,0
2026-08-15T18:11:49Z,1.62,"1 km ENE of Hayward, CA",102.1,6.2,100.0,100sps,2.763,1.973,2.667,1.43,0.97,3.945,151.4,SSE,17.6,30.38,14.98,0,1.721,0.36,0,0,0.561,0.584,1.042,2.001,2.743,1.371,1.841,2.129,1.156,0.901,0.447,0.634,1.42,29.06,0
2026-08-15T17:57:26Z,1.47,"14 km WSW of Ferndale, CA",276.9,17.5,100.0,100sps,2.923,3.512,1.81,0.85,0.62,2.476,326.9,NNW,39.59,70.27,21.41,0,0.188,1.119,0,0,0.605,0.538,0.889,3.679,1.816,0.493,2.318,1.744,0.752,1.181,0.514,0.501,0.976,37.06,1
2026-08-15T16:14:21Z,0.72,"2 km NNW of The Geysers, CA",40.6,4.2,100.0,100sps,3.199,2.638,1.852,1.1,0.58,3.535,341.4,NNW,6.99,12.07,2.96,0,0.789,0.651,0,0,0.607,0.728,1.2,2.696,1.738,0.645,1.874,1.368,0.73,1.644,0.504,1.062,2.106,11.01,0
2026-08-15T15:59:51Z,1.19,"7 km NW of The Geysers, CA",44.2,2.8,100.0,100sps,2.24,2.814,2.814,2.47,1.26,5.527,338.5,NNW,7.61,13.14,4.08,0,2.083,0.424,0,1,0.576,0.595,1.032,2.896,2.839,0.98,2.32,2.444,1.053,0.98,0.472,0.643,1.363,23.66,0
2026-08-15T15:52:15Z,0.81,"2 km N of The Geysers, CA",40.2,1.1,100.0,100sps,2.448,2.496,2.102,1.41,0.86,3.457,342.5,NNW,6.93,11.97,7.83,0,0.982,0.546,0,0,0.553,0.583,1.052,2.534,2.111,0.833,2.533,2.209,0.872,1.207,0.441,0.573,1.298,25.81,0
2026-08-15T15:35:32Z,1.67,"12 km ESE of Willits, CA",115.1,7.1,100.0,100sps,3.33,1.729,2.307,1.07,0.69,3.563,332.8,NNW,19.84,34.25,14.48,0,1.598,0.348,0,0,0.549,0.581,1.059,1.681,2.299,1.368,1.27,2.141,1.686,0.628,0.44,0.651,1.479,28.28,0
2026-08-15T15:14:13Z,0.22,"2 km NNW of The Geysers, CA",39.9,1.8,100.0,100sps,1.912,2.022,3.187,2.49,1.67,4.765,341.4,NNW,6.88,11.88,14.25,0,0.255,1.272,0,0,0.561,0.557,0.993,2.017,3.257,1.614,2.488,2.54,1.021,0.973,0.45,0.605,1.346,23.92,0
2026-08-15T15:09:01Z,0.96,"7 km ESE of Cloverdale, CA",46.3,6.7,100.0,100sps,3.356,2.067,2.164,0.96,0.64,3.235,321.9,NW,7.98,13.77,12.87,0,1.156,0.447,0,0,0.532,0.584,1.097,2.098,2.163,1.031,1.951,1.684,0.863,1.271,0.417,0.59,1.414,24.17,0
2026-08-15T14:56:18Z,0.28,"8 km W of Cobb, CA",45.8,2.4,100.0,100sps,2.127,1.932,1.554,1.19,0.73,2.52,339.0,NNW,7.9,13.64,8.13,0,0.245,1.013,0,0,0.578,0.565,0.977,1.902,1.491,0.784,1.669,1.209,0.724,1.35,0.465,0.601,1.293,21.96,0
2026-08-15T14:51:34Z,0.97,"12 km S of Tres Pinos, CA",227.9,10.0,100.0,100sps,2.517,2.241,2.513,2.0,1.0,5.038,149.7,SSE,34.49,60.95,6.27,0,0.091,1.741,0,1,0.556,0.562,1.011,2.254,2.549,1.131,2.433,2.466,1.014,0.998,0.447,0.668,1.495,27.21,1
2026-08-15T14:48:53Z,0.92,"6 km NW of Pinnacles, CA",244.9,2.6,100.0,100sps,2.005,2.595,2.095,2.24,1.04,4.491,148.3,SSE,37.5,66.24,5.46,0,0.07,1.808,0,0,0.552,0.54,0.979,2.678,2.106,0.786,2.708,2.375,0.877,1.116,0.443,0.563,1.269,33.46,1
2026-08-15T14:23:36Z,1.29,"9 km WNW of The Geysers, CA",45.7,2.4,100.0,100sps,3.244,3.436,3.189,1.64,0.98,5.308,334.7,NNW,7.87,13.58,10.27,0,2.514,0.325,0,0,0.766,0.528,0.69,3.519,3.287,0.934,2.227,1.955,0.878,0.785,0.693,0.562,0.811,20.86,0
2026-08-15T14:20:49Z,0.75,"8 km NW of The Geysers, CA",45.7,2.2,100.0,100sps,2.615,3.09,1.868,1.12,0.71,2.935,338.1,NNW,7.87,13.59,10.2,0,0.726,0.607,0,0,0.59,0.707,1.199,3.177,1.779,0.56,1.989,1.91,0.96,1.248,0.494,0.966,1.957,11.59,0
2026-08-15T13:12:52Z,0.97,"2 km W of Anderson Springs, CA",36.8,1.5,100.0,100sps,1.451,1.068,1.26,1.18,0.87,1.706,347.0,NNW,6.35,10.96,20.99,0,1.588,0.031,0,0,0.522,0.521,0.999,0.968,1.179,1.218,2.064,2.115,1.025,0.975,0.407,0.485,1.194,27.06,0
2026-08-15T13:10:26Z,0.94,"6 km WNW of Cobb, CA",45.1,1.8,100.0,100sps,1.695,1.507,1.14,1.05,0.67,1.777,341.4,NNW,7.77,13.4,7.62,0,1.144,0.191,0,0,0.558,0.506,0.908,1.449,1.06,0.732,2.192,2.116,0.965,0.94,0.423,0.456,1.077,27.37,0
2026-08-15T13:03:15Z,1.74,"8 km ENE of Lopez Point, CA",284.5,4.2,100.0,100sps,1.688,3.004,1.422,1.48,0.84,2.496,159.0,SSE,42.21,74.72,10.87,0,0.329,0.88,0,0,0.55,0.603,1.097,3.016,1.304,0.432,2.317,2.18,0.941,1.166,0.431,0.838,1.944,17.15,1
2026-08-15T13:02:17Z,1.72,"8 km ENE of Lopez Point, CA",284.5,4.0,100.0,100sps,1.174,3.517,2.305,3.11,1.96,3.654,159.0,SSE,42.23,74.75,13.55,0,0.314,1.065,0,1,0.545,0.582,1.068,3.553,2.303,0.648,2.425,2.473,1.02,1.048,0.424,0.697,1.645,25.54,1
2026-08-15T12:26:00Z,1.27,"11 km N of Redwood Valley, CA",114.0,8.5,100.0,100sps,1.547,1.263,2.428,2.78,1.57,4.299,333.5,NNW,19.64,33.9,11.19,0,0.647,0.823,0,1,0.566,0.52,0.919,1.143,2.49,2.178,2.014,2.228,1.106,0.831,0.45,0.532,1.181,35.06,0
2026-08-15T12:02:25Z,0.95,"10 km WNW of The Geysers, CA",46.4,1.8,100.0,100sps,1.222,1.592,0.792,0.68,0.65,0.827,333.8,NNW,8.01,13.82,29.55,0,1.125,-0.134,0,0,0.532,0.531,0.998,1.527,0.583,0.382,1.162,0.58,0.499,1.999,0.416,0.456,1.098,29.05,0
2026-08-15T11:36:05Z,1.28,"19 km SW of Toms Place, CA",349.8,6.1,100.0,100sps,0.816,1.073,0.841,1.38,1.03,1.122,107.3,ESE,50.04,88.85,31.18,0,0.068,1.216,0,0,0.537,0.506,0.942,0.959,0.673,0.701,1.127,1.087,0.964,0.977,0.422,0.439,1.04,38.91,1
2026-08-15T11:21:10Z,0.31,"4 km W of Cobb, CA",43.7,2.3,100.0,100sps,0.838,0.843,0.775,0.95,0.93,0.794,343.5,NNW,7.53,13.0,29.11,0,0.279,0.454,0,0,0.532,0.509,0.957,0.654,0.572,0.875,0.777,0.757,0.974,0.982,0.416,0.469,1.128,27.6,0
2026-08-15T11:13:44Z,1.37,"8 km ESE of Redwood Valley, CA",97.9,5.6,100.0,100sps,0.996,0.793,0.91,1.26,0.91,1.256,333.9,NNW,16.88,29.14,22.21,0,1.033,0.085,0,0,0.526,0.531,1.01,0.586,0.737,1.259,1.014,1.049,1.034,0.976,0.406,0.524,1.291,32.59,0
2026-08-15T10:53:21Z,2.82,"156 km W of Petrolia, CA",373.7,10.0,100.0,100sps,0.8,0.771,1.087,2.72,1.36,2.176,307.3,NW,52.52,93.38,6.25,0,1.983,0.04,0,1,0.524,0.5,0.954,0.556,1.031,1.853,1.924,2.04,1.061,0.9,0.409,0.447,1.093,37.49,1
2026-08-15T09:41:50Z,0.21,"2 km NW of The Geysers, CA",40.2,1.4,100.0,100sps,1.368,1.087,1.626,2.53,1.19,3.457,340.2,NNW,6.94,11.98,1.22,0,0.246,1.147,0,1,0.542,0.555,1.025,0.953,1.553,1.629,2.282,2.605,1.142,0.898,0.434,0.596,1.371,23.0,0
2026-08-15T09:28:35Z,1.26,"12 km NW of The Geysers, CA",48.6,2.5,100.0,100sps,1.334,1.258,1.257,1.45,0.94,1.934,333.0,NNW,8.38,14.46,10.56,0,2.164,-0.049,0,0,0.548,0.531,0.968,1.136,1.132,0.996,2.538,2.822,1.112,0.871,0.435,0.633,1.454,21.61,0
2026-08-15T09:27:06Z,0.74,"7 km NW of The Geysers, CA",43.9,3.8,100.0,100sps,1.25,1.335,1.004,0.94,0.8,1.17,336.5,NNW,7.57,13.07,28.44,0,0.746,0.196,0,0,0.545,0.547,1.004,1.239,0.842,0.68,2.493,2.109,0.846,1.186,0.437,0.475,1.086,27.84,0
2026-08-15T09:26:06Z,0.7,"12 km NW of The Geysers, CA",48.6,1.7,100.0,100sps,1.206,1.409,1.233,1.33,1.02,1.608,333.2,NNW,8.38,14.46,22.51,0,0.595,0.431,0,0,0.575,0.531,0.923,1.29,1.129,0.875,2.626,2.47,0.941,0.982,0.467,0.512,1.097,28.74,0
2026-08-15T09:25:23Z,1.63,"10 km WNW of The Geysers, CA",46.6,2.5,100.0,100sps,1.146,1.43,1.128,1.48,0.98,1.698,334.2,NNW,8.03,13.86,11.61,0,5.363,-0.5,0,0,0.57,0.557,0.978,1.322,0.98,0.741,2.718,2.283,0.84,1.164,0.462,0.589,1.275,23.29,0
2026-08-15T08:23:25Z,1.05,"7 km NE of San Simeon, CA",336.0,5.8,100.0,100sps,1.017,0.767,0.799,1.08,0.79,1.095,156.3,SSE,48.38,85.86,32.57,0,0.045,1.39,0,0,0.515,0.519,1.007,0.559,0.6,1.073,2.149,2.069,0.963,1.046,0.402,0.541,1.346,33.27,1
2026-08-15T08:04:03Z,0.96,"7 km NW of Pinnacles, CA",244.1,2.1,100.0,100sps,0.806,1.373,0.793,1.33,0.98,1.075,148.5,SSE,37.46,66.14,32.46,0,0.077,1.144,0,0,0.524,0.528,1.006,1.273,0.582,0.457,2.077,2.034,0.979,1.027,0.411,0.56,1.364,34.66,1
2026-08-15T08:02:35Z,1.33,"6 km NW of Pinnacles, CA",244.6,3.1,100.0,100sps,0.757,0.712,1.026,2.57,1.35,1.949,148.3,SSE,37.39,66.05,6.35,0,0.18,1.034,0,0,0.526,0.513,0.975,0.466,0.921,1.978,2.036,2.036,1.0,0.974,0.413,0.464,1.126,39.14,1
2026-08-15T08:00:23Z,1.25,"9 km WNW of Cobb, CA",47.2,0.6,100.0,100sps,0.823,0.754,2.529,5.2,3.07,4.278,337.8,NNW,8.13,14.04,7.4,0,2.198,0.289,1,1,0.515,0.551,1.068,0.547,2.626,4.802,2.002,2.28,1.139,0.938,0.401,0.494,1.231,28.1,0
2026-08-15T07:49:55Z,0.93,"8 km ESE of Cloverdale, CA",45.5,4.9,100.0,100sps,0.763,0.764,0.741,1.02,0.97,0.782,324.0,NW,7.84,13.53,29.37,0,1.103,-0.149,0,0,0.519,0.531,1.023,0.555,0.504,0.909,2.059,2.062,1.001,1.021,0.407,0.522,1.283,26.97,0
2026-08-15T07:44:53Z,1.02,"6 km WNW of Cobb, CA",45.6,2.3,100.0,100sps,1.067,0.85,0.714,0.69,0.67,0.737,341.0,NNW,7.85,13.56,29.58,0,1.354,-0.264,0,0,0.527,0.51,0.969,0.67,0.485,0.724,2.337,2.37,1.014,0.956,0.414,0.466,1.125,28.83,0
2026-08-15T07:30:46Z,1.11,"18 km SW of Toms Place, CA",350.0,3.7,100.0,100sps,0.853,0.694,3.034,7.91,3.56,6.748,107.3,ESE,50.36,89.38,7.51,0,0.046,2.165,1,1,0.519,0.555,1.069,0.448,3.209,7.16,1.035,1.851,1.788,0.598,0.399,0.706,1.772,16.61,1
2026-08-15T07:29:29Z,1.12,"3 km NW of The Geysers, CA",40.7,3.3,100.0,100sps,0.861,0.72,0.689,0.82,0.8,0.705,340.8,NNW,7.01,12.1,28.84,0,1.977,-0.448,0,0,0.52,0.509,0.979,0.488,0.448,0.917,1.024,1.027,1.002,0.976,0.405,0.439,1.083,28.36,0
2026-08-15T07:21:38Z,0.71,"8 km NW of The Geysers, CA",45.6,2.4,100.0,100sps,1.198,1.162,0.69,0.6,0.58,0.714,338.5,NNW,7.87,13.58,29.33,0,0.662,0.033,0,0,0.52,0.494,0.951,1.126,0.472,0.419,1.041,0.894,0.858,1.108,0.408,0.416,1.02,28.91,0
2026-08-15T06:49:11Z,0.62,"6 km W of Cobb, CA",44.5,2.8,100.0,100sps,1.212,1.096,1.334,1.92,1.1,2.325,340.1,NNW,7.67,13.24,9.56,0,0.556,0.621,0,1,0.525,0.507,0.965,0.987,1.257,1.274,2.029,2.082,1.026,0.941,0.411,0.442,1.074,27.94,0
2026-08-15T06:04:57Z,1.07,"6 km W of Cobb, CA",44.5,3.2,100.0,100sps,1.426,1.948,2.469,3.99,1.73,5.682,340.0,NNW,7.68,13.25,3.48,0,1.566,0.56,0,1,0.527,0.522,0.99,1.921,2.595,1.351,1.757,1.968,1.12,0.884,0.413,0.496,1.2,28.2,0
2026-08-15T05:31:47Z,1.41,"5 km WSW of Mammoth Lakes, CA",328.4,-0.2,100.0,100sps,2.142,2.245,2.262,1.46,1.06,3.117,105.3,ESE,48.14,85.32,20.1,0,0.108,1.459,0,0,0.563,0.509,0.904,2.331,2.26,0.97,1.643,1.975,1.202,0.752,0.453,0.527,1.164,33.14,1
2026-08-15T05:19:56Z,1.53,"6 km NW of Pinnacles, CA",244.3,4.9,100.0,100sps,2.502,2.079,1.286,1.07,0.51,2.689,148.3,SSE,37.14,65.62,3.47,0,0.286,0.973,0,1,0.536,0.525,0.979,2.096,1.191,0.568,1.424,1.165,0.818,1.197,0.427,0.493,1.155,38.33,1
2026-08-15T05:17:34Z,1.26,"2 km ENE of Pacifica, CA",94.0,7.8,100.0,100sps,1.572,5.035,1.353,1.2,0.86,1.886,171.8,S,16.2,27.96,16.88,0,0.853,0.344,0,0,0.797,0.559,0.701,5.339,1.273,0.238,2.966,1.156,0.39,1.798,0.759,0.679,0.895,23.0,0
2026-08-15T05:04:57Z,0.99,"3 km SE of The Geysers, CA",35.6,1.3,100.0,100sps,1.287,1.914,2.134,3.19,1.66,4.11,343.5,NNW,6.13,10.59,3.92,0,1.738,0.374,0,1,0.533,0.522,0.981,1.951,2.198,1.126,2.53,2.818,1.114,0.88,0.417,0.531,1.274,23.98,0
2026-08-15T05:02:18Z,1.14,"3 km SE of The Geysers, CA",35.5,1.5,100.0,100sps,1.514,1.106,1.325,1.5,0.88,2.264,343.6,NNW,6.12,10.56,7.77,0,2.463,-0.037,0,0,0.524,0.56,1.069,0.991,1.208,1.218,1.526,2.469,1.618,0.66,0.411,0.649,1.578,15.86,0
2026-08-15T04:43:02Z,1.07,"7 km WNW of The Geysers, CA",43.5,2.8,100.0,100sps,2.705,1.809,1.284,0.88,0.47,2.38,336.4,NNW,7.49,12.94,2.9,0,1.616,0.168,0,0,0.526,0.504,0.958,1.807,1.216,0.673,1.768,1.754,0.992,0.966,0.416,0.413,0.993,28.7,0
2026-08-15T04:30:57Z,0.79,"16 km ESE of Alum Rock, CA",152.4,3.9,100.0,100sps,2.561,1.701,0.906,0.42,0.35,1.063,145.8,SE,25.9,45.29,37.68,0,0.131,0.908,0,0,0.529,0.506,0.955,1.674,0.767,0.458,1.701,2.202,1.295,0.737,0.42,0.472,1.125,38.26,1
2026-08-15T04:05:02Z,1.33,"10 km WNW of The Geysers, CA",46.0,2.6,100.0,100sps,1.671,1.759,1.626,1.72,0.97,2.877,333.9,NNW,7.92,13.68,6.33,0,2.734,0.022,0,0,0.546,0.606,1.11,1.728,1.548,0.896,2.4,2.456,1.023,1.084,0.422,0.682,1.616,18.79,0
2026-08-15T03:56:38Z,0.81,"3 km SSE of Angwin, CA",18.9,-0.2,100.0,100sps,1.959,1.854,1.669,1.15,0.85,2.256,56.2,NE,3.26,5.63,18.82,0,2.489,-0.043,0,0,0.625,0.626,1.002,1.823,1.578,0.866,1.302,1.539,1.183,0.847,0.436,0.491,1.127,24.92,0
2026-08-15T03:53:02Z,0.51,"7 km NW of The Geysers, CA",43.9,3.1,100.0,100sps,1.675,1.887,1.831,1.81,1.09,3.034,337.0,NNW,7.56,13.06,6.65,0,0.44,0.839,0,0,0.71,0.572,0.805,1.803,1.773,0.983,1.647,1.271,0.772,1.043,0.541,0.636,1.174,17.77,0
2026-08-15T03:52:23Z,1.08,"7 km NW of Pinnacles, CA",243.5,3.3,100.0,100sps,1.779,2.303,1.891,1.71,1.06,3.035,148.4,SSE,37.24,65.77,11.69,0,0.102,1.472,0,0,0.631,0.586,0.928,2.336,1.858,0.795,1.918,1.389,0.724,1.282,0.486,0.687,1.413,25.25,1
2026-08-15T03:33:41Z,2.06,"7 km E of Round Valley, CA",378.1,12.2,100.0,100sps,2.29,1.543,2.376,1.93,1.04,4.425,106.6,ESE,52.8,93.91,8.7,0,0.334,1.123,0,1,0.532,0.562,1.057,1.48,2.436,1.647,2.026,2.099,1.036,1.02,0.424,0.648,1.528,24.66,1
2026-08-15T03:31:16Z,1.04,"6 km NNW of Pinnacles, CA",244.0,3.4,100.0,100sps,1.938,2.215,5.055,8.07,2.61,15.644,148.0,SSE,37.29,65.87,2.31,0,0.093,2.227,1,1,0.54,0.541,1.001,2.241,5.373,2.398,2.293,2.625,1.145,0.875,0.438,0.542,1.238,32.97,1
2026-08-15T03:29:44Z,1.07,"3 km SE of Redwood Valley, CA",100.8,6.6,100.0,100sps,1.979,1.862,2.17,2.43,1.1,4.816,331.2,NNW,17.38,29.99,4.67,0,0.495,0.988,0,1,0.525,0.535,1.02,1.891,2.202,1.164,1.612,2.258,1.401,0.728,0.412,0.496,1.203,33.87,0
2026-08-15T03:05:07Z,1.11,"4 km N of Hollister, CA",204.7,5.2,100.0,100sps,2.154,2.002,1.349,0.89,0.63,1.921,148.1,SSE,32.2,56.74,20.88,0,0.157,1.086,0,0,0.554,0.654,1.18,2.007,1.202,0.599,2.149,2.053,0.955,1.236,0.448,0.653,1.459,33.06,1
2026-08-15T02:11:10Z,1.34,"4 km NNE of San Leandro, CA",88.1,4.9,100.0,100sps,2.581,2.093,2.701,2.46,1.05,6.352,151.5,SSE,15.18,26.21,2.26,0,1.131,0.749,0,1,0.561,0.569,1.016,2.097,2.791,1.331,3.516,3.484,0.991,1.025,0.46,0.56,1.216,29.89,0
2026-08-15T01:32:26Z,1.36,"9 km ESE of Willits, CA",116.6,4.4,100.0,100sps,3.621,2.582,2.848,1.97,0.79,7.15,331.9,NNW,20.09,34.69,4.0,0,0.767,0.97,0,1,0.538,0.547,1.016,2.636,2.89,1.096,1.739,2.908,1.673,0.607,0.429,0.639,1.492,25.45,0
2026-08-15T01:01:54Z,0.93,"7 km NW of The Geysers, CA",44.4,2.9,100.0,100sps,2.356,5.619,4.144,3.06,1.76,7.214,338.1,NNW,7.66,13.22,7.39,0,1.138,0.802,0,0,0.601,0.594,0.989,5.959,4.38,0.735,3.352,3.245,0.968,1.022,0.486,0.623,1.283,22.9,0
2026-08-15T00:47:49Z,0.75,"2 km N of The Geysers, CA",39.9,1.3,100.0,100sps,3.663,5.008,3.136,1.28,0.86,4.67,343.2,NNW,6.86,11.84,11.97,0,0.865,0.732,0,0,0.731,0.597,0.817,5.282,3.242,0.614,4.378,4.15,0.948,0.862,0.636,0.609,0.957,24.88,0
2026-08-15T00:20:57Z,0.85,"15 km E of Seven Trees, CA",152.3,6.5,100.0,100sps,2.952,4.631,3.642,1.71,1.23,5.034,146.6,SSE,25.56,44.83,24.03,0,0.151,1.524,0,0,1.334,0.663,0.497,4.595,3.727,0.811,4.974,4.513,0.907,0.548,1.305,0.915,0.701,17.06,1
2026-08-15T00:04:22Z,1.39,"5 km S of Redwood Valley, CA",98.9,1.9,100.0,100sps,3.987,2.921,3.714,1.58,0.93,6.286,329.9,NNW,17.05,29.42,8.69,0,1.066,0.771,0,1,0.567,0.573,1.01,3.036,3.83,1.261,2.667,3.145,1.18,0.856,0.466,0.652,1.398,28.86,0
2026-08-15T00:02:05Z,0.99,"8 km ESE of Lopez Point, CA",291.9,5.8,100.0,100sps,3.934,3.934,3.154,1.19,0.8,4.69,159.4,SSE,42.92,76.03,16.92,0,0.055,1.93,0,0,0.614,0.584,0.951,4.079,3.252,0.797,3.57,2.718,0.761,1.249,0.517,0.622,1.204,32.25,1
2026-08-14T23:22:29Z,1.13,"6 km NNW of The Geysers, CA",44.1,2.7,100.0,100sps,4.27,4.089,2.925,1.65,0.69,7.048,340.0,NNW,7.59,13.11,2.67,0,1.823,0.587,0,1,0.602,0.535,0.889,4.264,2.998,0.703,3.136,2.826,0.901,0.986,0.51,0.55,1.078,25.48,0
2026-08-14T21:46:30Z,1.03,"27 km NNW of San Simeon, CA",310.9,9.9,100.0,100sps,3.936,4.383,2.997,1.22,0.76,4.811,156.5,SSE,44.77,79.43,15.78,0,0.052,1.968,0,0,0.731,0.707,0.968,4.588,3.008,0.656,3.01,2.692,0.894,1.082,0.634,1.311,2.067,5.88,1
2026-08-14T21:24:13Z,1.58,"4 km W of Cobb, CA",43.4,1.7,100.0,100sps,3.842,31.337,5.289,2.82,1.38,10.843,343.0,NNW,7.48,12.92,3.74,0,5.238,0.316,0,1,1.431,1.077,0.752,31.679,5.425,0.171,3.362,2.819,0.838,0.897,1.375,2.129,1.549,5.54,0
2026-08-14T21:14:58Z,1.84,"15 km WSW of Ferndale, CA",277.8,18.6,100.0,100sps,3.685,3.78,3.52,1.88,0.96,6.91,326.6,NNW,39.58,70.26,5.29,0,0.438,1.198,0,1,0.589,0.821,1.394,3.954,3.519,0.89,1.901,2.365,1.244,1.12,0.488,1.718,3.521,5.5,1
2026-08-14T21:05:55Z,0.67,"18 km NW of Parkfield, CA",326.7,2.8,100.0,100sps,3.112,3.018,5.47,3.46,1.76,10.768,145.7,SE,47.6,84.39,6.34,0,0.02,2.731,0,1,0.742,0.707,0.953,2.968,5.769,1.943,1.772,2.884,1.628,0.586,0.671,0.936,1.395,20.49,1
2026-08-14T20:48:36Z,1.07,"15 km SW of Toms Place, CA",351.1,4.2,100.0,100sps,5.243,5.56,6.556,2.22,1.25,11.65,106.9,ESE,50.44,89.54,12.38,0,0.042,2.446,0,1,0.775,1.081,1.395,5.836,6.563,1.125,3.485,2.992,0.859,1.625,0.696,1.926,2.769,5.81,1
2026-08-14T20:45:23Z,2.26,"19 km SW of Toms Place, CA",350.5,1.8,100.0,100sps,4.135,5.757,3.893,1.76,0.94,7.266,107.4,ESE,50.66,89.88,6.04,0,0.649,1.049,0,1,0.668,0.629,0.941,5.956,4.099,0.688,2.711,2.353,0.868,1.084,0.572,0.815,1.425,20.61,1
2026-08-14T20:38:32Z,3.29,"19 km SW of Toms Place, CA",350.2,2.4,100.0,100sps,3.737,3.572,1.924,0.76,0.51,2.823,107.4,ESE,50.54,89.69,22.67,0,6.964,-0.392,0,0,0.667,0.734,1.101,3.724,1.82,0.489,1.876,1.445,0.77,1.429,0.58,1.006,1.733,19.28,0
2026-08-14T20:35:22Z,0.9,"1 km ENE of The Geysers, CA",38.2,0.4,100.0,100sps,3.962,3.672,2.572,1.1,0.65,4.357,344.2,NNW,6.59,11.38,8.18,0,1.289,0.529,0,0,0.642,0.616,0.959,3.797,2.573,0.678,1.802,1.609,0.892,1.074,0.545,0.615,1.129,26.34,0
2026-08-14T20:06:45Z,1.63,"19 km ESE of Silver Springs, Nevada",328.2,6.4,100.0,100sps,4.054,3.231,3.328,1.48,0.82,5.988,71.2,ENE,47.33,83.98,9.32,0,0.18,1.521,0,0,0.687,0.667,0.971,3.323,3.358,1.01,2.067,1.719,0.832,1.168,0.612,0.955,1.561,16.6,1
2026-08-14T20:05:45Z,1.8,"14 km SSW of Bootjack, CA",265.3,20.1,100.0,100sps,3.62,4.052,3.527,1.37,0.97,4.966,116.9,ESE,37.83,67.14,17.61,0,0.444,1.049,0,1,0.741,0.639,0.863,4.22,3.636,0.862,2.566,2.082,0.811,1.064,0.672,0.728,1.084,28.7,1
2026-08-14T19:51:54Z,0.89,"6 km NW of Pinnacles, CA",244.0,3.5,100.0,100sps,3.325,3.104,3.591,2.08,1.08,6.904,148.4,SSE,37.29,65.87,7.97,0,0.066,2.021,0,0,0.637,0.558,0.877,3.184,3.751,1.178,2.552,3.097,1.213,0.723,0.542,0.6,1.108,32.07,1
2026-08-14T19:45:52Z,1.43,"19 km SSE of Boonville, CA",72.2,5.5,100.0,100sps,3.162,3.272,3.527,2.94,1.12,9.282,308.6,NW,12.44,21.48,1.58,0,1.861,0.698,0,1,0.58,0.605,1.043,3.433,3.709,1.08,1.914,1.89,0.987,1.056,0.476,0.642,1.35,28.14,0
2026-08-14T19:13:13Z,1.03,"2 km SSW of Cobb, CA",40.5,0.9,100.0,100sps,3.923,3.427,4.414,3.31,1.13,12.977,345.5,NNW,6.98,12.05,1.91,0,1.616,0.905,0,1,0.779,0.733,0.941,3.48,4.651,1.337,1.827,2.748,1.504,0.625,0.712,1.147,1.61,5.57,0
2026-08-14T18:59:49Z,1.26,"2 km N of The Geysers, CA",40.0,3.6,100.0,100sps,3.526,2.844,1.606,0.62,0.46,2.178,343.1,NNW,6.89,11.9,19.14,0,2.788,-0.107,0,0,0.587,0.567,0.965,2.932,1.519,0.518,2.864,2.467,0.861,1.121,0.49,0.543,1.108,26.08,0
2026-08-14T17:11:12Z,1.2,"8 km ESE of Cloverdale, CA",45.4,4.6,100.0,100sps,5.494,5.621,6.099,2.68,1.11,14.711,324.0,NW,7.84,13.53,2.8,0,2.057,0.854,0,1,0.806,0.784,0.973,5.706,6.414,1.124,4.159,3.178,0.764,1.273,0.71,0.956,1.347,19.42,0
2026-08-14T16:31:14Z,0.4,"7 km NW of The Geysers, CA",44.7,2.0,100.0,100sps,3.315,4.171,3.978,1.94,1.2,6.422,338.3,NNW,7.71,13.31,11.01,0,0.333,1.286,0,0,0.866,0.728,0.84,4.254,4.051,0.952,2.161,2.799,1.295,0.649,0.805,0.983,1.222,15.24,0
2026-08-14T16:11:29Z,0.93,"4 km N of Diablo, CA",87.5,14.2,100.0,100sps,6.573,3.765,4.595,1.21,0.7,7.938,138.2,SE,15.06,26.0,8.0,0,0.445,1.251,0,0,0.712,0.86,1.208,3.867,4.759,1.231,2.783,2.872,1.032,1.171,0.62,1.193,1.922,18.1,0
2026-08-14T16:08:33Z,1.02,"2 km W of Pleasant Hill, CA",73.3,8.8,100.0,100sps,7.543,3.085,3.341,0.79,0.44,5.926,140.0,SE,12.63,21.81,7.36,0,0.708,0.923,0,1,0.789,0.651,0.825,3.12,3.474,1.113,2.177,2.257,1.037,0.796,0.702,0.758,1.08,25.66,0
2026-08-14T15:42:16Z,0.7,"7 km NW of The Geysers, CA",44.6,3.0,100.0,100sps,3.633,4.231,5.176,2.14,1.42,7.789,338.2,NNW,7.69,13.27,11.94,0,0.666,1.068,0,1,0.599,0.864,1.443,4.605,5.459,1.185,2.443,3.379,1.383,1.044,0.487,1.398,2.873,7.5,0
2026-08-14T15:36:23Z,0.79,"9 km ENE of Morgan Hill, CA",170.8,4.7,100.0,100sps,4.679,4.459,1.852,0.69,0.4,3.216,146.8,SSE,28.06,49.3,9.09,0,0.107,1.479,0,0,0.755,0.69,0.914,4.534,1.756,0.387,2.969,1.449,0.488,1.873,0.668,1.162,1.738,8.76,1
2026-08-14T15:18:18Z,0.43,"1 km SSW of Anderson Springs, CA",35.7,1.8,100.0,100sps,4.148,6.967,4.663,1.76,1.12,7.315,349.2,N,6.16,10.63,11.86,0,0.476,1.187,0,0,0.79,0.81,1.024,7.528,4.674,0.621,3.727,2.138,0.574,1.786,0.693,1.012,1.46,20.08,0
2026-08-14T14:36:47Z,1.21,"4 km W of Cobb, CA",43.5,2.1,100.0,100sps,3.537,6.667,4.99,2.57,1.41,9.073,343.0,NNW,7.49,12.93,6.23,0,2.232,0.609,0,1,0.705,0.665,0.944,6.989,5.184,0.742,3.374,3.601,1.068,0.884,0.61,1.173,1.924,2.37,0
2026-08-14T14:17:52Z,0.9,"8 km ENE of Gilroy, CA",185.5,6.7,100.0,100sps,4.196,2.938,1.98,1.09,0.47,4.571,147.2,SSE,29.65,52.19,2.91,0,0.118,1.59,0,0,0.586,0.631,1.077,3.01,1.928,0.641,3.252,1.596,0.491,2.193,0.487,1.201,2.466,3.77,1
2026-08-14T13:44:49Z,0.89,"8 km NW of The Geysers, CA",45.4,2.0,100.0,100sps,2.715,2.449,1.907,1.42,0.7,3.864,337.9,NNW,7.83,13.52,3.79,0,1.008,0.583,0,1,0.576,0.569,0.987,2.445,1.873,0.766,2.329,1.427,0.613,1.61,0.468,0.587,1.254,24.83,0
2026-08-14T13:41:42Z,0.54,"10 km NW of Parkfield, CA",334.8,4.5,100.0,100sps,2.913,2.399,2.396,1.57,0.82,4.562,145.4,SE,48.38,85.84,11.43,0,0.014,2.515,0,0,0.589,0.575,0.975,2.41,2.397,0.995,2.446,2.348,0.96,1.016,0.485,0.616,1.27,29.61,1
2026-08-14T13:35:31Z,1.54,"9 km WNW of The Geysers, CA",45.7,2.2,100.0,100sps,3.117,1.978,3.277,2.17,1.05,6.77,334.8,NNW,7.88,13.61,3.18,0,4.467,0.181,0,1,0.554,0.599,1.081,1.96,3.367,1.718,2.111,2.491,1.18,0.915,0.453,0.729,1.609,17.56,0
2026-08-14T13:25:34Z,0.63,"10 km NW of Parkfield, CA",334.8,10.0,100.0,100sps,2.447,2.022,2.922,3.32,1.19,8.111,145.5,SE,47.71,84.72,2.4,0,0.017,2.675,0,1,0.553,0.551,0.996,2.034,3.057,1.503,1.636,1.675,1.024,0.973,0.444,0.558,1.258,33.93,1
2026-08-14T12:16:08Z,0.77,"2 km N of The Geysers, CA",39.9,0.9,100.0,100sps,1.917,1.129,1.502,1.62,0.78,3.106,342.4,NNW,6.88,11.88,4.16,0,0.904,0.536,0,1,0.539,0.53,0.982,1.013,1.474,1.455,1.711,1.853,1.083,0.906,0.426,0.576,1.354,22.01,0
2026-08-14T12:11:42Z,2.57,"5 km S of Petrolia, CA",249.1,10.6,100.0,100sps,1.529,2.855,1.189,1.91,0.78,2.925,325.4,NW,37.03,65.53,2.86,0,3.008,-0.012,0,1,0.939,0.529,0.564,2.793,1.087,0.389,2.662,1.947,0.732,0.771,0.892,0.624,0.699,27.13,0
2026-08-14T12:06:40Z,1.02,"6 km NNW of The Geysers, CA",44.2,2.7,100.0,100sps,1.339,1.258,2.037,2.69,1.52,3.601,339.9,NNW,7.61,13.14,8.67,0,1.411,0.407,0,1,0.585,0.516,0.882,1.129,2.116,1.874,1.277,1.312,1.027,0.859,0.491,0.592,1.206,15.48,0
2026-08-14T11:44:53Z,0.74,"10 km NW of The Geysers, CA",47.3,1.8,100.0,100sps,1.137,1.487,1.397,2.31,1.23,2.629,336.6,NNW,8.15,14.07,5.16,0,0.677,0.589,0,0,0.667,0.716,1.073,1.378,1.224,0.888,1.815,1.711,0.943,1.138,0.586,1.403,2.397,3.99,0
2026-08-14T11:31:20Z,0.93,"7 km WNW of Cobb, CA",45.6,2.1,100.0,100sps,1.029,0.899,1.147,1.76,1.12,1.808,340.4,NNW,7.85,13.55,8.75,0,1.101,0.215,0,0,0.524,0.52,0.993,0.734,1.045,1.423,1.177,1.322,1.124,0.883,0.408,0.467,1.144,28.73,0
2026-08-14T11:28:12Z,1.36,"8 km NW of Redwood Valley, CA",112.2,7.5,100.0,100sps,1.169,0.992,0.811,0.79,0.69,0.922,330.4,NNW,19.33,33.37,37.24,0,0.816,0.053,0,0,0.522,0.518,0.994,0.851,0.61,0.717,1.195,1.082,0.906,1.097,0.409,0.436,1.067,37.49,0
2026-08-14T11:24:31Z,1.59,"12 km N of McCloud, CA",327.2,3.1,100.0,100sps,0.905,0.796,1.619,3.73,1.79,3.379,7.5,N,47.62,84.44,7.87,0,0.166,1.31,0,1,0.522,0.527,1.011,0.584,1.595,2.729,1.759,1.867,1.061,0.953,0.404,0.577,1.429,31.85,1
2026-08-14T10:42:48Z,1.79,"17 km SE of Silver Springs, Nevada",323.4,9.4,100.0,100sps,0.985,1.258,0.917,1.02,0.93,1.009,71.5,ENE,46.38,82.32,39.3,0,0.27,0.572,0,0,0.514,0.528,1.027,1.214,0.738,0.608,1.313,1.21,0.921,1.115,0.4,0.468,1.17,38.22,1
2026-08-14T10:33:04Z,0.99,"6 km WNW of Cobb, CA",45.6,1.8,100.0,100sps,1.044,1.142,0.851,0.89,0.81,0.929,340.6,NNW,7.84,13.54,28.88,0,1.264,-0.134,0,0,0.521,0.531,1.019,1.005,0.651,0.648,1.449,1.019,0.703,1.449,0.41,0.464,1.134,28.21,0
2026-08-14T10:26:07Z,0.97,"9 km E of Alum Rock, CA",143.5,7.2,100.0,100sps,0.971,0.896,0.948,1.63,0.98,1.58,146.6,SSE,24.38,42.45,8.74,0,0.221,0.855,0,1,0.525,0.531,1.011,0.727,0.827,1.137,1.649,1.63,0.988,1.023,0.414,0.49,1.183,39.13,0
2026-08-14T10:22:04Z,1.67,"8 km NW of Redwood Valley, CA",112.1,7.0,100.0,100sps,0.974,1.637,0.85,1.06,0.87,1.032,330.3,NNW,19.32,33.35,35.83,0,1.667,-0.208,0,0,0.533,0.516,0.969,1.579,0.654,0.414,1.7,1.921,1.13,0.858,0.418,0.451,1.078,36.32,0
2026-08-14T10:07:43Z,0.54,"9 km NW of The Geysers, CA",45.9,1.6,100.0,100sps,0.845,0.784,1.156,3.01,1.37,2.545,335.2,NNW,7.91,13.66,1.98,0,0.444,0.758,0,1,0.523,0.516,0.987,0.578,1.071,1.855,0.889,0.975,1.096,0.9,0.407,0.466,1.144,27.79,0
2026-08-14T10:02:33Z,0.92,"2 km NNE of San Leandro, CA",88.9,5.3,100.0,100sps,0.832,0.776,1.061,2.65,1.27,2.208,152.1,SSE,15.32,26.44,2.91,0,0.425,0.716,0,1,0.526,0.515,0.98,0.56,0.96,1.713,1.465,0.729,0.498,1.969,0.413,0.49,1.185,33.04,0
2026-08-14T09:17:48Z,1.01,"4 km SW of Alamo, CA",85.3,11.4,100.0,100sps,0.822,0.816,0.848,1.11,1.03,0.916,144.7,SE,14.7,25.37,34.04,0,0.555,0.218,0,0,0.521,0.525,1.008,0.606,0.641,1.059,1.395,1.57,1.126,0.895,0.404,0.464,1.149,33.3,0
2026-08-14T09:03:14Z,1.88,"8 km NW of Redwood Valley, CA",112.3,7.1,100.0,100sps,0.723,0.736,0.711,1.14,0.98,0.825,330.3,NNW,19.35,33.4,37.35,0,2.697,-0.515,0,0,0.519,0.528,1.018,0.5,0.459,0.918,0.901,0.755,0.838,1.215,0.409,0.517,1.266,36.15,0
2026-08-14T08:53:30Z,1.71,"34 km WNW of Gabbs, Nevada",380.1,5.5,100.0,100sps,0.771,0.74,1.072,5.22,1.39,4.022,79.8,E,53.87,95.72,1.31,0,0.147,1.437,0,1,0.523,0.505,0.965,0.51,0.997,1.955,1.224,0.907,0.741,1.303,0.412,0.47,1.141,37.47,1
2026-08-14T08:44:27Z,2.13,"6 km ENE of Orange Cove, CA",359.4,28.6,100.0,100sps,0.814,0.719,0.723,0.93,0.89,0.754,123.0,ESE,48.65,86.75,39.74,0,0.45,0.224,0,0,0.524,0.531,1.013,0.472,0.476,1.007,0.783,1.018,1.3,0.779,0.403,0.445,1.104,39.5,1
2026-08-14T08:08:23Z,0.36,"6 km WNW of Cobb, CA",45.5,2.1,100.0,100sps,0.959,0.816,1.239,2.17,1.29,2.084,340.7,NNW,7.85,13.55,9.37,0,0.297,0.847,0,1,0.513,0.54,1.053,0.626,1.145,1.829,1.762,1.938,1.1,0.957,0.4,0.505,1.264,28.67,0
2026-08-14T07:55:37Z,1.07,"6 km W of Cobb, CA",44.0,1.4,100.0,100sps,0.875,1.031,2.383,6.0,2.73,5.248,340.4,NNW,7.58,13.09,4.42,0,1.592,0.518,1,0,0.518,0.554,1.07,0.911,2.395,2.63,1.19,2.619,2.202,0.486,0.399,0.639,1.601,17.43,0
2026-08-14T07:44:34Z,0.92,"3 km NNE of San Leandro, CA",88.4,5.4,100.0,100sps,1.105,1.326,1.506,2.69,1.36,2.972,151.6,SSE,15.23,26.28,7.02,0,0.428,0.841,0,1,0.538,0.511,0.948,1.251,1.479,1.182,2.634,2.603,0.989,0.959,0.428,0.466,1.09,33.36,0
2026-08-14T07:18:46Z,0.93,"4 km NNE of San Leandro, CA",88.2,5.3,100.0,100sps,0.989,0.909,1.272,2.84,1.29,2.809,151.4,SSE,15.21,26.25,3.57,0,0.439,0.806,0,1,0.513,0.505,0.984,0.759,1.206,1.589,1.624,1.633,1.005,0.979,0.401,0.416,1.035,34.43,0
2026-08-14T07:06:46Z,1.2,"6 km WNW of The Geysers, CA",43.2,2.9,100.0,100sps,0.927,1.093,0.77,0.99,0.83,0.914,336.6,NNW,7.45,12.86,27.37,0,2.197,-0.381,0,0,0.524,0.519,0.992,0.991,0.551,0.556,2.353,2.267,0.963,1.029,0.417,0.697,1.671,10.94,0
2026-08-14T07:03:02Z,0.44,"8 km WNW of Cobb, CA",45.8,2.2,100.0,100sps,1.036,0.971,0.729,0.84,0.7,0.872,339.3,NNW,7.91,13.65,28.87,0,0.354,0.392,0,0,0.519,0.519,1.001,0.822,0.487,0.592,2.206,2.244,1.017,0.984,0.399,0.566,1.417,22.33,0
2026-08-14T07:02:24Z,1.31,"15 km E of Seven Trees, CA",153.6,2.6,100.0,100sps,0.99,1.367,0.725,0.87,0.73,0.86,146.8,SSE,26.19,45.69,39.2,0,0.429,0.302,0,0,0.536,0.522,0.974,1.297,0.481,0.371,2.278,2.212,0.971,1.004,0.422,0.565,1.34,31.56,1
2026-08-14T06:26:51Z,0.88,"6 km ESE of Oakland, CA",84.8,4.7,100.0,100sps,1.353,1.419,1.152,1.51,0.85,2.041,151.4,SSE,14.61,25.22,8.63,0,0.415,0.692,0,1,0.529,0.515,0.973,1.334,1.039,0.779,2.83,2.469,0.872,1.115,0.422,0.504,1.193,33.42,0
2026-08-14T06:25:53Z,0.42,"9 km NW of The Geysers, CA",46.6,2.9,100.0,100sps,1.143,1.609,1.553,2.22,1.36,2.535,337.1,NNW,8.04,13.87,8.16,0,0.33,0.885,0,1,0.518,0.515,0.993,1.618,1.511,0.934,2.673,2.807,1.05,0.946,0.409,0.475,1.163,28.28,0
2026-08-14T06:21:52Z,1.58,"7 km NNW of Pinnacles, CA",243.7,3.3,100.0,100sps,1.474,1.336,1.042,1.19,0.71,1.761,147.9,SSE,37.26,65.82,10.19,0,0.323,0.737,0,0,0.525,0.527,1.003,1.248,0.909,0.729,2.683,2.639,0.984,1.019,0.413,0.487,1.179,37.77,1
2026-08-14T04:15:53Z,1.64,"2 km WNW of Concord, CA",75.4,17.1,100.0,100sps,1.862,1.157,1.24,0.82,0.67,1.518,135.9,SE,12.98,22.41,30.21,0,2.835,-0.271,0,0,0.602,0.58,0.964,1.018,1.086,1.066,1.034,1.085,1.049,0.918,0.505,0.822,1.627,13.05,0
2026-08-14T04:05:22Z,1.11,"5 km NW of The Geysers, CA",42.6,3.2,100.0,100sps,1.868,1.655,0.984,0.69,0.53,1.29,339.6,NNW,7.34,12.66,22.13,0,1.821,-0.15,0,0,0.526,0.498,0.946,1.631,0.862,0.529,1.662,1.497,0.901,1.05,0.42,0.459,1.093,27.59,0
2026-08-14T04:02:23Z,0.27,"2 km ESE of The Geysers, CA",37.1,1.2,100.0,100sps,1.565,1.283,2.427,2.27,1.55,3.559,344.2,NNW,6.39,11.03,13.14,0,0.314,1.054,0,1,0.524,0.547,1.045,1.207,2.436,2.018,1.562,1.737,1.112,0.94,0.407,0.548,1.346,24.58,0
2026-08-14T03:37:58Z,0.89,"7 km SE of Cloverdale, CA",45.9,5.0,100.0,100sps,2.602,1.875,8.122,8.26,3.12,21.493,320.8,NW,7.91,13.66,2.42,0,0.994,1.335,1,1,0.605,0.712,1.176,1.829,8.546,4.673,1.477,3.107,2.104,0.559,0.493,1.569,3.183,1.12,0
2026-08-14T03:10:21Z,0.29,"3 km SE of The Geysers, CA",35.8,0.4,100.0,100sps,2.582,2.426,3.901,2.63,1.51,6.781,344.1,NNW,6.18,10.67,6.38,0,0.344,1.295,0,0,0.671,0.708,1.056,2.418,3.961,1.638,3.594,4.052,1.127,0.937,0.6,0.774,1.29,22.93,0
2026-08-14T02:44:43Z,1.09,"2 km WNW of Cobb, CA",43.1,0.4,100.0,100sps,1.71,1.64,2.315,2.43,1.35,4.164,345.8,NNW,7.43,12.83,6.99,0,1.712,0.386,0,1,0.527,0.525,0.996,1.621,2.393,1.476,1.75,1.847,1.055,0.944,0.42,0.505,1.202,28.36,0
2026-08-14T02:33:11Z,1.03,"13 km NNW of Angwin, CA",29.1,6.6,100.0,100sps,2.47,2.446,1.589,0.99,0.64,2.437,23.0,NNE,5.01,8.64,13.8,0,2.452,-0.003,0,1,0.549,0.587,1.07,2.491,1.519,0.61,1.797,2.862,1.593,0.672,0.443,0.83,1.872,10.03,0
2026-08-14T02:32:54Z,1.09,"5 km WNW of Cobb, CA",44.9,2.1,100.0,100sps,2.44,2.842,1.536,1.5,0.63,3.666,341.7,NNW,7.75,13.37,1.25,0,1.622,0.354,0,0,0.549,0.562,1.023,2.913,1.456,0.5,2.016,1.166,0.578,1.77,0.445,0.83,1.866,7.92,0
2026-08-14T01:52:26Z,0.24,"3 km NNW of The Geysers, CA",41.3,4.9,100.0,100sps,2.614,2.474,2.32,1.45,0.89,3.777,341.8,NNW,7.11,12.27,10.72,0,0.256,1.169,0,0,0.703,0.534,0.759,2.474,2.344,0.948,11.122,1.715,0.154,4.924,0.566,0.464,0.82,28.61,0
2026-08-14T01:07:39Z,1.49,"20 km SW of Gustine, CA",192.5,-0.1,100.0,100sps,2.572,2.36,4.235,3.97,1.65,10.201,138.5,SE,31.33,55.08,6.53,0,0.426,1.379,0,0,0.549,0.545,0.993,2.383,4.56,1.914,3.647,4.148,1.137,0.873,0.452,0.614,1.361,29.17,1
2026-08-14T00:55:46Z,1.8,"6 km NW of Pinnacles, CA",244.8,2.9,100.0,100sps,3.391,4.055,3.588,2.48,1.06,8.409,148.6,SSE,37.45,66.14,4.11,0,0.531,1.2,0,1,0.586,0.579,0.989,4.157,3.746,0.901,2.536,2.382,0.94,1.053,0.482,0.642,1.332,31.47,1
2026-08-14T00:41:16Z,1.52,"13 km SE of Middletown, CA",28.1,4.2,100.0,100sps,3.94,3.81,3.171,1.49,0.8,5.886,22.1,NNE,4.85,8.36,6.21,0,7.895,-0.128,0,0,0.622,1.131,1.816,3.908,2.967,0.759,2.45,2.063,0.842,2.156,0.521,3.031,5.813,2.04,0
2026-08-14T00:18:27Z,1.58,"7 km NNE of Burney, CA",289.7,12.8,100.0,100sps,5.678,5.478,5.444,2.01,0.96,11.428,16.7,NNE,41.78,74.12,5.52,0,0.218,1.719,0,1,0.737,0.703,0.953,5.719,5.753,1.006,2.83,4.87,1.721,0.554,0.66,0.984,1.491,12.87,1
2026-08-13T23:22:30Z,0.76,"6 km NNW of Pinnacles, CA",244.5,4.3,100.0,100sps,4.339,3.688,2.28,0.81,0.53,3.509,148.2,SSE,37.24,65.8,17.19,0,0.049,1.859,0,0,0.649,0.566,0.871,3.803,2.301,0.605,2.786,2.418,0.868,1.004,0.567,0.561,0.988,36.28,1
2026-08-13T23:03:47Z,0.75,"8 km WNW of Cobb, CA",46.7,1.6,100.0,100sps,3.598,3.962,3.775,2.18,1.05,7.837,338.9,NNW,8.05,13.89,2.91,0,0.705,1.046,0,0,0.721,0.594,0.824,4.125,3.886,0.942,3.017,2.781,0.922,0.894,0.641,0.591,0.922,27.34,0
2026-08-13T23:03:16Z,0.26,"3 km SE of The Geysers, CA",35.7,1.7,100.0,100sps,3.819,4.032,3.453,1.39,0.9,5.305,344.7,NNW,6.16,10.63,12.71,0,0.322,1.217,0,0,0.701,0.609,0.869,4.213,3.555,0.844,3.071,2.931,0.954,0.911,0.617,0.78,1.263,15.37,0
2026-08-13T22:47:04Z,0.27,"11 km WNW of Cobb, CA",48.2,2.0,100.0,100sps,4.16,4.286,3.418,1.12,0.82,4.657,336.2,NNW,8.3,14.34,18.99,0,0.224,1.318,0,0,0.648,0.722,1.115,4.497,3.476,0.773,2.393,2.527,1.056,1.056,0.553,0.928,1.677,18.46,0
2026-08-13T22:45:45Z,1.19,"4 km SE of The Geysers, CA",34.5,0.2,100.0,100sps,4.309,3.43,3.935,1.33,0.91,5.724,344.1,NNW,5.95,10.28,11.99,0,2.859,0.301,0,0,0.58,0.637,1.099,3.636,4.059,1.117,2.29,2.595,1.133,0.97,0.486,0.652,1.343,26.05,0
2026-08-13T21:45:50Z,0.31,"3 km SE of The Geysers, CA",35.5,2.0,100.0,100sps,7.601,5.751,3.596,0.72,0.47,5.484,344.4,NNW,6.11,10.56,12.78,0,0.365,1.177,0,0,0.862,0.694,0.806,5.877,3.746,0.637,2.681,2.371,0.884,0.911,0.804,0.758,0.942,21.2,0
2026-08-13T21:23:36Z,1.77,"24 km WNW of Petrolia, CA",276.2,27.3,100.0,100sps,4.094,3.556,5.196,2.86,1.27,11.709,323.7,NW,38.45,68.39,4.8,0,0.378,1.491,0,1,0.668,0.673,1.008,3.704,5.605,1.513,2.174,3.132,1.441,0.7,0.577,1.179,2.042,4.48,1
2026-08-13T21:10:12Z,0.41,"2 km NNW of The Geysers, CA",39.9,1.6,100.0,100sps,5.461,3.779,5.326,1.73,0.98,9.432,341.4,NNW,6.87,11.87,9.78,0,0.395,1.378,0,1,0.721,0.723,1.003,3.935,5.533,1.406,2.126,3.707,1.743,0.575,0.628,1.236,1.968,3.4,0
2026-08-13T20:58:21Z,1.87,"10 km NNW of Klamath Falls, Oregon",435.2,-1.8,100.0,100sps,4.379,5.665,5.844,3.65,1.33,15.987,8.7,N,61.34,109.05,2.44,0,0.144,2.046,0,1,0.766,0.663,0.865,5.839,6.098,1.044,4.709,2.263,0.481,1.801,0.682,0.963,1.412,16.49,1
2026-08-13T20:33:58Z,0.75,"2 km ENE of The Geysers, CA",38.8,1.8,100.0,100sps,5.897,3.61,5.359,1.33,0.91,7.859,345.4,NNW,6.69,11.56,14.83,0,0.895,0.944,0,1,0.696,0.83,1.192,3.757,5.48,1.459,1.836,5.607,3.053,0.39,0.606,1.145,1.89,12.91,0
2026-08-13T20:04:56Z,0.35,"3 km SE of The Geysers, CA",35.4,1.9,100.0,100sps,6.172,6.511,4.227,1.11,0.68,6.82,344.4,NNW,6.09,10.52,8.16,0,0.401,1.23,0,1,0.906,0.735,0.81,7.076,4.47,0.632,3.092,2.581,0.835,0.971,0.843,1.152,1.367,8.29,0
2026-08-13T19:36:45Z,1.08,"6 km NW of The Geysers, CA",43.7,2.9,100.0,100sps,3.651,3.809,3.403,1.56,0.93,5.712,339.9,NNW,7.54,13.01,8.92,0,1.642,0.541,0,0,0.814,0.739,0.909,3.926,3.507,0.893,2.768,2.622,0.947,0.959,0.742,1.123,1.512,11.37,0
2026-08-13T19:14:11Z,0.36,"3 km SE of The Geysers, CA",35.8,1.8,100.0,100sps,5.467,3.291,2.902,0.77,0.53,4.185,345.0,NNW,6.18,10.66,10.64,0,0.404,1.015,0,0,0.735,0.642,0.873,3.398,2.992,0.881,3.498,3.36,0.961,0.909,0.653,0.836,1.281,17.56,0
2026-08-13T18:59:11Z,1.0,"10 km WNW of Cobb, CA",47.9,0.3,100.0,100sps,3.819,3.99,6.662,3.45,1.74,13.165,337.5,NNW,8.26,14.25,4.93,0,1.212,1.036,0,1,0.652,1.551,2.379,4.125,6.516,1.58,2.708,2.657,0.981,2.424,0.563,3.728,6.628,4.46,0
2026-08-13T18:55:08Z,0.86,"15 km E of Seven Trees, CA",152.8,5.3,100.0,100sps,5.271,6.933,3.282,0.99,0.62,5.235,146.6,SSE,25.77,45.18,13.05,0,0.153,1.533,0,0,0.662,0.606,0.916,7.17,3.416,0.476,2.771,2.546,0.919,0.997,0.571,0.756,1.325,26.41,1
2026-08-13T18:51:15Z,0.76,"6 km WNW of The Geysers, CA",42.2,3.5,100.0,100sps,3.814,4.729,3.128,1.31,0.82,4.99,336.1,NNW,7.27,12.56,8.9,0,0.822,0.783,0,0,0.687,0.601,0.875,5.002,3.295,0.659,3.157,2.403,0.761,1.149,0.594,0.784,1.321,14.19,0
2026-08-13T18:34:26Z,2.17,"3 km NNE of San Leandro, CA",88.5,5.4,100.0,100sps,3.513,3.548,2.991,1.26,0.85,4.411,151.7,SSE,15.25,26.32,16.47,0,7.602,-0.236,0,0,0.837,0.954,1.14,3.619,2.87,0.793,2.33,1.925,0.826,1.379,0.789,1.6,2.027,10.04,0
2026-08-13T18:03:14Z,2.03,"6 km W of Merrill, Oregon",406.2,-1.6,100.0,100sps,3.361,4.134,5.449,2.79,1.62,9.39,11.0,N,57.76,102.61,13.06,0,0.254,1.567,0,1,0.729,0.95,1.303,4.334,5.558,1.282,3.19,2.808,0.88,1.48,0.643,2.385,3.707,2.92,1
2026-08-13T17:20:19Z,0.8,"3 km NNE of San Leandro, CA",89.4,6.8,100.0,100sps,4.273,4.446,5.332,3.27,1.25,13.989,151.4,SSE,15.4,26.58,2.8,0,0.319,1.641,0,1,0.923,0.711,0.77,4.543,5.719,1.259,3.523,3.644,1.034,0.745,0.863,1.068,1.236,9.63,0
2026-08-13T16:38:15Z,1.59,"4 km NNE of San Leandro, CA",88.3,6.0,100.0,100sps,3.479,2.88,2.117,1.08,0.61,3.765,151.6,SSE,15.21,26.25,7.28,0,2.007,0.273,0,0,0.678,0.645,0.95,2.886,2.038,0.706,2.141,1.576,0.736,1.291,0.6,0.647,1.079,31.48,0
2026-08-13T16:37:00Z,0.91,"3 km NNE of San Leandro, CA",88.8,6.9,100.0,100sps,3.477,4.265,3.22,1.27,0.93,4.419,151.6,SSE,15.29,26.4,22.44,0,0.416,1.026,0,0,0.657,0.702,1.069,4.369,3.249,0.744,2.479,2.567,1.036,1.032,0.565,0.971,1.718,16.35,0
2026-08-13T16:09:59Z,1.21,"11 km SE of Pinnacles, CA",261.2,6.7,100.0,100sps,6.936,3.589,3.904,1.31,0.56,9.113,147.8,SSE,39.02,69.03,3.55,0,0.118,1.887,0,0,1.299,0.697,0.536,3.257,4.052,1.244,2.22,2.171,0.978,0.549,1.322,1.176,0.889,7.25,1
2026-08-13T16:07:22Z,2.83,"4 km N of San Leandro, CA",87.9,5.5,100.0,100sps,7.353,3.29,9.514,2.28,1.29,16.751,151.7,SSE,15.15,26.15,7.69,0,35.084,-0.321,0,1,0.896,5.163,5.764,3.288,7.656,2.328,2.555,3.165,1.239,4.654,0.827,10.986,13.289,5.91,0
2026-08-13T15:30:04Z,3.84,"3 km N of San Leandro, CA",88.0,5.5,100.0,100sps,4.981,3.185,87.536,35.18,17.58,175.195,151.8,SSE,15.17,26.18,7.08,1,358.293,-0.311,1,1,0.609,70.109,115.045,3.281,44.916,13.691,2.235,5.543,2.48,46.39,0.503,130.057,258.549,8.51,0
2026-08-13T15:15:12Z,0.47,"11 km WNW of Cobb, CA",49.2,0.4,100.0,100sps,3.369,4.687,3.915,2.39,1.16,8.04,337.8,NNW,8.48,14.63,4.12,0,0.345,1.367,0,0,0.826,0.907,1.097,4.792,4.061,0.847,2.385,2.457,1.03,1.065,0.755,1.346,1.784,11.16,0
2026-08-13T14:58:58Z,1.73,"8 km WSW of Byron, CA",105.6,0.3,100.0,100sps,5.631,3.494,5.98,2.33,1.06,13.106,130.7,SE,18.2,31.41,4.93,0,2.106,0.794,0,1,0.739,0.802,1.085,3.566,6.162,1.728,2.481,2.852,1.149,0.944,0.66,1.654,2.507,2.57,0
2026-08-13T14:30:34Z,0.75,"3 km SE of The Geysers, CA",35.5,0.9,100.0,100sps,3.413,3.644,3.396,2.55,1.0,8.7,344.3,NNW,6.12,10.57,2.96,0,1.002,0.939,0,0,0.7,0.676,0.966,3.774,3.486,0.924,2.207,1.614,0.732,1.32,0.606,0.809,1.334,19.17,0
2026-08-13T14:30:24Z,0.8,"3 km SE of The Geysers, CA",35.3,1.3,100.0,100sps,3.179,3.651,4.556,2.79,1.43,8.875,344.6,NNW,6.07,10.48,6.55,0,1.135,0.893,0,1,0.678,0.693,1.023,3.78,4.786,1.266,2.215,1.862,0.841,1.217,0.583,0.809,1.387,18.6,0
2026-08-13T14:29:56Z,0.35,"3 km SE of The Geysers, CA",35.5,1.5,100.0,100sps,3.355,3.416,4.374,2.14,1.3,7.186,344.5,NNW,6.12,10.56,6.57,0,0.399,1.255,0,0,0.671,0.741,1.103,3.502,4.555,1.301,2.098,2.006,0.956,1.154,0.574,0.906,1.578,20.48,0
2026-08-13T12:10:33Z,0.96,"9 km NW of Redwood Valley, CA",112.3,6.4,100.0,100sps,1.21,2.173,0.893,0.82,0.74,0.996,330.3,NNW,19.36,33.42,37.44,0,0.324,0.488,0,0,0.553,0.531,0.961,2.194,0.72,0.328,1.524,1.088,0.714,1.346,0.444,0.5,1.128,36.4,0
2026-08-13T11:57:08Z,2.35,"30 km WNW of Petrolia, CA",277.9,25.4,100.0,100sps,1.338,1.516,2.726,4.73,2.04,6.335,322.2,NW,38.86,69.08,4.39,0,1.416,0.651,0,1,0.528,0.683,1.293,1.499,2.734,1.824,1.943,2.187,1.126,1.149,0.42,1.322,3.145,4.5,1
2026-08-13T11:50:27Z,0.73,"3 km NNW of The Geysers, CA",40.7,2.5,100.0,100sps,1.613,2.862,0.987,1.0,0.61,1.608,342.3,NNW,7.01,12.11,10.31,0,0.805,0.301,0,0,0.536,0.527,0.983,3.043,0.839,0.276,2.129,2.177,1.022,0.961,0.424,0.464,1.094,28.55,0
2026-08-13T11:43:10Z,2.04,"30 km E of Rio Dell, CA",244.7,20.3,100.0,100sps,1.137,0.945,1.665,2.84,1.46,3.227,336.9,NNW,35.26,62.52,7.44,0,0.923,0.544,0,0,0.577,0.92,1.593,0.76,1.397,1.839,0.623,0.942,1.511,1.054,0.468,1.615,3.453,9.15,1
2026-08-13T11:27:32Z,0.94,"4 km N of Orinda, CA",71.2,7.4,100.0,100sps,0.807,1.446,0.946,1.41,1.17,1.14,147.2,SSE,12.26,21.16,29.31,0,0.615,0.268,0,0,0.525,0.542,1.032,1.391,0.789,0.567,2.087,2.087,1.0,1.032,0.409,0.507,1.24,31.36,0
2026-08-13T10:45:27Z,2.0,"3 km NE of Prattville, CA",236.1,8.8,100.0,100sps,0.93,0.962,0.81,1.31,0.87,1.223,32.5,NNE,35.65,63.02,18.22,0,0.909,0.129,0,0,0.532,0.509,0.955,0.811,0.625,0.77,1.14,1.017,0.892,1.071,0.423,0.469,1.108,39.05,1
2026-08-13T10:36:25Z,1.02,"6 km WNW of Cobb, CA",45.3,1.8,100.0,100sps,0.867,0.806,0.767,0.87,0.89,0.751,341.3,NNW,7.8,13.46,29.25,0,1.366,-0.26,0,0,0.524,0.516,0.985,0.604,0.556,0.92,0.571,0.583,1.021,0.965,0.409,0.455,1.113,28.86,0
2026-08-13T10:13:31Z,0.98,"10 km NW of The Geysers, CA",46.6,1.8,100.0,100sps,0.779,0.798,0.709,0.99,0.91,0.774,335.0,NNW,8.04,13.88,29.38,0,1.199,-0.19,0,0,0.537,0.524,0.975,0.59,0.459,0.779,0.608,0.595,0.978,0.997,0.416,0.468,1.124,29.02,0
2026-08-13T10:10:55Z,1.68,"5 km SSE of Floriston, California",249.1,4.9,100.0,100sps,0.873,0.685,1.159,2.78,1.33,2.424,65.4,ENE,37.73,66.69,4.71,0,0.388,0.796,0,1,0.52,0.54,1.038,0.429,1.059,2.466,0.77,0.857,1.113,0.933,0.405,0.508,1.256,37.4,1
2026-08-13T10:04:29Z,1.06,"8 km NW of Redwood Valley, CA",112.1,6.5,100.0,100sps,0.848,0.741,0.717,0.93,0.85,0.789,330.2,NNW,19.32,33.35,37.66,0,0.409,0.285,0,0,0.539,0.519,0.964,0.495,0.48,0.97,0.776,0.798,1.028,0.937,0.42,0.625,1.488,25.13,0
2026-08-13T09:26:27Z,1.78,"7 km NNW of Pinnacles, CA",244.0,3.6,100.0,100sps,0.991,1.411,0.834,1.43,0.84,1.42,147.9,SSE,37.26,65.82,10.65,0,0.511,0.444,0,0,0.527,0.498,0.946,1.353,0.679,0.502,1.938,1.673,0.863,1.096,0.415,0.432,1.042,38.45,1
2026-08-13T09:22:26Z,0.63,"13 km ENE of Cloverdale, CA",49.1,2.5,100.0,100sps,0.894,0.796,1.25,2.42,1.4,2.167,332.7,NNW,8.46,14.61,6.23,0,0.5,0.637,0,0,0.526,0.541,1.027,0.594,1.17,1.971,1.837,1.964,1.069,0.961,0.417,0.529,1.267,26.98,0
2026-08-13T09:19:59Z,1.66,"20 km NNE of Shasta Lake, CA",268.3,12.7,100.0,100sps,1.335,0.74,0.722,0.77,0.54,1.029,6.5,N,39.15,69.38,28.31,0,0.313,0.516,0,0,0.53,0.525,0.989,0.508,0.481,0.947,1.74,1.806,1.038,0.953,0.41,0.473,1.154,38.91,1
2026-08-13T08:49:41Z,0.87,"10 km WNW of The Geysers, CA",45.9,2.7,100.0,100sps,1.172,1.413,0.771,0.76,0.66,0.895,333.9,NNW,7.91,13.66,28.53,0,0.949,-0.026,0,0,0.532,0.527,0.991,1.361,0.555,0.408,2.225,1.839,0.826,1.199,0.418,0.475,1.135,28.31,0
2026-08-13T08:47:14Z,1.05,"8 km NW of The Geysers, CA",45.5,1.6,100.0,100sps,1.183,1.005,1.132,1.45,0.96,1.721,338.3,NNW,7.85,13.56,10.77,0,1.454,0.073,0,0,0.516,0.53,1.027,0.878,1.017,1.158,1.984,1.948,0.982,1.045,0.405,0.514,1.271,27.45,0
2026-08-13T08:36:37Z,1.3,"14 km WSW of Greenfield, CA",265.5,7.7,100.0,100sps,0.753,1.029,1.046,2.05,1.39,1.544,155.4,SSE,39.43,69.79,15.46,0,0.14,1.042,0,0,0.536,0.537,1.001,0.939,0.911,0.97,1.927,1.98,1.027,0.975,0.428,0.58,1.355,33.93,1
2026-08-13T08:07:07Z,1.06,"8 km W of Cobb, CA",45.6,2.1,100.0,100sps,1.799,1.77,0.787,0.6,0.44,1.081,338.9,NNW,7.85,13.55,20.61,0,1.485,-0.138,0,0,0.528,0.518,0.982,1.764,0.583,0.331,1.971,2.036,1.033,0.95,0.418,0.486,1.162,28.16,0
2026-08-13T07:40:50Z,1.03,"8 km W of Cobb, CA",45.6,2.3,100.0,100sps,0.998,0.931,0.796,1.14,0.8,1.141,339.1,NNW,7.85,13.56,21.64,0,1.385,-0.084,0,0,0.517,0.51,0.988,0.783,0.608,0.776,1.024,0.956,0.934,1.057,0.401,0.426,1.062,27.57,0
2026-08-13T07:35:55Z,2.09,"13 km N of McCloud, CA",327.5,2.1,100.0,100sps,1.536,0.996,1.188,2.01,0.77,3.081,7.5,N,47.77,84.69,1.12,0,0.523,0.77,0,1,0.507,0.509,1.003,0.866,1.091,1.26,1.322,1.268,0.959,1.046,0.392,0.435,1.109,39.25,1
2026-08-13T07:34:09Z,0.72,"7 km WNW of Cobb, CA",45.5,2.1,100.0,100sps,1.232,1.804,1.177,1.71,0.96,2.111,340.5,NNW,7.84,13.53,4.55,0,0.681,0.492,0,0,0.533,0.505,0.947,1.811,1.082,0.597,1.293,1.384,1.071,0.884,0.425,0.467,1.099,27.94,0
2026-08-13T07:25:34Z,2.31,"2 km N of Almanor, CA",234.8,7.8,100.0,100sps,1.055,0.888,0.966,1.52,0.92,1.599,31.6,NNE,35.61,62.93,9.91,0,1.878,-0.07,0,0,0.512,0.528,1.03,0.719,0.822,1.142,1.183,1.135,0.96,1.074,0.403,0.495,1.231,39.22,0
2026-08-13T06:59:53Z,1.69,"12 km W of Petrolia, CA",258.6,9.0,100.0,100sps,1.26,1.04,1.235,1.86,0.98,2.344,323.7,NW,38.4,67.97,4.93,0,0.365,0.808,0,0,0.532,0.515,0.969,0.883,1.149,1.302,1.486,1.3,0.875,1.107,0.424,0.448,1.058,37.44,1
2026-08-13T06:58:27Z,0.41,"7 km WNW of Cobb, CA",45.4,1.7,100.0,100sps,1.335,1.321,0.964,1.21,0.72,1.619,340.3,NNW,7.83,13.52,5.93,0,0.334,0.685,0,0,0.529,0.521,0.984,1.233,0.807,0.654,1.574,1.245,0.791,1.244,0.42,0.483,1.151,28.04,0
2026-08-13T06:44:45Z,1.24,"2 km ENE of Hayward, CA",102.4,4.6,100.0,100sps,1.481,1.192,1.072,1.18,0.72,1.752,150.9,SSE,17.65,30.47,10.05,0,0.714,0.39,0,0,0.526,0.519,0.987,1.097,0.971,0.885,1.748,1.734,0.992,0.995,0.421,0.495,1.175,33.08,0
2026-08-13T06:32:14Z,0.56,"14 km SE of Pinnacles, CA",264.7,6.0,100.0,100sps,1.012,1.481,1.005,1.67,0.99,1.69,147.5,SSE,39.53,69.94,11.03,0,0.026,1.818,0,0,0.529,0.514,0.973,1.436,0.881,0.614,2.107,1.811,0.86,1.131,0.406,0.465,1.146,37.06,1
2026-08-13T05:01:09Z,1.02,"6 km NW of Pinnacles, CA",244.1,2.3,100.0,100sps,1.479,1.607,1.84,2.45,1.24,3.632,148.4,SSE,37.44,66.11,7.6,0,0.089,1.613,0,1,0.524,0.524,1.001,1.563,1.863,1.192,2.577,2.788,1.082,0.926,0.418,0.546,1.306,34.24,1
2026-08-13T03:26:30Z,2.11,"3 km NNE of San Leandro, CA",88.7,4.9,100.0,100sps,1.713,2.106,2.261,1.68,1.32,2.882,151.7,SSE,15.29,26.39,29.3,0,6.596,-0.36,0,0,0.533,0.821,1.541,2.123,2.17,1.022,1.88,3.399,1.808,0.852,0.43,1.561,3.627,7.27,0
2026-08-13T03:15:57Z,0.24,"7 km NW of The Geysers, CA",44.5,2.5,100.0,100sps,2.032,2.683,2.44,2.47,1.2,5.027,337.8,NNW,7.66,13.22,3.8,0,0.232,1.335,0,1,0.547,0.528,0.964,2.702,2.538,0.94,2.07,1.967,0.951,1.014,0.438,0.508,1.162,26.49,0
2026-08-13T03:06:46Z,0.79,"1 km ESE of The Geysers, CA",37.5,2.5,100.0,100sps,1.683,1.86,2.083,2.11,1.24,3.554,343.3,NNW,6.46,11.16,7.12,0,1.026,0.54,0,0,0.526,0.544,1.034,1.847,2.083,1.128,1.887,1.995,1.057,0.978,0.412,0.513,1.245,26.03,0
2026-08-13T02:13:59Z,0.53,"2 km E of Pacifica, CA",94.9,7.8,100.0,100sps,2.835,2.316,1.744,1.45,0.62,4.099,171.8,S,16.35,28.23,1.79,0,0.157,1.418,0,0,0.526,0.531,1.011,2.348,1.726,0.735,2.201,1.986,0.902,1.12,0.42,0.511,1.217,32.52,0
2026-08-13T01:43:27Z,0.85,"6 km NW of Pinnacles, CA",244.3,2.8,100.0,100sps,3.388,3.019,2.538,1.35,0.75,4.58,148.5,SSE,37.4,66.06,11.81,0,0.06,1.884,0,0,0.564,0.538,0.953,3.098,2.531,0.817,2.316,2.087,0.901,1.058,0.453,0.515,1.136,33.74,1
2026-08-13T01:22:52Z,1.94,"10 km ENE of Rockport, CA",174.2,3.8,100.0,100sps,2.48,2.119,3.403,2.18,1.37,5.406,327.7,NNW,28.61,50.26,16.5,0,1.452,0.571,0,0,0.526,0.564,1.072,2.138,3.533,1.652,3.749,4.206,1.122,0.956,0.424,0.62,1.462,29.83,1
2026-08-13T01:22:06Z,1.72,"10 km ENE of Rockport, CA",174.2,4.3,100.0,100sps,2.429,2.33,2.191,1.55,0.9,3.774,327.8,NNW,28.54,50.15,10.44,0,0.875,0.635,0,0,0.551,0.529,0.959,2.376,2.244,0.944,3.084,3.79,1.229,0.781,0.444,0.502,1.13,36.43,1
2026-08-13T01:10:50Z,0.94,"13 km SE of Mammoth Lakes, CA",343.8,5.2,100.0,100sps,3.8,2.427,2.268,0.88,0.6,3.351,105.6,ESE,49.41,87.7,19.03,0,0.033,2.011,0,0,0.584,0.544,0.932,2.445,2.287,0.935,3.732,3.821,1.024,0.911,0.483,0.543,1.123,36.26,1
2026-08-13T00:58:41Z,0.73,"8 km NW of The Geysers, CA",45.6,1.6,100.0,100sps,2.728,3.513,2.955,1.84,1.08,5.011,338.1,NNW,7.86,13.57,6.98,0,0.693,0.859,0,0,0.576,0.543,0.942,3.583,3.077,0.859,3.381,3.388,1.002,0.94,0.473,0.619,1.309,21.14,0
2026-08-13T00:57:34Z,0.25,"8 km NW of The Geysers, CA",46.0,0.8,100.0,100sps,2.635,2.754,3.497,2.32,1.33,6.11,338.1,NNW,7.93,13.68,7.72,0,0.227,1.429,0,0,0.564,0.576,1.021,2.834,3.539,1.249,3.333,3.256,0.977,1.045,0.468,0.663,1.417,22.59,0
2026-08-13T00:32:03Z,1.59,"6 km WNW of Cobb, CA",45.4,2.1,100.0,100sps,3.171,3.71,25.938,15.05,8.18,47.713,340.8,NNW,7.84,13.53,8.68,0,5.056,0.975,1,1,0.684,1.069,1.563,3.824,26.502,6.931,2.128,5.619,2.64,0.592,0.615,1.767,2.874,4.9,0
2026-08-13T00:15:43Z,0.69,"12 km NNW of Healdsburg, CA",39.5,6.5,100.0,100sps,3.186,3.687,5.003,2.79,1.57,8.89,319.1,NW,6.81,11.75,7.65,0,0.762,1.067,0,1,0.573,0.621,1.085,3.818,5.262,1.378,2.398,2.916,1.216,0.892,0.47,0.688,1.465,20.79,0
2026-08-13T00:13:35Z,0.98,"7 km NNW of Pinnacles, CA",243.6,5.0,100.0,100sps,2.931,3.199,3.609,1.9,1.23,5.573,148.1,SSE,37.04,65.44,17.97,0,0.081,1.837,0,0,0.571,0.564,0.987,3.307,3.718,1.124,2.508,2.457,0.98,1.008,0.473,0.622,1.316,32.2,1
2026-08-12T23:27:29Z,2.72,"32 km NNW of Covelo, CA",190.1,8.4,100.0,100sps,4.517,4.109,4.052,1.6,0.9,7.226,338.0,NNW,30.0,52.84,10.21,0,7.418,-0.011,0,0,0.956,0.827,0.865,4.191,4.205,1.003,2.891,2.345,0.811,1.066,0.912,1.221,1.339,17.95,0
2026-08-12T23:13:08Z,0.54,"8 km ESE of Cloverdale, CA",45.6,3.4,100.0,100sps,3.911,4.0,3.76,1.67,0.96,6.546,323.2,NW,7.86,13.56,7.38,0,0.448,1.164,0,0,0.59,0.622,1.053,4.219,3.889,0.922,2.429,2.312,0.952,1.106,0.495,0.754,1.524,17.43,0
2026-08-12T21:47:27Z,2.25,"28 km W of Petrolia, CA",266.6,20.9,100.0,100sps,5.151,4.236,4.107,1.85,0.8,9.506,320.6,NW,37.91,67.31,3.22,0,1.238,0.885,0,1,0.618,0.619,1.002,4.415,4.205,0.952,2.254,2.119,0.94,1.065,0.524,0.807,1.541,23.19,1
2026-08-12T21:41:11Z,2.08,"9 km ENE of Morgan Hill, CA",170.8,4.1,100.0,100sps,3.435,4.564,4.844,2.67,1.41,9.166,146.8,SSE,28.15,49.44,8.25,0,2.081,0.644,0,1,0.743,0.69,0.928,4.742,5.043,1.064,2.441,2.887,1.182,0.785,0.672,1.047,1.558,12.23,1
2026-08-12T20:08:44Z,1.8,"3 km SW of Clayton, CA",82.8,-0.2,100.0,100sps,3.553,3.88,2.814,1.2,0.79,4.271,135.1,SE,14.28,24.65,16.94,0,3.575,0.077,0,0,0.742,0.611,0.824,4.038,2.875,0.712,2.233,2.007,0.899,0.917,0.672,0.651,0.969,28.66,0
2026-08-12T19:47:24Z,1.04,"4 km W of Cobb, CA",43.3,2.2,100.0,100sps,4.536,9.687,3.645,1.12,0.8,5.088,342.9,NNW,7.47,12.9,18.8,0,1.515,0.526,0,0,0.999,0.918,0.919,10.242,3.596,0.351,3.089,2.659,0.861,1.068,0.947,1.621,1.712,8.62,0
2026-08-12T19:33:11Z,0.43,"5 km WNW of The Geysers, CA",41.6,2.7,100.0,100sps,3.376,3.108,10.26,4.72,3.04,15.953,336.8,NNW,7.17,12.38,9.79,0,0.392,1.61,0,1,0.63,0.897,1.423,3.151,10.907,3.461,2.134,7.418,3.477,0.409,0.535,1.158,2.165,15.99,0
2026-08-12T19:32:45Z,1.06,"5 km WNW of The Geysers, CA",41.7,2.9,100.0,100sps,4.179,2.985,7.058,3.23,1.69,13.503,336.8,NNW,7.19,12.41,7.92,0,1.667,0.908,0,1,0.644,0.72,1.118,3.029,7.421,2.45,1.969,2.901,1.473,0.759,0.546,1.139,2.087,6.28,0
2026-08-12T19:24:18Z,1.12,"5 km WNW of The Geysers, CA",41.6,2.8,100.0,100sps,3.893,4.089,2.853,1.48,0.73,5.775,336.9,NNW,7.18,12.39,4.92,0,1.917,0.479,0,0,0.704,0.557,0.79,4.239,2.91,0.686,2.224,1.873,0.842,0.938,0.625,0.584,0.934,25.85,0
2026-08-12T19:21:38Z,0.43,"5 km WNW of The Geysers, CA",41.8,3.0,100.0,100sps,3.042,3.408,4.98,4.88,1.64,14.836,336.9,NNW,7.2,12.42,1.48,0,0.39,1.58,0,1,0.568,0.571,1.005,3.542,5.098,1.439,2.461,1.913,0.777,1.293,0.464,0.538,1.159,27.21,0
2026-08-12T19:08:36Z,0.38,"7 km NW of The Geysers, CA",44.4,2.9,100.0,100sps,5.619,3.195,2.241,0.56,0.4,3.13,338.1,NNW,7.66,13.22,19.24,0,0.321,0.989,0,0,0.693,0.692,0.998,3.292,2.185,0.664,1.749,1.763,1.007,0.991,0.612,0.803,1.313,20.22,0
2026-08-12T18:55:05Z,1.08,"7 km NW of The Geysers, CA",44.3,2.4,100.0,100sps,3.623,3.343,4.176,2.36,1.15,8.548,338.8,NNW,7.63,13.17,4.29,0,1.616,0.724,0,1,0.696,0.67,0.962,3.399,4.416,1.299,2.135,2.124,0.995,0.967,0.612,0.892,1.456,15.49,0
2026-08-12T18:53:55Z,0.44,"7 km NW of The Geysers, CA",44.5,3.2,100.0,100sps,2.838,3.644,2.467,1.51,0.87,4.276,338.1,NNW,7.68,13.25,7.98,0,0.367,1.066,0,0,0.632,0.623,0.986,3.823,2.488,0.651,2.735,1.804,0.66,1.495,0.531,0.764,1.44,17.75,0
2026-08-12T18:32:15Z,0.68,"7 km NW of The Geysers, CA",43.8,3.5,100.0,100sps,4.23,4.517,5.666,2.39,1.34,10.102,337.0,NNW,7.56,13.05,9.05,0,0.651,1.191,0,1,0.752,0.789,1.049,4.674,6.109,1.307,2.918,3.459,1.185,0.885,0.672,0.96,1.429,19.97,0
2026-08-12T18:07:18Z,1.68,"2 km E of Aromas, CA",195.1,-0.1,100.0,100sps,3.129,2.547,4.055,2.98,1.3,9.312,152.9,SSE,31.65,55.67,5.16,0,0.643,1.161,0,1,0.822,0.627,0.763,2.473,4.246,1.717,1.677,2.177,1.299,0.587,0.755,0.783,1.037,24.8,1
2026-08-12T17:35:34Z,1.45,"8 km ESE of Cloverdale, CA",45.6,5.0,100.0,100sps,4.592,3.162,4.202,1.28,0.92,5.858,323.2,NW,7.85,13.55,14.08,0,3.646,0.206,0,0,0.996,0.805,0.809,3.131,4.281,1.367,2.221,3.383,1.523,0.531,0.932,1.027,1.102,17.75,0
2026-08-12T17:31:09Z,1.06,"6 km NW of The Geysers, CA",43.5,3.5,100.0,100sps,4.45,5.592,2.971,1.5,0.67,6.676,337.9,NNW,7.5,12.94,2.1,0,1.578,0.626,0,0,1.929,0.712,0.369,5.445,3.02,0.555,5.594,2.458,0.439,0.841,1.701,1.103,0.648,7.68,0
2026-08-12T16:34:30Z,0.43,"7 km NW of The Geysers, CA",44.6,2.8,100.0,100sps,3.185,2.296,4.614,3.41,1.45,10.87,338.7,NNW,7.69,13.27,3.41,0,0.358,1.483,0,1,0.598,0.675,1.128,2.331,4.954,2.126,2.292,2.986,1.303,0.866,0.49,0.871,1.776,17.36,0
2026-08-12T16:21:20Z,0.95,"11 km NE of Windsor, CA",20.1,5.1,100.0,100sps,3.117,4.603,5.377,2.77,1.73,8.646,334.0,NNW,3.46,5.97,11.17,0,3.198,0.432,0,1,0.664,0.686,1.034,4.837,5.653,1.169,2.884,2.814,0.976,1.06,0.568,1.034,1.819,8.39,0
2026-08-12T16:00:38Z,0.43,"7 km WNW of Cobb, CA",46.2,3.7,100.0,100sps,4.166,3.303,2.489,1.0,0.6,4.173,339.9,NNW,7.96,13.74,10.06,0,0.342,1.086,0,0,0.655,0.684,1.043,3.355,2.481,0.74,2.183,2.279,1.044,0.999,0.562,0.812,1.444,20.49,0
2026-08-12T15:43:26Z,0.92,"6 km NW of The Geysers, CA",43.5,3.2,100.0,100sps,3.797,3.131,2.37,1.03,0.62,3.897,337.9,NNW,7.49,12.93,10.06,0,1.145,0.532,0,0,0.586,0.528,0.902,3.257,2.428,0.745,1.901,2.145,1.128,0.799,0.479,0.662,1.382,16.87,0
2026-08-12T15:24:06Z,0.23,"7 km NW of The Geysers, CA",44.2,3.3,100.0,100sps,3.095,3.095,3.39,2.03,1.1,6.283,338.3,NNW,7.62,13.16,6.76,0,0.228,1.439,0,0,0.637,0.58,0.91,3.143,3.54,1.126,2.125,1.875,0.882,1.031,0.534,0.61,1.143,24.19,0
2026-08-12T15:06:37Z,1.08,"7 km NW of The Geysers, CA",44.5,3.1,100.0,100sps,11.509,15.086,10.878,1.19,0.95,13.693,338.2,NNW,7.66,13.23,23.08,0,1.606,0.931,0,0,3.231,0.816,0.253,15.854,11.946,0.754,24.765,15.859,0.64,0.394,3.073,1.079,0.351,11.59,0
2026-08-12T13:59:09Z,0.31,"8 km NW of The Geysers, CA",45.3,2.1,100.0,100sps,8.845,12.904,10.009,1.42,1.13,12.578,338.5,NNW,7.81,13.49,23.74,0,0.266,1.675,0,0,1.113,1.384,1.243,13.717,10.754,0.784,17.049,22.17,1.3,0.956,1.045,2.328,2.227,4.19,0
2026-08-12T13:58:01Z,1.08,"8 km NW of The Geysers, CA",45.3,0.7,100.0,100sps,8.492,7.707,17.673,3.28,2.08,27.832,338.2,NNW,7.81,13.49,12.18,0,1.566,1.25,0,1,0.709,1.355,1.911,8.298,18.721,2.256,15.743,21.244,1.349,1.416,0.595,2.391,4.019,7.67,0
2026-08-12T13:52:40Z,1.98,"6 km NNW of Pinnacles, CA",244.4,4.8,100.0,100sps,30.169,15.002,5.714,0.28,0.19,8.494,148.1,SSE,37.18,65.69,18.54,0,0.806,1.023,0,0,2.492,0.703,0.282,15.198,6.088,0.401,17.395,10.471,0.602,0.468,2.128,0.882,0.414,22.81,1
2026-08-12T13:32:07Z,1.58,"16 km NNW of Mina, Nevada",388.5,11.5,100.0,100sps,9.766,6.807,4.152,0.82,0.43,7.985,87.3,E,54.17,96.37,6.25,0,0.102,1.892,0,0,0.729,0.669,0.918,7.231,4.358,0.603,14.309,10.107,0.706,1.299,0.624,0.89,1.425,18.93,1
2026-08-12T13:24:49Z,0.3,"6 km NW of The Geysers, CA",43.6,3.8,100.0,100sps,8.136,10.695,15.782,3.65,1.94,29.665,337.7,NNW,7.51,12.97,7.41,0,0.273,2.035,0,0,1.254,1.092,0.87,11.256,16.951,1.506,21.045,20.629,0.98,0.888,0.995,1.73,1.739,9.92,0
2026-08-12T13:08:56Z,0.75,"7 km NW of The Geysers, CA",43.6,3.3,100.0,100sps,6.314,8.634,8.577,1.97,1.36,12.409,336.8,NNW,7.52,12.97,15.56,0,0.77,1.207,0,0,0.756,1.299,1.719,9.26,8.979,0.97,14.738,16.038,1.088,1.579,0.644,2.331,3.62,6.59,0
2026-08-12T13:07:55Z,1.08,"9 km WNW of The Geysers, CA",45.0,5.1,100.0,100sps,6.485,5.7,11.824,3.27,1.82,21.217,334.0,NNW,7.76,13.4,7.65,0,1.579,1.128,0,1,0.677,0.842,1.244,6.092,12.738,2.091,11.545,18.987,1.645,0.757,0.565,1.225,2.167,6.29,0
2026-08-12T12:58:00Z,0.8,"2 km ESE of The Geysers, CA",36.9,0.9,100.0,100sps,7.017,5.917,8.873,2.33,1.26,16.368,344.3,NNW,6.36,10.98,6.21,0,1.072,1.184,0,1,0.709,0.639,0.902,6.295,9.612,1.527,10.082,13.616,1.351,0.668,0.593,0.785,1.324,18.7,0
2026-08-12T12:42:39Z,1.0,"7 km NW of The Geysers, CA",44.4,2.9,100.0,100sps,7.69,4.009,4.493,0.91,0.58,6.977,338.2,NNW,7.66,13.22,11.33,0,1.338,0.717,0,0,0.713,0.887,1.244,4.192,4.734,1.129,8.929,10.922,1.223,1.017,0.602,1.008,1.674,23.64,0
2026-08-12T12:30:15Z,0.76,"7 km WNW of The Geysers, CA",43.5,3.3,100.0,100sps,5.042,7.409,3.298,0.76,0.65,3.818,336.6,NNW,7.5,12.95,27.0,0,0.79,0.684,0,0,0.889,0.634,0.714,7.974,3.341,0.419,13.202,6.329,0.479,1.489,0.75,0.679,0.906,23.19,0
2026-08-12T12:11:24Z,0.35,"6 km NW of The Geysers, CA",43.5,3.8,100.0,100sps,3.507,5.942,9.337,4.71,2.66,16.528,338.0,NNW,7.49,12.93,9.37,0,0.308,1.73,0,0,0.831,0.867,1.044,6.344,10.037,1.582,14.079,16.756,1.19,0.877,0.696,1.903,2.735,1.92,0
2026-08-12T11:56:48Z,0.73,"7 km NW of The Geysers, CA",44.4,4.3,100.0,100sps,3.29,9.122,3.724,2.26,1.13,7.444,337.3,NNW,7.66,13.21,5.04,0,0.718,1.016,0,0,0.767,0.554,0.722,9.886,3.913,0.396,15.977,6.457,0.404,1.786,0.679,0.591,0.87,24.47,0
2026-08-12T11:45:03Z,0.95,"2 km SW of Tres Pinos, CA",218.3,6.0,100.0,100sps,2.756,3.498,6.263,4.63,2.27,12.762,148.3,SSE,33.79,59.62,7.25,0,0.096,2.126,0,1,0.635,1.103,1.736,3.631,6.49,1.788,7.045,10.676,1.515,1.145,0.517,1.804,3.492,15.63,1
2026-08-12T11:42:30Z,1.17,"14 km WSW of Greenfield, CA",265.9,7.6,100.0,100sps,2.807,1.931,2.442,1.18,0.87,3.31,155.4,SSE,39.48,69.89,28.89,0,0.104,1.505,0,0,0.594,0.597,1.005,1.928,2.494,1.294,4.474,6.163,1.377,0.73,0.485,0.688,1.418,28.07,1
2026-08-12T11:40:09Z,0.75,"6 km WNW of The Geysers, CA",43.3,3.0,100.0,100sps,2.052,2.825,3.579,3.12,1.74,6.397,336.5,NNW,7.46,12.88,6.5,0,0.778,0.915,0,0,0.62,0.559,0.902,2.92,3.822,1.309,5.409,5.511,1.019,0.885,0.497,0.598,1.204,22.08,0
2026-08-12T11:39:13Z,1.1,"10 km WNW of The Geysers, CA",46.4,2.7,100.0,100sps,2.34,1.844,2.214,1.1,0.95,2.563,334.1,NNW,8.01,13.82,29.34,0,1.588,0.208,0,0,0.59,0.608,1.032,1.805,2.218,1.229,3.341,3.973,1.189,0.868,0.478,0.548,1.146,28.09,0
2026-08-12T11:35:36Z,1.69,"7 km NW of The Geysers, CA",44.4,2.9,100.0,100sps,2.499,1.982,3.73,2.62,1.49,6.539,338.2,NNW,7.66,13.22,9.75,0,6.549,-0.001,0,1,0.576,0.801,1.389,1.983,3.822,1.927,3.582,7.617,2.126,0.653,0.466,1.181,2.533,10.77,0
2026-08-12T10:59:16Z,1.57,"6 km NW of The Geysers, CA",43.6,3.3,100.0,100sps,2.294,3.205,4.254,4.04,1.85,9.257,337.7,NNW,7.52,12.97,2.58,1,5.088,0.26,0,0,0.617,0.653,1.058,3.302,4.581,1.387,6.138,5.407,0.881,1.201,0.5,0.733,1.466,20.84,0
2026-08-12T10:54:17Z,0.78,"6 km NW of The Geysers, CA",43.5,3.4,100.0,100sps,2.335,3.009,3.251,1.72,1.39,4.009,338.0,NNW,7.5,12.94,22.59,0,0.828,0.685,0,0,0.606,0.623,1.028,3.147,3.347,1.064,6.991,5.934,0.849,1.211,0.486,0.886,1.824,9.05,0
2026-08-12T10:51:42Z,1.07,"7 km WSW of Calistoga, CA",13.5,4.9,100.0,100sps,3.175,2.087,3.258,2.31,1.03,7.32,344.0,NNW,2.6,4.5,3.94,0,6.736,0.036,0,0,0.57,1.017,1.784,2.1,3.179,1.514,4.623,4.797,1.038,1.72,0.461,2.46,5.34,1.15,0
2026-08-12T10:41:31Z,1.02,"7 km NW of The Geysers, CA",44.2,3.1,100.0,100sps,1.914,6.562,3.881,5.18,2.03,9.906,338.5,NNW,7.62,13.16,3.24,0,1.408,0.847,1,1,3.399,0.578,0.17,5.634,4.067,0.722,8.392,6.948,0.828,0.205,2.919,0.685,0.235,18.65,0
2026-08-12T10:38:25Z,1.65,"6 km NW of The Geysers, CA",44.1,3.0,100.0,100sps,2.597,1.849,2.031,0.88,0.78,2.279,338.3,NNW,7.6,13.12,27.8,0,6.026,-0.422,0,0,0.596,0.668,1.121,1.812,1.962,1.083,3.01,3.144,1.045,1.073,0.473,0.708,1.497,22.88,0
2026-08-12T10:38:10Z,0.82,"6 km NW of The Geysers, CA",43.3,2.6,100.0,100sps,2.605,2.083,1.968,0.87,0.76,2.279,338.0,NNW,7.45,12.87,26.53,0,0.915,0.396,0,0,0.597,0.656,1.099,2.083,1.898,0.911,3.536,3.031,0.857,1.281,0.475,0.708,1.489,22.15,0
2026-08-12T10:38:06Z,2.41,"6 km WNW of The Geysers, CA",42.9,2.4,100.0,100sps,2.607,2.192,1.896,0.87,0.73,2.279,337.1,NNW,7.4,12.77,26.08,0,35.942,-1.198,0,0,0.595,0.636,1.068,2.21,1.835,0.83,3.845,3.013,0.783,1.364,0.473,0.708,1.495,19.99,0
2026-08-12T10:36:10Z,0.25,"7 km NW of The Geysers, CA",43.7,3.7,100.0,100sps,1.942,2.185,2.794,1.82,1.44,3.526,336.8,NNW,7.53,13.0,23.67,0,0.243,1.162,0,1,0.585,0.606,1.035,2.185,2.882,1.319,3.246,5.281,1.627,0.636,0.478,0.895,1.872,3.02,0
2026-08-12T10:32:18Z,1.31,"6 km NW of The Geysers, CA",43.3,3.1,100.0,100sps,22.541,2.434,1.933,0.09,0.09,2.097,338.0,NNW,7.47,12.89,28.66,0,2.82,-0.129,0,0,1.402,0.578,0.412,2.048,1.895,0.925,3.29,3.094,0.94,0.438,1.161,0.634,0.546,21.22,0
2026-08-12T10:31:47Z,0.74,"6 km NW of The Geysers, CA",43.8,3.3,100.0,100sps,26.241,30.425,1.965,0.13,0.07,3.472,338.4,NNW,7.54,13.02,3.12,0,0.749,0.666,0,0,22.57,0.609,0.027,17.805,1.946,0.109,5.216,3.355,0.643,0.042,22.848,0.94,0.041,4.02,0
2026-08-12T10:30:10Z,3.22,"6 km NW of The Geysers, CA",43.4,2.9,100.0,100sps,4.93,13.468,48.395,16.69,9.82,82.295,338.0,NNW,7.49,12.92,10.04,1,228.841,-0.444,1,1,9.763,35.878,3.675,8.986,28.296,3.149,9.868,7.183,0.728,5.049,9.125,69.688,7.637,8.62,0
2026-08-12T10:28:21Z,3.2,"6 km NW of The Geysers, CA",43.5,2.8,100.0,100sps,3.493,3.109,41.162,18.44,11.79,64.402,338.3,NNW,7.49,12.94,12.58,1,217.853,-0.529,1,1,0.625,25.545,40.896,3.176,30.776,9.69,9.051,9.697,1.071,38.171,0.523,41.836,79.971,11.2,0
2026-08-12T09:47:33Z,1.24,"6 km NNW of Pinnacles, CA",244.4,3.4,100.0,100sps,2.287,2.078,3.131,2.36,1.37,5.388,148.1,SSE,37.34,65.96,12.13,0,0.147,1.565,0,1,0.575,0.571,0.993,2.061,3.25,1.576,5.36,7.316,1.365,0.727,0.466,0.608,1.304,33.63,1
2026-08-12T09:17:53Z,0.85,"6 km NW of Pinnacles, CA",244.6,3.3,100.0,100sps,2.497,1.893,2.02,0.95,0.81,2.374,148.5,SSE,37.37,66.02,38.48,0,0.06,1.6,0,0,0.597,0.591,0.989,1.84,1.998,1.086,4.831,5.003,1.036,0.955,0.482,0.614,1.276,32.86,1
2026-08-12T09:06:38Z,1.69,"5 km W of Glen Ellen, CA",10.2,0.9,100.0,100sps,1.955,2.204,26.617,27.97,13.62,54.66,161.2,SSE,1.96,3.39,6.52,1,39.097,0.146,1,1,0.621,11.979,19.291,2.265,23.732,10.479,3.378,10.24,3.031,6.365,0.497,26.247,52.8,5.56,0
2026-08-12T08:59:17Z,0.69,"5 km WNW of Cobb, CA",45.4,0.9,100.0,100sps,1.952,2.498,2.255,1.29,1.16,2.512,342.2,NNW,7.82,13.5,28.73,0,0.636,0.596,0,0,0.597,0.595,0.996,2.519,2.292,0.91,5.212,4.72,0.906,1.1,0.487,0.622,1.277,22.32,0
2026-08-12T08:54:23Z,0.71,"7 km SE of Cloverdale, CA",46.0,3.9,100.0,100sps,2.151,2.054,1.878,0.96,0.87,2.057,320.6,NW,7.93,13.68,29.15,0,0.655,0.497,0,0,0.589,0.559,0.949,2.025,1.832,0.905,4.571,4.641,1.015,0.934,0.473,0.641,1.355,15.86,0
2026-08-12T08:44:24Z,2.54,"48 km W of Petrolia, CA",286.1,15.0,100.0,100sps,2.677,4.019,3.737,3.22,1.4,8.631,318.5,NW,41.05,72.84,5.57,0,2.05,0.624,0,1,0.633,0.548,0.867,4.145,3.898,0.94,8.696,7.119,0.819,1.059,0.515,0.655,1.273,23.78,1
2026-08-12T08:33:27Z,0.7,"8 km W of Cobb, CA",45.4,1.9,100.0,100sps,9.07,3.901,2.711,0.42,0.3,3.768,338.8,NNW,7.83,13.51,18.99,0,0.651,0.763,0,0,0.686,0.572,0.834,4.05,2.825,0.697,11.158,3.486,0.312,2.669,0.575,0.621,1.081,21.88,0
2026-08-12T08:24:53Z,0.46,"3 km SE of Pacifica, CA",96.4,7.0,100.0,100sps,7.413,3.312,3.077,0.91,0.42,6.737,171.7,S,16.61,28.68,3.7,0,0.13,1.714,0,0,0.627,0.702,1.119,3.429,3.141,0.916,7.69,5.34,0.694,1.612,0.518,1.277,2.464,3.78,0
2026-08-12T08:15:47Z,0.75,"7 km NW of The Geysers, CA",43.9,3.0,100.0,100sps,2.298,2.679,2.523,1.71,1.1,3.926,336.9,NNW,7.57,13.06,13.73,0,0.764,0.711,0,0,0.603,0.56,0.928,2.716,2.545,0.937,6.401,5.245,0.819,1.132,0.475,0.685,1.441,15.22,0
2026-08-12T08:12:03Z,0.82,"15 km NW of Pinnacles, CA",236.5,7.9,100.0,100sps,2.372,2.26,2.115,1.0,0.89,2.38,149.0,SSE,35.8,63.27,39.44,0,0.06,1.599,0,0,0.598,0.597,0.999,2.225,2.069,0.93,4.891,4.779,0.977,1.022,0.482,0.704,1.462,25.02,1
2026-08-12T07:46:44Z,0.64,"10 km WNW of The Geysers, CA",46.3,2.4,100.0,100sps,2.925,2.782,2.205,0.96,0.75,2.812,334.1,NNW,7.99,13.79,25.56,0,0.553,0.706,0,0,0.61,0.636,1.043,2.788,2.144,0.769,6.283,5.626,0.895,1.164,0.5,1.005,2.008,3.86,0
2026-08-12T07:45:09Z,0.96,"10 km WNW of The Geysers, CA",46.3,2.3,100.0,100sps,4.311,3.075,2.539,0.71,0.59,3.078,334.0,NNW,7.97,13.76,28.21,0,1.157,0.425,0,0,0.627,0.563,0.898,3.109,2.542,0.818,6.315,6.207,0.983,0.914,0.512,0.601,1.174,25.85,0
2026-08-12T07:43:49Z,1.1,"7 km NW of The Geysers, CA",44.7,3.1,100.0,100sps,3.431,4.328,3.389,1.33,0.99,4.549,338.6,NNW,7.7,13.3,19.33,0,1.67,0.435,0,0,1.852,0.63,0.34,3.959,3.447,0.871,8.425,7.084,0.841,0.405,1.583,0.723,0.456,21.88,0
2026-08-12T07:38:38Z,0.88,"25 km SE of Lopez Point, CA",311.1,4.1,100.0,100sps,2.675,2.231,2.138,0.89,0.8,2.391,159.4,SSE,45.5,80.65,39.67,0,0.037,1.815,0,0,0.607,0.572,0.943,2.204,2.09,0.948,4.447,4.125,0.928,1.016,0.496,0.56,1.128,35.58,1
2026-08-12T07:15:15Z,1.01,"6 km NW of Pinnacles, CA",244.2,3.0,100.0,100sps,9.182,8.122,11.182,2.52,1.22,23.171,148.4,SSE,37.36,65.99,5.33,0,0.087,2.428,0,1,1.789,3.142,1.756,8.11,10.869,1.34,9.551,12.584,1.318,1.333,1.795,11.438,6.372,1.85,1
2026-08-12T07:03:29Z,0.69,"7 km NW of The Geysers, CA",44.6,2.9,100.0,100sps,2.694,3.226,2.576,1.28,0.96,3.461,338.1,NNW,7.68,13.26,23.06,0,0.652,0.725,0,0,0.805,0.703,0.874,3.251,2.569,0.79,12.911,7.629,0.591,1.48,0.685,0.934,1.363,11.41,0
2026-08-12T07:02:54Z,0.26,"7 km NW of The Geysers, CA",43.9,3.2,100.0,100sps,2.909,3.034,4.303,2.35,1.48,6.849,336.9,NNW,7.57,13.06,11.56,0,0.247,1.443,0,0,0.862,0.64,0.743,2.998,4.443,1.482,16.332,13.508,0.827,0.898,0.747,0.707,0.947,21.88,0
2026-08-12T06:50:52Z,1.11,"6 km ENE of Seven Trees, CA",147.7,7.7,100.0,100sps,7.927,4.26,2.786,0.49,0.35,3.857,149.4,SSE,24.84,43.5,27.03,0,0.29,1.124,0,0,0.684,0.672,0.982,4.41,2.843,0.645,7.71,5.963,0.773,1.269,0.591,0.844,1.427,22.05,0
2026-08-12T06:49:59Z,1.06,"5 km W of Cobb, CA",43.7,1.4,100.0,100sps,6.219,3.245,4.557,2.07,0.73,12.899,340.9,NNW,7.53,12.99,1.09,0,1.57,0.915,0,1,0.681,0.73,1.071,3.299,4.661,1.413,6.631,7.481,1.128,0.95,0.58,2.064,3.56,1.45,0
2026-08-12T06:23:31Z,1.76,"6 km NW of Pinnacles, CA",244.1,3.8,100.0,100sps,5.065,5.264,2.577,0.83,0.51,4.208,148.4,SSE,37.25,65.8,12.09,0,0.487,0.936,0,0,1.984,0.744,0.375,5.037,2.565,0.509,10.175,5.664,0.557,0.674,1.702,1.754,1.031,2.48,1
2026-08-12T05:35:10Z,1.97,"30 km SSE of Mina, Nevada",407.1,10.0,100.0,100sps,3.648,3.518,2.866,1.14,0.79,4.174,93.6,E,56.65,100.81,20.03,0,0.22,1.278,0,0,0.65,0.693,1.067,3.597,2.918,0.811,7.816,7.324,0.937,1.138,0.549,1.031,1.878,12.21,1
2026-08-12T05:21:19Z,0.76,"5 km NW of The Geysers, CA",42.8,3.0,100.0,100sps,4.967,3.938,5.221,1.78,1.05,8.849,339.4,NNW,7.37,12.73,8.79,0,0.808,1.039,0,1,0.654,0.676,1.033,4.127,5.423,1.314,9.906,14.148,1.428,0.723,0.539,0.766,1.421,20.86,0
2026-08-12T04:33:34Z,1.24,"6 km NW of Pinnacles, CA",244.4,2.9,100.0,100sps,6.411,9.878,4.591,1.35,0.72,8.661,148.5,SSE,37.41,66.07,7.89,0,0.147,1.771,0,0,4.278,0.756,0.177,9.22,4.764,0.517,15.29,10.625,0.695,0.254,3.681,1.366,0.371,3.61,1
2026-08-12T04:11:02Z,0.75,"7 km WNW of Cobb, CA",45.3,1.8,100.0,100sps,11.193,3.16,4.565,0.73,0.41,8.148,340.2,NNW,7.82,13.49,8.38,0,0.733,1.046,0,0,0.63,0.602,0.956,3.222,4.858,1.508,9.063,11.178,1.233,0.775,0.512,0.741,1.446,14.9,0
2026-08-12T04:10:31Z,2.62,"30 km SSE of Mina, Nevada",407.4,11.0,100.0,100sps,13.418,3.478,4.321,0.61,0.32,8.148,93.5,E,56.57,100.68,7.2,0,0.982,0.919,0,0,0.758,0.7,0.924,3.516,4.5,1.28,15.689,9.77,0.623,1.484,0.628,0.912,1.454,13.73,1
2026-08-12T04:05:56Z,2.34,"24 km NW of Parkfield, CA",321.2,9.0,100.0,100sps,15.301,14.448,13.494,1.33,0.88,20.276,145.7,SE,46.15,81.91,21.3,0,0.976,1.317,0,0,0.988,0.896,0.907,14.982,13.944,0.931,17.859,17.127,0.959,0.946,0.877,2.104,2.4,2.0,1
2026-08-12T03:33:50Z,0.24,"7 km NW of The Geysers, CA",44.7,2.6,100.0,100sps,7.937,10.59,10.586,2.64,1.33,20.945,338.9,NNW,7.7,13.29,4.6,0,0.231,1.958,0,0,2.243,1.0,0.446,10.685,11.008,1.03,16.152,18.377,1.138,0.392,2.016,2.041,1.012,4.76,0
2026-08-12T03:21:48Z,1.85,"0 km SSW of Pleasant Hill, CA",75.5,10.7,100.0,100sps,4.421,9.416,7.427,2.95,1.68,13.041,138.9,SE,13.0,22.44,8.42,0,4.593,0.453,0,0,0.966,0.779,0.807,9.774,7.616,0.779,13.222,9.612,0.727,1.109,0.89,1.131,1.271,10.08,0
2026-08-12T03:09:46Z,1.44,"3 km ESE of Cloverdale, CA",50.1,4.8,100.0,100sps,14.907,15.165,14.874,1.18,1.0,17.559,321.1,NW,8.63,14.9,25.88,0,3.144,0.747,0,1,1.049,1.259,1.201,15.768,15.362,0.974,20.465,40.199,1.964,0.611,0.929,2.065,2.222,5.51,0
2026-08-12T02:36:01Z,0.68,"3 km NNW of Pinnacles, CA",247.2,2.0,100.0,100sps,12.863,10.124,4.796,0.55,0.37,7.035,148.0,SSE,37.86,66.86,19.85,0,0.039,2.252,0,0,1.447,0.818,0.565,10.681,4.942,0.463,18.371,10.138,0.552,1.024,1.295,1.295,1.0,8.31,1
2026-08-12T02:19:45Z,1.86,"5 km NW of Pinnacles, CA",245.5,1.8,100.0,100sps,18.64,14.753,7.331,0.58,0.39,10.822,148.7,SSE,37.67,66.51,21.95,0,0.606,1.252,0,0,0.894,0.82,0.917,15.265,7.609,0.498,18.941,21.026,1.11,0.826,0.785,1.263,1.608,6.38,1
2026-08-12T02:17:11Z,1.45,"6 km NNW of Pinnacles, CA",244.8,4.1,100.0,100sps,11.368,18.881,15.197,1.92,1.34,21.807,148.2,SSE,37.3,65.9,24.42,0,0.237,1.964,0,0,2.287,1.013,0.443,19.664,15.741,0.8,22.88,18.972,0.829,0.534,2.214,1.828,0.826,7.0,1
2026-08-12T01:41:09Z,0.84,"2 km W of Pinnacles, CA",249.0,5.4,100.0,100sps,15.148,16.256,16.952,1.46,1.12,22.044,148.6,SSE,37.66,66.57,31.64,0,0.056,2.595,0,0,1.103,1.325,1.202,16.912,17.626,1.042,33.089,34.879,1.054,1.14,0.971,3.102,3.195,2.83,1
2026-08-11T23:24:37Z,0.32,"3 km NNW of The Geysers, CA",40.6,-0.3,100.0,100sps,16.584,17.718,14.834,1.61,0.89,26.66,341.7,NNW,7.0,12.08,6.33,0,0.314,1.929,0,0,3.988,1.313,0.329,17.878,15.914,0.89,26.406,26.498,1.003,0.328,3.428,1.825,0.533,12.23,0
2026-08-11T23:04:19Z,1.35,"5 km NNW of Pinnacles, CA",245.0,3.4,100.0,100sps,16.327,14.279,9.809,0.85,0.6,13.947,148.0,SSE,37.42,66.1,24.16,0,0.188,1.87,0,0,3.818,1.324,0.347,14.415,10.238,0.71,27.198,19.674,0.723,0.48,3.283,3.144,0.958,2.52,1
2026-08-11T23:03:20Z,1.23,"6 km NNW of Pinnacles, CA",244.4,3.3,100.0,100sps,14.281,16.195,9.938,0.98,0.7,13.972,148.0,SSE,37.35,65.97,25.08,0,0.143,1.989,0,0,1.475,1.188,0.805,17.262,10.472,0.607,21.193,17.514,0.826,0.974,1.307,1.638,1.253,16.0,1
2026-08-11T22:53:38Z,0.28,"7 km WNW of The Geysers, CA",43.6,3.8,100.0,100sps,17.964,14.976,18.1,1.57,1.01,28.161,336.2,NNW,7.51,12.97,11.76,0,0.261,2.033,0,0,1.669,1.751,1.049,15.833,18.764,1.185,28.82,26.241,0.911,1.152,1.513,3.19,2.107,4.9,0
2026-08-11T22:49:19Z,0.94,"6 km NW of The Geysers, CA",44.0,3.2,100.0,100sps,16.562,21.415,15.686,1.47,0.95,24.268,338.5,NNW,7.57,13.06,14.8,0,1.18,1.313,0,0,2.219,1.493,0.673,22.831,16.787,0.735,30.55,21.418,0.701,0.96,2.083,2.518,1.209,6.06,0
2026-08-11T22:34:08Z,0.52,"6 km W of Cobb, CA",44.6,0.8,100.0,100sps,15.822,14.991,23.684,2.19,1.5,34.618,340.6,NNW,7.68,13.27,10.91,0,0.441,1.895,0,0,1.468,6.012,4.095,15.511,24.173,1.558,23.941,33.924,1.417,2.89,1.315,19.353,14.712,1.04,0
2026-08-11T22:23:56Z,0.97,"5 km NW of The Geysers, CA",43.2,2.3,100.0,100sps,17.586,16.439,13.145,0.94,0.75,16.467,339.5,NNW,7.44,12.84,21.19,0,1.296,1.104,0,0,1.712,1.446,0.845,17.112,13.867,0.81,23.039,18.763,0.814,1.037,1.532,1.779,1.162,17.75,0
2026-08-11T22:23:14Z,0.31,"6 km WNW of The Geysers, CA",43.1,3.7,100.0,100sps,22.317,22.611,12.89,0.81,0.58,18.041,336.8,NNW,7.42,12.81,16.35,0,0.284,1.802,0,0,1.831,1.429,0.78,24.155,13.494,0.559,29.564,22.523,0.762,1.024,1.677,3.317,1.978,2.08,0
2026-08-11T22:13:55Z,0.83,"3 km WNW of Pinnacles, CA",248.2,4.1,100.0,100sps,12.827,10.788,12.383,1.42,0.97,18.263,148.6,SSE,37.72,66.66,17.08,0,0.055,2.52,0,0,1.36,1.321,0.971,11.292,13.081,1.158,20.159,23.669,1.174,0.827,1.237,2.186,1.767,7.61,1
2026-08-11T22:10:22Z,1.87,"5 km NW of Pinnacles, CA",245.1,4.5,100.0,100sps,16.954,15.277,12.119,1.03,0.71,17.497,148.2,SSE,37.3,65.9,21.43,0,0.622,1.449,0,0,1.469,1.59,1.082,16.278,12.651,0.777,28.385,26.572,0.936,1.156,1.301,2.497,1.919,6.72,1
2026-08-11T22:06:56Z,0.72,"7 km NW of The Geysers, CA",44.5,2.6,100.0,100sps,22.041,18.743,13.361,0.93,0.61,20.425,338.7,NNW,7.67,13.24,13.16,0,0.7,1.465,0,0,2.246,1.258,0.56,19.488,14.072,0.722,29.789,24.741,0.831,0.675,1.953,1.854,0.949,12.43,0
2026-08-11T21:58:31Z,0.74,"7 km NW of The Geysers, CA",44.3,3.2,100.0,100sps,11.437,25.852,16.743,1.87,1.46,21.387,338.0,NNW,7.63,13.17,26.79,0,0.739,1.462,0,0,3.77,1.603,0.425,27.036,17.37,0.642,27.746,27.313,0.984,0.432,3.643,2.251,0.618,12.32,0
2026-08-11T21:54:28Z,1.06,"7 km NW of The Geysers, CA",44.3,2.8,100.0,100sps,12.983,10.303,18.77,2.26,1.45,29.334,338.1,NNW,7.63,13.17,11.28,0,1.543,1.279,0,0,1.369,1.574,1.15,10.762,19.791,1.839,26.034,33.757,1.297,0.887,1.242,2.692,2.168,5.08,0
2026-08-11T21:48:41Z,1.05,"7 km NW of The Geysers, CA",44.7,2.7,100.0,100sps,15.131,11.319,9.722,0.87,0.64,13.19,339.1,NNW,7.7,13.29,21.47,0,1.488,0.948,0,0,1.324,1.244,0.939,11.925,10.239,0.859,20.844,23.844,1.144,0.821,1.168,1.75,1.498,13.7,0
2026-08-11T21:47:15Z,1.03,"3 km NNW of The Geysers, CA",41.3,3.9,100.0,100sps,16.313,15.633,13.298,1.01,0.82,16.438,342.4,NNW,7.12,12.28,22.73,0,1.575,1.018,0,0,1.315,1.591,1.21,16.392,13.988,0.853,23.992,23.039,0.96,1.26,1.21,2.232,1.844,10.6,0
2026-08-11T21:37:09Z,0.75,"7 km NW of The Geysers, CA",44.5,3.2,100.0,100sps,19.015,12.631,9.992,0.73,0.53,13.848,338.7,NNW,7.68,13.25,21.58,0,0.75,1.267,0,0,2.796,1.436,0.514,12.951,10.473,0.809,26.23,19.376,0.739,0.695,2.572,3.176,1.235,2.26,0
2026-08-11T21:36:32Z,1.79,"7 km NW of The Geysers, CA",44.8,2.6,100.0,100sps,13.156,21.219,14.858,1.87,1.13,24.601,338.9,NNW,7.73,13.34,10.16,0,8.168,0.479,0,0,10.858,1.867,0.172,18.145,15.51,0.855,26.293,25.28,0.961,0.179,10.896,3.877,0.356,3.35,0
2026-08-11T21:35:48Z,0.74,"7 km NW of The Geysers, CA",44.6,4.6,100.0,100sps,11.594,20.057,12.828,1.81,1.11,21.018,339.1,NNW,7.68,13.26,9.6,0,0.732,1.458,0,0,8.767,1.937,0.221,18.147,13.296,0.733,24.338,28.23,1.16,0.19,8.727,2.566,0.294,9.62,0
2026-08-11T21:35:14Z,2.76,"7 km NW of The Geysers, CA",44.7,2.5,100.0,100sps,12.86,13.307,29.715,3.69,2.31,47.42,339.2,NNW,7.7,13.29,11.61,1,76.433,-0.207,0,0,1.361,16.974,12.474,14.057,23.792,1.693,24.953,24.639,0.987,12.633,1.231,31.127,25.278,9.35,0
2026-08-11T21:34:57Z,2.99,"7 km NW of The Geysers, CA",44.7,2.8,100.0,100sps,12.832,18.129,25.457,3.7,1.98,47.418,339.1,NNW,7.71,13.31,7.57,1,129.555,-0.437,0,0,1.551,12.27,7.912,19.087,21.631,1.133,32.796,27.902,0.851,9.3,1.389,31.045,22.351,4.82,0
2026-08-11T21:28:19Z,1.06,"7 km WNW of The Geysers, CA",43.5,2.9,100.0,100sps,12.151,11.973,8.403,0.99,0.69,11.988,336.6,NNW,7.5,12.95,14.87,0,1.58,0.88,0,0,1.498,1.193,0.797,12.483,8.722,0.699,22.125,20.981,0.948,0.84,1.331,1.513,1.137,15.57,0
2026-08-11T21:10:08Z,0.9,"2 km NE of The Geysers, CA",39.0,0.0,100.0,100sps,13.037,11.22,18.778,2.82,1.44,36.758,343.9,NNW,6.72,11.61,6.57,0,1.257,1.466,0,1,1.31,1.299,0.992,11.783,19.709,1.673,21.841,25.1,1.149,0.863,1.157,2.193,1.896,5.48,0
2026-08-11T21:05:03Z,0.42,"4 km NNW of The Geysers, CA",42.1,0.2,100.0,100sps,13.34,12.19,13.411,2.17,1.01,28.969,341.1,NNW,7.25,12.52,1.01,0,0.378,1.885,0,1,1.697,5.923,3.49,12.673,12.4,0.978,26.85,17.319,0.645,5.41,1.487,18.136,12.197,1.04,0
2026-08-11T21:04:36Z,1.72,"9 km N of Redwood Valley, CA",112.3,8.2,100.0,100sps,12.646,12.576,12.448,2.29,0.98,28.967,333.5,NNW,19.34,33.39,1.01,0,1.867,1.191,0,1,1.765,5.229,2.963,13.097,11.655,0.89,27.604,20.76,0.752,3.939,1.562,18.135,11.608,1.04,0
2026-08-11T21:03:07Z,1.08,"6 km NW of The Geysers, CA",43.9,2.9,100.0,100sps,9.619,11.179,14.273,1.93,1.48,18.563,338.5,NNW,7.57,13.07,22.58,0,1.631,1.056,0,0,1.262,1.345,1.066,11.617,14.927,1.285,27.827,29.458,1.059,1.007,1.093,2.12,1.94,7.72,0
2026-08-11T20:36:03Z,0.75,"6 km NW of The Geysers, CA",44.0,3.6,100.0,100sps,8.853,12.19,12.644,2.01,1.43,17.783,338.6,NNW,7.58,13.08,17.76,0,0.762,1.368,0,0,1.788,1.743,0.975,12.615,13.269,1.052,38.549,27.122,0.704,1.385,1.58,3.672,2.324,3.45,0
2026-08-11T20:29:46Z,0.99,"6 km WNW of The Geysers, CA",43.3,3.1,100.0,100sps,14.36,12.671,13.578,1.63,0.95,23.407,336.4,NNW,7.47,12.89,11.96,0,1.351,1.239,0,0,1.644,1.607,0.978,13.272,14.23,1.072,22.225,26.818,1.207,0.81,1.41,3.004,2.131,3.62,0
2026-08-11T20:22:41Z,2.05,"6 km NW of Pinnacles, CA",244.6,3.2,100.0,100sps,9.955,12.478,14.356,3.03,1.44,30.135,148.2,SSE,37.39,66.04,3.77,0,0.945,1.504,0,0,1.188,1.447,1.218,13.139,15.231,1.159,22.223,23.659,1.065,1.144,1.041,3.737,3.591,1.16,1
2026-08-11T19:50:15Z,1.38,"7 km ESE of Cloverdale, CA",46.2,5.8,100.0,100sps,11.066,8.963,9.891,1.09,0.89,12.081,321.3,NW,7.95,13.73,25.52,0,3.051,0.598,0,0,1.344,1.355,1.009,9.318,10.48,1.125,19.529,20.454,1.047,0.963,1.219,2.129,1.746,7.54,0
2026-08-11T19:20:13Z,1.23,"5 km NW of Pinnacles, CA",245.8,4.0,100.0,100sps,9.028,9.787,15.334,2.5,1.7,22.556,148.2,SSE,37.44,66.16,19.88,0,0.142,2.202,0,0,1.344,1.83,1.361,10.132,16.087,1.588,21.276,25.396,1.194,1.14,1.202,3.135,2.607,9.14,1
2026-08-11T19:13:24Z,1.03,"8 km W of Cobb, CA",45.4,1.9,100.0,100sps,12.228,13.173,7.062,0.66,0.58,8.098,338.8,NNW,7.83,13.51,28.15,0,1.391,0.765,0,0,1.412,1.369,0.969,13.98,7.275,0.52,26.46,17.191,0.65,1.492,1.334,2.058,1.543,10.09,0
2026-08-11T17:36:21Z,0.77,"6 km NW of The Geysers, CA",43.8,2.7,100.0,100sps,14.442,15.128,17.389,1.81,1.2,26.19,338.9,NNW,7.56,13.04,14.3,0,0.802,1.514,0,0,4.35,1.308,0.301,15.383,18.651,1.212,21.624,28.817,1.333,0.226,3.711,1.872,0.504,13.34,0
2026-08-11T17:29:14Z,0.98,"6 km NNW of Pinnacles, CA",244.9,3.7,100.0,100sps,17.969,13.463,19.642,2.36,1.09,42.398,148.0,SSE,37.36,66.0,5.87,0,0.08,2.723,0,0,1.637,1.554,0.949,14.269,21.165,1.483,32.121,24.13,0.751,1.264,1.477,3.396,2.299,2.69,1
2026-08-11T17:24:49Z,0.71,"6 km NW of The Geysers, CA",43.9,3.4,100.0,100sps,15.825,18.761,20.621,1.99,1.3,31.565,338.5,NNW,7.56,13.06,11.03,0,0.697,1.656,0,0,1.926,2.243,1.164,20.318,21.942,1.08,35.862,35.759,0.997,1.168,1.743,4.264,2.446,2.56,0
2026-08-11T17:20:52Z,2.38,"6 km NW of The Geysers, CA",44.1,2.9,100.0,100sps,15.036,17.55,19.569,1.69,1.3,25.456,338.6,NNW,7.6,13.12,18.36,0,32.392,-0.105,0,0,1.661,5.067,3.05,18.508,19.723,1.066,28.825,30.263,1.05,2.905,1.543,12.276,7.955,3.33,0
2026-08-11T17:19:27Z,1.24,"8 km ESE of Cloverdale, CA",45.6,5.6,100.0,100sps,15.55,20.554,20.774,2.27,1.34,35.361,323.1,NW,7.86,13.57,8.97,0,2.244,1.198,0,0,2.921,2.011,0.689,21.357,21.753,1.019,34.982,31.265,0.894,0.77,2.83,4.068,1.438,4.32,0
2026-08-11T16:56:11Z,0.93,"8 km NW of The Geysers, CA",45.6,2.0,100.0,100sps,12.024,9.603,11.98,1.44,1.0,17.266,338.4,NNW,7.85,13.55,15.96,0,1.101,1.195,0,0,1.16,1.779,1.533,10.144,12.396,1.222,19.302,28.658,1.485,1.033,1.017,3.669,3.608,3.15,0
2026-08-11T16:49:41Z,0.79,"5 km NNW of Pinnacles, CA",245.5,5.0,100.0,100sps,13.744,11.59,9.441,1.07,0.69,14.733,148.2,SSE,37.28,65.87,17.71,0,0.052,2.456,0,0,1.424,1.585,1.113,12.088,9.909,0.82,29.26,22.815,0.78,1.427,1.209,2.729,2.258,8.19,1
2026-08-11T16:36:36Z,1.83,"6 km NW of Pinnacles, CA",244.7,3.5,100.0,100sps,13.556,11.536,8.056,0.9,0.59,12.233,148.2,SSE,37.36,65.99,19.98,0,0.569,1.332,0,0,1.522,1.072,0.704,11.962,8.629,0.721,26.849,15.322,0.571,1.234,1.326,1.519,1.146,11.75,1
2026-08-11T16:21:54Z,0.38,"7 km NW of The Geysers, CA",44.5,2.8,100.0,100sps,11.709,20.387,9.22,1.15,0.79,13.42,338.5,NNW,7.69,13.27,14.64,0,0.32,1.623,0,0,1.409,1.96,1.391,22.159,9.46,0.427,34.465,20.831,0.604,2.301,1.244,3.64,2.926,3.66,0
2026-08-11T15:47:57Z,1.07,"8 km NW of The Geysers, CA",45.4,2.0,100.0,100sps,12.692,11.259,11.896,1.18,0.94,14.952,338.7,NNW,7.81,13.48,24.15,0,1.528,0.991,0,1,2.292,1.461,0.637,11.679,12.586,1.078,20.001,25.114,1.256,0.508,2.194,2.637,1.202,6.8,0
2026-08-11T15:44:01Z,1.06,"8 km NW of The Geysers, CA",45.4,1.8,100.0,100sps,11.947,11.596,13.058,1.57,1.09,18.772,338.7,NNW,7.82,13.49,17.3,0,1.494,1.099,0,0,1.41,1.951,1.384,12.258,13.775,1.124,36.65,25.26,0.689,2.008,1.217,3.351,2.754,9.9,0
2026-08-11T15:23:53Z,1.72,"6 km NW of Pinnacles, CA",244.0,2.8,100.0,100sps,10.579,12.141,7.408,1.08,0.7,11.397,148.2,SSE,37.37,65.99,16.01,0,0.445,1.409,0,1,1.017,1.373,1.35,12.8,7.716,0.603,18.605,15.568,0.837,1.613,0.865,3.658,4.229,1.12,1
2026-08-11T15:13:31Z,0.29,"2 km N of The Geysers, CA",39.7,1.4,100.0,100sps,13.801,22.884,8.559,0.75,0.62,10.32,342.7,NNW,6.85,11.82,24.42,0,0.301,1.535,0,0,2.447,1.088,0.444,24.853,9.062,0.365,28.905,21.414,0.741,0.6,2.134,2.094,0.981,2.49,0
2026-08-11T14:53:40Z,0.7,"4 km W of Cobb, CA",43.7,2.0,100.0,100sps,12.511,8.986,8.44,0.92,0.67,11.449,343.2,NNW,7.52,12.98,19.75,0,0.685,1.223,0,1,1.349,1.686,1.25,9.442,8.769,0.929,16.371,16.22,0.991,1.262,1.14,4.635,4.066,1.1,0
2026-08-11T14:51:19Z,0.71,"4 km W of Cobb, CA",43.4,1.8,100.0,100sps,9.986,15.015,11.172,1.55,1.12,15.475,343.2,NNW,7.48,12.92,18.93,0,0.707,1.34,0,0,1.904,1.086,0.57,15.911,11.835,0.744,29.151,27.853,0.955,0.597,1.784,2.101,1.177,1.41,0
2026-08-11T14:30:05Z,1.49,"5 km NNW of Pinnacles, CA",245.0,4.6,100.0,100sps,9.047,10.499,11.287,1.88,1.25,17.017,148.1,SSE,37.27,65.85,19.21,0,0.259,1.817,0,0,2.149,1.46,0.679,10.919,11.99,1.098,19.263,18.846,0.978,0.694,1.832,3.815,2.082,2.17,1
2026-08-11T13:57:07Z,1.08,"5 km NNW of Pinnacles, CA",245.0,4.7,100.0,100sps,8.741,9.039,12.278,2.33,1.4,20.342,148.2,SSE,37.26,65.83,15.41,0,0.101,2.304,0,0,1.2,1.275,1.063,9.52,12.957,1.361,17.08,16.8,0.984,1.081,1.029,1.686,1.639,19.86,1
2026-08-11T12:53:39Z,1.85,"8 km N of Covelo, CA",166.4,7.6,100.0,100sps,8.073,7.007,13.105,3.83,1.62,30.892,341.6,NNW,27.17,47.75,6.25,0,1.285,1.381,0,0,1.286,1.08,0.84,7.358,14.23,1.934,13.66,13.794,1.01,0.831,1.133,1.669,1.474,8.68,1
2026-08-11T12:39:41Z,0.71,"6 km W of Cobb, CA",44.2,2.7,100.0,100sps,11.016,5.01,11.265,2.4,1.02,26.391,340.2,NNW,7.61,13.14,1.01,0,0.69,1.582,0,1,1.083,6.117,5.648,5.192,9.555,1.841,15.966,18.657,1.169,4.833,0.916,20.637,22.534,1.05,0
2026-08-11T12:38:10Z,0.76,"5 km NW of The Geysers, CA",42.8,3.6,100.0,100sps,11.413,6.001,5.804,0.66,0.51,7.57,339.2,NNW,7.38,12.74,22.16,0,0.807,0.972,0,0,1.235,1.15,0.931,6.138,6.027,0.982,17.921,16.749,0.935,0.996,1.106,1.618,1.463,7.79,0
2026-08-11T12:09:29Z,2.66,"5 km NW of Pinnacles, CA",245.4,0.5,100.0,100sps,4.636,8.919,3.849,1.39,0.83,6.463,148.2,SSE,37.81,66.76,9.65,0,3.824,0.228,0,1,3.813,0.945,0.248,8.23,3.926,0.477,9.588,7.916,0.826,0.3,3.289,1.361,0.414,13.56,1
2026-08-11T12:03:53Z,0.7,"6 km W of Cobb, CA",44.0,2.0,100.0,100sps,5.098,15.712,5.281,1.76,1.04,8.976,340.3,NNW,7.58,13.09,10.11,0,0.679,1.121,0,0,3.947,0.989,0.251,16.139,5.444,0.337,19.434,8.201,0.422,0.594,3.446,1.482,0.43,6.89,0
2026-08-11T12:00:00Z,1.66,"6 km NW of Pinnacles, CA",244.2,2.5,100.0,100sps,2.755,5.026,4.274,2.76,1.55,7.592,148.5,SSE,37.41,66.07,9.22,0,0.387,1.293,0,0,1.089,1.158,1.064,5.306,4.398,0.829,14.899,10.898,0.731,1.455,0.912,2.63,2.885,2.04,1
2026-08-11T11:50:38Z,1.23,"6 km NNW of Pinnacles, CA",244.7,3.1,100.0,100sps,6.208,6.126,14.585,6.34,2.35,39.373,148.2,SSE,37.39,66.05,1.0,0,0.143,2.44,0,1,1.031,7.701,7.47,6.395,12.365,1.933,15.917,25.417,1.597,4.678,0.885,28.935,32.678,1.04,1
2026-08-11T11:47:33Z,1.15,"6 km NNW of Pinnacles, CA",244.6,4.0,100.0,100sps,7.36,3.331,6.017,1.55,0.82,11.403,148.0,SSE,37.29,65.88,9.1,0,0.119,1.981,0,0,1.196,1.365,1.141,3.235,6.155,1.903,13.228,15.51,1.173,0.973,1.029,2.627,2.553,5.22,1
2026-08-11T11:41:06Z,1.9,"7 km SE of Pinnacles, CA",257.4,5.1,100.0,100sps,3.323,5.188,11.09,7.74,3.34,25.733,148.0,SSE,38.74,68.5,7.19,0,0.598,1.634,1,1,1.04,1.443,1.387,5.405,11.682,2.161,14.573,21.509,1.476,0.94,0.89,2.257,2.536,11.9,1
2026-08-11T11:35:01Z,1.5,"9 km WSW of Shafter, CA",441.1,26.2,100.0,100sps,3.155,2.541,2.54,1.12,0.81,3.519,137.9,SE,59.02,105.36,23.92,0,0.059,1.777,0,0,1.028,0.965,0.939,2.402,2.431,1.012,12.72,13.12,1.031,0.911,0.879,1.431,1.629,8.43,1
2026-08-11T11:31:09Z,1.16,"7 km NNW of Pinnacles, CA",243.5,4.7,100.0,100sps,7.004,16.37,3.666,1.26,0.52,8.858,147.9,SSE,37.07,65.49,2.52,0,0.123,1.857,0,0,1.185,0.919,0.775,17.991,3.8,0.211,22.779,13.649,0.599,1.294,1.024,1.458,1.423,6.96,1
2026-08-11T11:29:57Z,1.42,"8 km NNW of Pinnacles, CA",242.6,2.8,100.0,100sps,4.684,4.733,4.076,1.49,0.87,6.991,147.8,SSE,37.19,65.67,12.04,0,0.226,1.491,0,0,0.995,0.922,0.927,4.87,4.286,0.88,13.97,13.727,0.983,0.943,0.831,1.11,1.336,22.61,1
2026-08-11T10:57:38Z,1.81,"6 km NNW of Pinnacles, CA",244.2,3.7,100.0,100sps,2.643,2.359,2.292,1.06,0.87,2.811,147.8,SSE,37.27,65.84,34.73,0,0.546,0.712,0,0,0.997,0.904,0.907,2.184,2.174,0.995,11.217,11.198,0.998,0.908,0.841,1.371,1.63,7.98,1
2026-08-11T10:55:56Z,0.97,"7 km NNW of Pinnacles, CA",244.0,3.3,100.0,100sps,2.687,2.573,2.165,0.87,0.81,2.348,147.8,SSE,37.3,65.88,39.36,0,0.079,1.473,0,0,1.046,0.884,0.845,2.416,2.023,0.837,11.406,11.22,0.984,0.859,0.895,1.002,1.119,28.45,1
2026-08-11T10:46:59Z,0.81,"7 km NNW of Pinnacles, CA",243.3,4.3,100.0,100sps,3.856,4.297,4.541,1.68,1.18,6.493,148.0,SSE,37.1,65.54,21.15,0,0.055,2.072,0,0,1.043,1.021,0.98,4.429,4.81,1.086,13.284,11.782,0.887,1.104,0.887,1.539,1.735,8.12,1
2026-08-11T10:45:13Z,0.96,"6 km NW of Pinnacles, CA",244.4,2.8,100.0,100sps,3.387,7.078,5.204,3.62,1.54,12.273,148.5,SSE,37.4,66.06,5.75,0,0.077,2.202,0,1,3.72,1.058,0.284,6.022,5.448,0.905,12.925,14.786,1.144,0.249,3.196,1.636,0.512,9.69,1
2026-08-11T10:39:09Z,0.82,"6 km NNW of Pinnacles, CA",244.4,3.9,100.0,100sps,2.588,2.636,4.422,3.32,1.71,8.601,148.1,SSE,37.28,65.86,8.03,0,0.056,2.188,0,1,1.053,1.022,0.971,2.483,4.587,1.847,10.631,12.812,1.205,0.805,0.878,1.535,1.749,5.02,1
2026-08-11T10:37:31Z,0.84,"7 km NNW of Pinnacles, CA",243.9,3.7,100.0,100sps,3.232,2.456,2.849,1.54,0.88,4.974,148.1,SSE,37.23,65.77,8.23,0,0.059,1.928,0,0,0.94,1.045,1.111,2.344,2.72,1.16,14.165,10.952,0.773,1.437,0.808,1.66,2.054,7.66,1
2026-08-11T10:34:58Z,1.23,"6 km NNW of Pinnacles, CA",244.2,4.7,100.0,100sps,3.739,3.263,2.33,0.87,0.62,3.263,148.0,SSE,37.15,65.65,26.53,0,0.144,1.356,0,0,1.05,0.852,0.812,3.267,2.232,0.683,10.364,10.485,1.012,0.803,0.889,1.096,1.232,23.75,1
2026-08-11T10:32:03Z,1.59,"7 km NNW of Pinnacles, CA",243.7,4.2,100.0,100sps,2.251,2.282,4.415,4.21,1.96,9.479,148.0,SSE,37.15,65.63,6.49,0,0.33,1.458,0,0,1.035,0.978,0.945,2.066,4.556,2.205,9.891,11.596,1.172,0.806,0.886,1.518,1.714,5.87,1
2026-08-11T10:22:08Z,2.03,"6 km NNW of Pinnacles, CA",244.0,4.3,100.0,100sps,3.087,2.363,2.752,1.16,0.89,3.592,148.1,SSE,37.18,65.69,33.28,0,0.908,0.597,0,0,1.298,0.94,0.724,2.017,2.73,1.353,3.806,3.969,1.043,0.694,0.945,1.21,1.28,19.02,1
2026-08-11T10:21:01Z,2.39,"7 km NW of Pinnacles, CA",244.0,3.1,100.0,100sps,3.097,3.165,2.553,1.05,0.82,3.245,148.4,SSE,37.32,65.92,29.3,0,2.08,0.193,0,1,2.074,1.074,0.518,2.448,2.39,0.976,5.792,10.623,1.834,0.282,1.741,1.372,0.788,18.88,1
2026-08-11T10:20:40Z,2.57,"6 km NW of Pinnacles, CA",244.5,2.8,100.0,100sps,3.223,2.933,2.413,0.99,0.75,3.184,148.5,SSE,37.42,66.09,30.06,0,3.134,0.007,0,1,1.733,1.098,0.634,2.419,2.21,0.914,5.691,4.656,0.818,0.774,1.513,1.372,0.907,18.96,1
2026-08-11T10:19:08Z,3.94,"6 km NW of Pinnacles, CA",244.3,4.6,100.0,100sps,3.632,3.658,3.307,1.26,0.91,4.576,148.2,SSE,37.18,65.68,24.86,0,73.586,-1.206,0,0,1.063,2.211,2.079,3.736,2.502,0.67,11.154,6.062,0.543,3.826,0.91,3.609,3.964,11.65,0
2026-08-11T09:58:58Z,0.18,"9 km NW of The Geysers, CA",46.4,1.4,100.0,100sps,4.516,3.635,2.339,0.71,0.52,3.189,337.1,NNW,8.0,13.82,21.31,0,0.191,1.222,0,0,0.915,0.897,0.981,3.679,2.255,0.613,5.028,3.902,0.776,1.264,0.76,0.93,1.224,26.85,0
2026-08-11T09:35:51Z,0.72,"8 km NW of The Geysers, CA",45.5,1.5,100.0,100sps,2.724,11.751,3.493,1.89,1.28,5.136,338.0,NNW,7.86,13.56,19.03,0,0.68,0.878,0,0,1.336,1.112,0.833,12.316,3.503,0.284,20.204,6.064,0.3,2.775,1.187,1.374,1.158,15.67,0
2026-08-11T09:21:57Z,1.17,"7 km SSW of Portola Valley, CA",130.5,11.7,100.0,100sps,7.699,7.118,3.899,0.9,0.51,6.922,165.5,SSE,22.14,38.3,8.76,0,0.411,1.226,0,0,1.235,0.954,0.772,7.224,3.928,0.544,21.55,17.221,0.799,0.967,1.116,1.387,1.242,11.48,0
2026-08-11T09:21:56Z,0.03,"9 km NW of The Geysers, CA",46.1,2.0,100.0,100sps,7.744,7.119,3.814,0.89,0.49,6.922,334.9,NNW,7.94,13.71,4.96,0,0.137,1.705,0,0,1.235,0.98,0.794,7.225,3.838,0.531,21.569,17.315,0.803,0.988,1.113,1.531,1.375,4.79,0
2026-08-11T08:36:04Z,1.05,"2 km N of The Geysers, CA",40.0,0.7,100.0,100sps,4.262,3.351,3.041,0.81,0.71,3.466,343.5,NNW,6.9,11.9,26.48,0,1.719,0.305,0,0,1.487,1.109,0.746,3.048,2.91,0.955,25.817,23.53,0.911,0.819,1.31,1.794,1.37,4.11,0
2026-08-11T08:35:40Z,0.98,"7 km ESE of Cloverdale, CA",46.3,6.3,100.0,100sps,4.187,3.505,3.121,0.92,0.75,3.847,321.3,NW,7.98,13.78,18.85,0,1.209,0.503,0,0,1.418,1.126,0.794,3.266,2.97,0.909,26.586,26.897,1.012,0.785,1.24,2.663,2.148,0.87,0
2026-08-11T07:59:58Z,0.76,"7 km NW of The Geysers, CA",44.6,2.5,100.0,100sps,2.028,2.953,2.261,1.3,1.11,2.634,338.3,NNW,7.68,13.26,26.37,0,0.766,0.537,0,0,0.943,1.028,1.091,2.921,2.072,0.71,9.601,9.246,0.963,1.133,0.801,1.38,1.722,11.25,0
2026-08-11T07:58:09Z,0.27,"10 km WNW of The Geysers, CA",46.5,2.6,100.0,100sps,2.083,1.897,4.445,3.32,2.13,6.906,334.1,NNW,8.02,13.84,13.19,0,0.234,1.469,0,0,0.869,0.89,1.024,1.707,4.597,2.693,8.976,11.225,1.251,0.819,0.725,1.121,1.547,12.85,0
2026-08-11T06:24:01Z,1.03,"5 km N of San Leandro, CA",86.6,4.4,100.0,100sps,3.653,3.537,2.457,0.97,0.67,3.55,151.7,SSE,14.92,25.75,19.28,0,0.569,0.795,0,0,0.906,0.811,0.895,3.606,2.417,0.67,9.89,7.807,0.789,1.134,0.756,0.92,1.217,27.32,0
2026-08-11T06:12:39Z,1.07,"7 km WNW of Cobb, CA",45.5,2.1,100.0,100sps,3.049,3.392,3.068,1.45,1.01,4.43,340.1,NNW,7.85,13.55,16.7,0,1.522,0.464,0,1,1.006,1.105,1.098,3.364,2.952,0.878,9.567,9.166,0.958,1.146,0.84,1.896,2.257,4.88,0
2026-08-11T05:15:26Z,0.74,"10 km NW of The Geysers, CA",47.1,2.0,100.0,100sps,3.835,3.087,2.537,0.86,0.66,3.305,336.1,NNW,8.13,14.04,23.0,0,0.68,0.687,0,0,0.929,1.013,1.091,3.072,2.404,0.783,11.282,9.953,0.882,1.236,0.802,1.423,1.774,9.79,0
2026-08-11T05:01:11Z,1.31,"5 km SE of San Ramon, CA",98.5,6.8,100.0,100sps,3.247,4.274,4.956,2.42,1.53,7.857,142.1,SE,16.96,29.28,15.55,0,0.892,0.945,0,1,1.001,0.972,0.97,4.373,5.107,1.168,9.468,12.501,1.32,0.735,0.843,1.597,1.894,5.88,0
2026-08-11T04:57:20Z,2.54,"9 km E of Rancho Tehama Reserve, CA",178.6,37.2,100.0,100sps,4.474,3.512,3.751,1.14,0.84,5.098,9.3,N,25.36,44.98,25.81,0,5.52,-0.035,0,0,1.009,0.925,0.916,3.504,3.804,1.085,8.31,9.402,1.131,0.81,0.836,1.176,1.406,18.2,0
2026-08-11T04:52:58Z,1.19,"13 km NW of The Geysers, CA",48.8,2.5,100.0,100sps,3.276,4.426,3.922,1.84,1.2,6.035,332.9,NNW,8.41,14.51,14.3,0,1.832,0.518,0,0,1.041,1.281,1.23,4.528,3.874,0.856,15.02,11.859,0.79,1.558,0.868,2.256,2.601,6.23,0
2026-08-11T04:40:02Z,0.93,"9 km ESE of Cloverdale, CA",44.7,7.0,100.0,100sps,5.243,4.185,5.682,1.56,1.08,8.191,322.2,NW,7.69,13.28,15.3,0,1.131,0.86,0,0,0.888,1.099,1.237,4.263,5.882,1.38,9.637,11.522,1.196,1.035,0.733,1.83,2.498,3.72,0
2026-08-11T04:23:10Z,0.41,"4 km SSW of Anderson Springs, CA",33.2,0.6,100.0,100sps,14.674,13.596,5.089,0.5,0.35,7.396,345.3,NNW,5.72,9.88,11.87,0,0.499,1.171,0,0,1.282,1.166,0.91,14.031,5.141,0.366,18.932,14.635,0.773,1.177,1.118,2.168,1.938,3.21,0
2026-08-11T04:22:36Z,0.99,"15 km E of Seven Trees, CA",153.9,2.5,100.0,100sps,14.316,13.49,8.062,1.07,0.56,15.345,146.8,SSE,26.24,45.78,9.64,0,0.204,1.875,0,1,1.321,1.055,0.798,13.93,8.399,0.603,18.188,17.99,0.989,0.807,1.134,2.168,1.912,2.69,1
2026-08-11T03:30:38Z,1.92,"18 km NNE of Yerington, Nevada",318.6,10.6,100.0,100sps,16.641,14.573,12.397,1.0,0.74,16.56,75.2,ENE,45.63,81.0,27.88,0,0.379,1.641,0,0,1.284,1.199,0.934,15.105,12.519,0.829,27.626,30.525,1.105,0.845,1.102,1.811,1.644,10.52,1
2026-08-11T02:22:47Z,0.76,"6 km WNW of The Geysers, CA",43.1,2.5,100.0,100sps,23.143,21.735,18.813,1.05,0.81,24.37,336.5,NNW,7.43,12.83,21.75,0,0.801,1.483,0,0,1.633,1.996,1.222,22.301,19.364,0.868,40.579,42.891,1.057,1.156,1.456,3.53,2.424,5.3,0
2026-08-11T02:18:00Z,1.44,"14 km N of Coalinga, CA",316.0,9.0,100.0,100sps,22.737,22.769,22.276,1.16,0.98,26.42,139.7,SE,45.51,80.75,32.2,0,0.128,2.315,0,0,2.216,2.371,1.07,23.308,22.887,0.982,41.726,41.212,0.988,1.083,1.919,5.317,2.771,6.53,1
2026-08-11T02:03:29Z,0.66,"8 km ESE of Cloverdale, CA",45.6,3.6,100.0,100sps,19.812,17.561,8.851,1.0,0.45,19.782,322.6,NW,7.85,13.56,2.58,0,0.591,1.524,0,0,1.787,0.984,0.551,18.112,9.234,0.51,28.567,19.562,0.685,0.804,1.652,1.539,0.932,3.89,0
2026-08-11T01:42:45Z,1.9,"7 km SE of Pinnacles, CA",257.0,7.2,100.0,100sps,17.946,16.667,15.067,1.2,0.84,21.623,147.5,SSE,38.42,67.98,25.25,0,0.601,1.556,0,0,1.364,2.763,2.025,17.203,15.365,0.893,23.377,24.054,1.029,1.968,1.191,9.539,8.006,1.03,1
2026-08-11T01:27:16Z,1.11,"3 km WNW of San Juan Bautista, CA",200.6,6.7,100.0,100sps,12.083,9.049,7.566,0.72,0.63,8.749,152.1,SSE,31.51,55.53,34.04,0,0.164,1.727,0,0,1.164,1.881,1.616,9.638,7.619,0.79,18.843,15.76,0.836,1.932,1.026,3.219,3.136,11.03,1
2026-08-11T01:09:25Z,0.74,"2 km NNW of The Geysers, CA",39.6,1.5,100.0,100sps,204.947,12.642,10.291,0.12,0.05,23.951,342.3,NNW,6.83,11.8,3.14,0,0.851,1.449,0,1,1.617,1.529,0.945,13.228,10.747,0.812,19.749,18.223,0.923,1.025,1.554,2.754,1.773,3.69,0
2026-08-11T00:20:52Z,0.99,"7 km NW of The Geysers, CA",44.8,3.4,100.0,100sps,15.633,18.208,11.87,1.19,0.76,18.636,338.5,NNW,7.71,13.32,13.36,0,1.294,1.158,0,0,1.397,1.57,1.124,19.194,12.206,0.636,26.253,28.94,1.102,1.019,1.24,2.756,2.222,5.7,0
2026-08-11T00:13:42Z,1.3,"6 km NW of The Geysers, CA",44.0,2.0,100.0,100sps,15.872,16.253,17.175,1.38,1.08,21.852,339.5,NNW,7.58,13.09,24.42,0,2.702,0.908,0,0,1.434,1.509,1.053,16.912,17.822,1.054,26.572,31.145,1.172,0.898,1.273,2.42,1.902,7.18,0
2026-08-10T23:26:45Z,1.63,"11 km SW of Huron, CA",335.7,10.8,100.0,100sps,18.044,18.531,17.227,1.47,0.95,26.581,139.4,SE,47.73,84.78,18.59,0,0.17,2.194,0,0,1.49,1.21,0.813,19.145,17.847,0.932,33.818,30.404,0.899,0.904,1.312,2.061,1.571,7.02,1
2026-08-10T23:20:51Z,1.09,"2 km NNW of The Geysers, CA",40.1,3.1,100.0,100sps,22.159,23.64,22.917,1.67,1.03,37.099,342.0,NNW,6.91,11.93,10.82,0,1.879,1.296,0,0,2.4,2.208,0.92,24.915,24.108,0.968,44.459,50.786,1.142,0.805,2.109,7.45,3.533,1.12,0
2026-08-10T23:18:15Z,0.67,"8 km ESE of Cloverdale, CA",45.7,4.9,100.0,100sps,23.651,21.13,21.163,1.69,0.89,40.063,323.4,NW,7.87,13.59,6.22,0,0.603,1.822,0,0,1.937,1.725,0.89,22.201,22.64,1.02,44.617,36.697,0.822,1.082,1.698,3.858,2.272,1.93,0
2026-08-10T23:15:28Z,0.74,"7 km NW of The Geysers, CA",45.0,2.0,100.0,100sps,24.698,25.104,24.723,1.51,1.0,37.286,338.1,NNW,7.77,13.41,13.52,0,0.722,1.713,0,0,1.891,1.53,0.809,26.388,25.891,0.981,48.015,45.93,0.957,0.846,1.687,2.913,1.726,3.54,0
2026-08-10T23:10:53Z,1.05,"6 km SSE of Baywood-Los Osos, CA",389.4,7.6,100.0,100sps,23.062,26.766,24.949,2.02,1.08,46.593,155.1,SSE,54.75,97.35,8.98,0,0.03,3.19,0,0,2.304,1.522,0.661,28.025,26.32,0.939,50.398,39.742,0.789,0.838,2.169,2.163,0.997,11.13,1
2026-08-10T22:47:47Z,1.08,"3 km N of The Geysers, CA",40.8,3.8,100.0,100sps,19.375,21.026,21.074,1.85,1.09,35.863,342.5,NNW,7.04,12.15,6.91,0,1.793,1.301,0,0,1.99,1.472,0.74,21.615,21.868,1.012,54.91,38.319,0.698,1.06,1.734,2.167,1.249,9.42,0
2026-08-10T22:46:23Z,1.07,"7 km NW of Pinnacles, CA",243.9,3.0,100.0,100sps,19.052,19.756,22.478,1.72,1.18,32.789,148.5,SSE,37.33,65.93,21.08,0,0.1,2.517,0,0,2.138,2.255,1.054,20.149,23.225,1.153,56.447,57.665,1.022,1.032,1.862,6.508,3.496,1.69,1
2026-08-10T21:54:12Z,0.38,"7 km NW of The Geysers, CA",44.9,1.5,100.0,100sps,15.731,16.357,17.841,1.68,1.13,26.368,338.2,NNW,7.74,13.35,14.28,0,0.317,1.921,0,0,2.071,2.273,1.098,16.476,18.425,1.118,60.978,59.62,0.978,1.123,1.857,4.721,2.543,2.55,0
2026-08-10T21:47:51Z,1.07,"7 km NW of The Geysers, CA",44.9,1.5,100.0,100sps,16.2,15.127,12.799,1.45,0.79,23.421,339.0,NNW,7.75,13.37,8.12,0,1.547,1.18,0,0,2.102,1.427,0.679,15.181,13.198,0.869,60.713,50.709,0.835,0.813,1.857,2.789,1.502,2.29,0
2026-08-10T21:23:25Z,1.22,"10 km WNW of Cobb, CA",48.6,0.9,100.0,100sps,15.768,15.163,14.821,1.29,0.94,20.376,337.8,NNW,8.37,14.46,16.79,0,1.974,1.014,0,0,1.665,1.733,1.041,15.73,15.413,0.98,48.471,47.037,0.97,1.073,1.474,3.676,2.494,1.3,0
2026-08-10T21:23:18Z,1.73,"10 km WNW of Cobb, CA",48.4,1.0,100.0,100sps,15.909,15.077,14.872,1.28,0.93,20.376,337.3,NNW,8.34,14.4,19.17,0,6.417,0.502,0,0,1.675,1.698,1.014,15.646,15.308,0.978,47.882,53.573,1.119,0.907,1.489,3.676,2.468,1.3,0
2026-08-10T21:17:08Z,0.45,"7 km NW of The Geysers, CA",44.8,3.5,100.0,100sps,16.512,19.937,15.294,1.14,0.93,18.829,338.4,NNW,7.71,13.31,22.13,0,0.373,1.703,0,0,3.76,1.406,0.374,20.495,16.037,0.782,51.798,45.954,0.887,0.421,3.243,3.561,1.098,1.27,0
2026-08-10T21:05:15Z,0.7,"4 km NNW of The Geysers, CA",42.1,-0.1,100.0,100sps,15.427,17.003,12.104,1.05,0.78,16.155,340.6,NNW,7.26,12.54,20.68,0,0.718,1.352,0,0,2.082,1.164,0.559,17.501,12.505,0.715,48.458,45.246,0.934,0.599,1.843,1.602,0.869,8.55,0
2026-08-10T21:01:45Z,0.77,"7 km NW of The Geysers, CA",44.6,3.1,100.0,100sps,16.427,15.972,15.73,1.56,0.96,25.562,338.5,NNW,7.68,13.26,9.94,0,0.784,1.513,0,0,2.55,1.566,0.614,16.702,16.265,0.974,44.926,47.884,1.066,0.576,2.24,3.041,1.357,4.04,0
2026-08-10T21:01:33Z,1.68,"6 km E of Pistol River, Oregon",449.4,6.4,100.0,100sps,16.6,15.566,15.115,1.34,0.91,22.231,341.9,NNW,62.32,110.94,23.14,0,0.084,2.422,0,0,1.711,1.655,0.967,16.314,15.718,0.963,47.191,45.692,0.968,0.999,1.508,4.472,2.965,1.36,1
2026-08-10T20:41:44Z,0.71,"2 km NW of The Geysers, CA",39.6,2.2,100.0,100sps,15.17,14.873,12.896,1.54,0.85,23.402,340.8,NNW,6.85,11.82,6.13,0,0.795,1.469,0,0,1.441,1.321,0.917,15.443,13.294,0.861,41.813,40.054,0.958,0.957,1.27,1.867,1.471,7.75,0
2026-08-10T19:34:02Z,1.41,"4 km S of Ridgemark, CA",216.6,8.2,100.0,100sps,15.536,14.658,18.237,1.63,1.17,25.308,149.0,SSE,33.31,58.8,24.24,0,0.28,1.956,0,0,2.686,2.264,0.843,15.104,18.794,1.244,43.095,48.675,1.129,0.746,2.346,3.523,1.502,12.99,1
2026-08-10T19:09:04Z,1.15,"13 km NW of The Geysers, CA",48.9,2.4,100.0,100sps,12.284,19.674,13.707,1.59,1.12,19.495,333.2,NNW,8.43,14.55,19.16,0,1.666,1.068,0,0,3.901,1.578,0.404,19.967,14.157,0.709,28.648,34.618,1.208,0.335,3.371,5.224,1.55,1.21,0
2026-08-10T18:45:35Z,1.27,"5 km NW of The Geysers, CA",42.9,2.9,100.0,100sps,12.12,12.246,15.899,2.05,1.31,24.856,339.6,NNW,7.39,12.76,11.38,0,2.607,0.979,0,0,1.319,2.274,1.724,12.925,16.251,1.257,21.014,26.892,1.28,1.347,1.185,3.921,3.308,7.22,0
2026-08-10T18:42:36Z,1.39,"7 km NW of Pinnacles, CA",244.0,3.2,100.0,100sps,11.991,16.609,12.368,1.49,1.03,17.915,148.5,SSE,37.31,65.9,25.38,0,0.208,1.935,0,0,2.404,1.53,0.636,17.259,13.168,0.763,28.291,24.779,0.876,0.727,2.292,3.262,1.423,3.41,1
2026-08-10T18:37:05Z,0.3,"10 km WNW of The Geysers, CA",44.7,2.9,100.0,100sps,10.798,12.566,15.939,3.36,1.48,36.252,331.6,NNW,7.7,13.29,3.3,0,0.265,2.136,0,0,1.186,1.812,1.528,13.699,16.698,1.219,22.368,27.38,1.224,1.248,1.053,3.215,3.052,6.84,0
2026-08-10T18:26:02Z,2.62,"32 km NW of Covelo, CA",189.9,7.8,100.0,100sps,11.068,10.868,12.638,1.96,1.14,21.7,338.0,NNW,30.05,52.93,11.0,0,5.901,0.566,0,0,1.458,1.449,0.994,11.469,13.486,1.176,22.092,20.686,0.936,1.062,1.257,4.129,3.284,1.06,1
2026-08-10T17:18:28Z,0.14,"8 km NW of The Geysers, CA",45.5,1.8,100.0,100sps,11.501,10.138,26.418,3.85,2.3,44.312,338.2,NNW,7.83,13.52,12.15,0,0.179,2.394,0,1,1.344,3.953,2.94,10.747,27.799,2.587,16.91,36.277,2.145,1.371,1.218,10.86,8.914,1.07,0
2026-08-10T17:05:55Z,1.48,"8 km NW of Dixon Lane-Meadow Creek, CA",380.9,4.7,100.0,100sps,411.42,18.53,9.008,0.05,0.02,20.536,106.1,ESE,54.06,96.05,1.83,0,0.086,2.378,0,0,1.809,1.184,0.654,19.125,9.513,0.497,18.445,14.029,0.761,0.86,1.761,1.935,1.098,6.78,1
2026-08-10T17:05:20Z,1.02,"6 km WNW of The Geysers, CA",43.2,3.0,100.0,100sps,450.883,15.09,12.758,0.05,0.03,21.352,336.4,NNW,7.45,12.86,7.62,0,1.451,1.168,0,0,1.097,1.168,1.065,16.704,13.541,0.811,15.943,15.24,0.956,1.114,0.915,1.566,1.712,6.52,0
2026-08-10T17:01:40Z,1.28,"5 km NNW of The Geysers, CA",42.8,1.4,100.0,100sps,448.273,448.273,358.848,2.23,0.8,998.743,340.5,NNW,7.38,12.74,1.05,0,2.674,2.572,0,1,246.31,114.385,0.464,367.77,336.579,0.915,145.814,294.716,2.021,0.23,243.369,247.341,1.016,5.14,0
2026-08-09T19:51:57Z,0.77,"2 km W of Anderson Springs, CA",36.9,2.5,100.0,100sps,11.182,10.505,12.011,2.44,1.07,27.335,347.3,NNW,6.35,10.96,1.72,0,1.002,1.436,0,0,0.979,1.084,1.107,11.053,12.49,1.13,13.694,12.18,0.889,1.245,0.829,1.798,2.167,5.84,0
2026-08-09T19:38:48Z,1.58,"13 km ESE of Mammoth Lakes, CA",344.7,6.6,100.0,100sps,12.331,9.934,10.716,1.8,0.87,22.203,104.8,ESE,49.36,87.63,8.1,0,0.142,2.195,0,0,0.977,1.091,1.117,10.391,11.109,1.069,14.828,13.75,0.927,1.204,0.816,1.493,1.83,14.04,1
2026-08-09T19:35:40Z,0.91,"8 km NE of San Martin, CA",175.6,6.5,100.0,100sps,12.226,16.746,13.578,1.91,1.11,23.366,146.9,SSE,28.45,50.02,12.47,0,0.134,2.243,0,0,1.35,1.348,0.998,17.821,14.09,0.791,16.042,22.627,1.411,0.708,1.157,2.317,2.003,4.58,1
2026-08-09T19:30:24Z,1.38,"7 km ENE of San Martin, CA",176.4,3.3,100.0,100sps,14.388,12.452,8.613,1.09,0.6,15.69,146.9,SSE,28.94,50.85,9.49,0,0.391,1.604,0,0,1.093,1.006,0.921,13.169,9.061,0.688,15.467,10.615,0.686,1.342,0.919,1.804,1.963,4.82,1
2026-08-09T18:23:46Z,0.33,"3 km SE of The Geysers, CA",35.4,1.8,100.0,100sps,17.81,15.088,10.055,0.81,0.56,14.353,344.7,NNW,6.1,10.54,16.09,0,0.382,1.574,0,0,1.757,0.958,0.545,15.823,10.411,0.658,20.647,10.466,0.507,1.076,1.543,0.963,0.624,24.49,0
2026-08-09T18:23:05Z,0.27,"3 km SE of The Geysers, CA",35.6,1.9,100.0,100sps,18.081,14.268,13.698,1.01,0.76,18.187,344.4,NNW,6.13,10.58,21.07,0,0.331,1.74,0,0,1.089,2.332,2.141,15.08,14.288,0.948,15.101,20.925,1.386,1.545,0.954,7.112,7.455,1.09,0
2026-08-09T18:20:53Z,0.32,"5 km WNW of The Geysers, CA",41.4,3.2,100.0,100sps,25.287,17.997,16.33,1.12,0.65,28.305,337.2,NNW,7.12,12.28,8.66,0,0.306,1.965,0,0,1.438,1.511,1.051,18.847,16.969,0.9,22.756,19.795,0.87,1.208,1.287,3.103,2.411,1.28,0
2026-08-09T18:14:07Z,0.86,"7 km ESE of Cloverdale, CA",46.3,6.0,100.0,100sps,14.636,13.452,17.639,1.68,1.21,24.638,321.4,NW,7.97,13.76,19.03,0,0.919,1.428,0,0,1.293,1.314,1.016,14.057,18.581,1.322,17.571,19.541,1.112,0.914,1.143,2.839,2.483,2.05,0
2026-08-09T18:12:38Z,0.37,"3 km SE of The Geysers, CA",35.6,1.8,100.0,100sps,14.38,16.867,13.508,1.27,0.94,18.198,344.5,NNW,6.13,10.58,18.22,0,0.417,1.64,0,0,1.466,1.027,0.701,17.785,14.222,0.8,20.295,16.771,0.826,0.848,1.32,1.344,1.019,13.22,0
2026-08-09T16:29:17Z,1.5,"12 km WNW of Cobb, CA",50.5,4.8,100.0,100sps,10.162,9.222,12.772,1.6,1.26,16.297,337.4,NNW,8.7,15.02,23.46,0,3.574,0.659,0,1,1.108,1.125,1.014,9.692,13.711,1.415,12.285,13.854,1.128,0.9,0.952,1.981,2.081,4.68,0
2026-08-09T16:25:14Z,0.77,"1 km N of The Geysers, CA",39.5,-0.3,100.0,100sps,10.746,8.204,7.47,0.91,0.7,9.816,342.8,NNW,6.8,11.74,24.05,0,0.918,1.029,0,0,1.005,1.113,1.107,8.608,7.88,0.915,10.465,7.973,0.762,1.454,0.871,1.437,1.649,14.07,0
2026-08-09T16:04:01Z,1.03,"7 km W of Cobb, CA",45.1,1.0,100.0,100sps,12.243,9.736,9.722,1.38,0.79,16.849,339.1,NNW,7.78,13.43,9.66,0,1.403,1.079,0,0,1.128,1.009,0.894,10.265,10.205,0.994,11.642,11.853,1.018,0.878,0.99,1.151,1.163,19.87,0
2026-08-09T15:39:28Z,1.97,"8 km W of Templeton, CA",360.8,6.3,100.0,100sps,7.72,8.657,9.618,2.53,1.25,19.535,152.7,SSE,51.38,91.26,6.06,0,0.308,1.802,0,0,1.075,1.169,1.088,9.106,10.09,1.108,9.994,9.901,0.991,1.098,0.912,2.067,2.266,8.07,1
2026-08-09T14:36:29Z,0.46,"15 km SW of Toms Place, CA",351.0,9.9,100.0,100sps,7.996,11.184,6.739,1.86,0.84,14.84,106.8,ESE,49.72,88.35,4.57,0,0.01,3.161,0,0,3.719,0.912,0.245,11.063,7.064,0.639,11.303,8.552,0.757,0.324,2.987,0.979,0.328,33.43,1
2026-08-09T14:34:04Z,1.95,"7 km ESE of Cloverdale, CA",46.3,6.3,100.0,100sps,8.09,10.034,9.575,1.81,1.18,14.636,322.1,NW,7.98,13.78,14.73,0,11.286,0.113,0,0,1.158,2.41,2.08,10.534,9.514,0.903,13.871,8.055,0.581,3.582,1.017,6.091,5.991,3.26,0
2026-08-09T14:27:25Z,0.44,"6 km WNW of Cobb, CA",45.3,2.3,100.0,100sps,7.07,8.563,12.394,3.11,1.75,22.017,340.4,NNW,7.82,13.49,7.87,0,0.359,1.788,0,0,1.02,1.268,1.243,8.848,12.938,1.462,8.547,9.643,1.128,1.102,0.855,2.58,3.018,1.65,0
2026-08-09T14:21:31Z,0.95,"6 km WNW of The Geysers, CA",42.9,3.4,100.0,100sps,9.213,9.941,5.546,1.01,0.6,9.28,336.9,NNW,7.4,12.77,9.29,0,1.247,0.872,0,0,0.981,0.885,0.903,10.548,5.804,0.55,10.098,10.75,1.065,0.848,0.803,1.046,1.303,19.99,0
2026-08-09T13:55:23Z,1.05,"3 km NNW of The Geysers, CA",41.1,3.4,100.0,100sps,18.463,9.379,5.035,0.55,0.27,10.107,341.0,NNW,7.08,12.22,5.95,0,1.66,0.784,0,0,1.087,1.002,0.921,9.669,5.172,0.535,7.111,5.186,0.729,1.263,0.915,1.139,1.245,16.28,0
2026-08-09T13:53:41Z,0.58,"8 km ESE of Cloverdale, CA",45.5,3.1,100.0,100sps,12.414,18.022,23.989,3.75,1.93,46.579,322.4,NW,7.84,13.54,6.42,0,0.493,1.976,0,0,1.349,1.731,1.283,18.43,24.374,1.323,10.758,11.669,1.085,1.183,1.177,4.026,3.42,1.6,0
2026-08-09T13:50:38Z,0.96,"8 km ENE of Alum Rock, CA",140.1,5.8,100.0,100sps,8.492,10.472,21.898,5.47,2.58,46.487,146.6,SSE,24.14,41.68,8.66,0,0.225,2.316,1,1,1.69,1.618,0.958,10.663,22.503,2.11,8.325,13.445,1.615,0.593,1.645,3.881,2.359,1.72,0
2026-08-09T13:47:41Z,1.7,"9 km NNE of Larkfield-Wikiup, CA",16.3,3.1,100.0,100sps,8.538,7.555,12.955,2.54,1.52,21.665,334.8,NNW,2.8,4.83,9.72,0,23.125,-0.028,0,0,1.021,5.229,5.123,7.757,11.671,1.504,8.255,8.238,0.998,5.134,0.86,14.198,16.517,3.05,0
2026-08-09T13:44:55Z,1.02,"21 km NW of Parkfield, CA",323.1,4.1,100.0,100sps,8.164,8.235,8.985,1.45,1.1,11.82,145.6,SE,46.99,83.33,25.59,0,0.046,2.41,0,1,1.041,1.064,1.022,8.436,9.316,1.104,7.559,28.775,3.807,0.268,0.887,1.663,1.876,8.0,1
2026-08-09T12:36:39Z,1.61,"20 km SSE of Lopez Point, CA",306.5,9.0,100.0,100sps,5.285,7.362,2.451,0.57,0.46,3.0,161.0,SSE,44.33,78.62,37.02,0,0.204,1.167,0,0,0.9,0.922,1.024,7.778,2.359,0.303,7.664,3.196,0.417,2.455,0.744,1.386,1.863,9.47,1
2026-08-09T12:23:22Z,1.17,"1 km ESE of Redwood Valley, CA",103.4,6.9,100.0,100sps,4.164,15.808,13.846,8.9,3.32,37.061,331.3,NNW,17.82,30.76,2.99,0,0.599,1.791,1,1,1.813,1.646,0.908,16.382,14.265,0.871,14.775,12.381,0.838,1.084,1.663,4.346,2.614,2.6,0
2026-08-09T11:58:48Z,1.93,"6 km E of Pistol River, Oregon",449.3,7.0,100.0,100sps,2.554,4.688,2.991,2.78,1.17,7.109,341.9,NNW,62.23,110.79,2.99,0,0.15,1.676,0,0,0.89,0.854,0.96,4.908,3.015,0.614,6.886,5.166,0.75,1.279,0.735,1.074,1.461,19.34,1
2026-08-09T11:52:57Z,1.52,"13 km SE of Tres Pinos, CA",230.9,6.6,100.0,100sps,4.033,3.533,2.403,0.73,0.6,2.933,147.1,SSE,35.28,62.3,37.12,0,0.316,0.968,0,0,0.916,0.907,0.989,3.568,2.29,0.642,3.481,2.58,0.741,1.335,0.754,1.36,1.803,10.02,1
2026-08-09T11:18:45Z,1.54,"6 km NW of Pinnacles, CA",244.8,2.7,100.0,100sps,2.7,6.837,11.327,16.12,4.2,43.53,148.3,SSE,37.47,66.18,2.64,0,0.292,2.174,1,1,0.875,0.915,1.047,7.252,12.006,1.655,7.025,5.73,0.816,1.283,0.734,1.397,1.902,8.02,1
2026-08-09T10:22:01Z,0.39,"8 km NW of The Geysers, CA",45.5,1.4,100.0,100sps,2.862,3.002,2.522,1.06,0.88,3.048,338.1,NNW,7.85,13.54,26.59,0,0.318,0.981,0,0,0.893,0.899,1.006,2.983,2.419,0.811,5.713,5.581,0.977,1.03,0.731,0.907,1.242,26.29,0
2026-08-09T09:48:00Z,0.34,"9 km WNW of Cobb, CA",46.9,1.8,100.0,100sps,3.478,3.114,5.647,2.83,1.62,9.852,338.0,NNW,8.09,13.97,5.92,0,0.272,1.558,0,0,0.903,0.957,1.06,3.11,5.929,1.907,5.523,7.58,1.372,0.772,0.745,1.148,1.541,16.7,0
2026-08-09T09:43:55Z,1.58,"20 km SSE of Lopez Point, CA",306.7,8.9,100.0,100sps,3.568,3.108,3.214,1.51,0.9,5.397,161.1,SSE,44.37,78.71,11.13,0,0.19,1.453,0,0,0.926,0.939,1.013,3.086,3.203,1.038,5.35,5.91,1.105,0.917,0.769,1.26,1.638,18.51,1
2026-08-09T09:25:55Z,0.31,"10 km WNW of The Geysers, CA",46.0,3.7,100.0,100sps,4.338,4.126,3.235,1.09,0.75,4.742,334.3,NNW,7.92,13.68,15.7,0,0.261,1.259,0,0,0.943,0.875,0.928,4.215,3.259,0.773,5.698,5.396,0.947,0.98,0.804,1.159,1.442,13.05,0
2026-08-09T09:25:06Z,1.65,"7 km WNW of Cobb, CA",45.8,2.2,100.0,100sps,5.271,4.371,3.894,1.19,0.74,6.25,339.8,NNW,7.88,13.61,11.6,0,5.746,0.037,0,0,0.866,1.046,1.207,4.53,3.87,0.854,5.552,5.551,1.0,1.207,0.707,1.473,2.085,15.03,0
2026-08-09T08:44:41Z,0.7,"15 km SSE of Mammoth Lakes, CA",343.2,4.6,100.0,100sps,3.994,5.017,3.179,1.31,0.8,5.239,106.4,ESE,49.41,87.68,12.0,0,0.019,2.443,0,0,1.008,0.866,0.859,5.206,3.212,0.617,4.806,3.864,0.804,1.068,0.871,1.035,1.189,26.37,1
2026-08-09T08:32:35Z,1.76,"20 km S of Lopez Point, CA",305.8,6.0,100.0,100sps,13.77,23.257,16.109,2.22,1.17,30.506,161.3,SSE,44.61,79.08,10.0,0,0.29,2.022,0,1,2.463,1.492,0.606,23.846,16.724,0.701,15.721,11.297,0.719,0.843,2.399,2.921,1.218,4.23,1
2026-08-09T08:32:00Z,1.76,"12 km N of Redwood Valley, CA",115.1,8.3,100.0,100sps,14.132,20.508,13.747,2.46,0.97,34.8,332.9,NNW,19.83,34.22,6.21,0,1.968,1.248,0,1,2.294,1.407,0.613,21.128,14.164,0.67,13.563,9.835,0.725,0.846,2.23,3.815,1.711,2.88,0
2026-08-09T08:31:26Z,0.76,"4 km NW of The Geysers, CA",41.7,3.1,100.0,100sps,13.691,13.697,22.752,2.45,1.66,33.489,338.7,NNW,7.18,12.4,13.07,0,0.836,1.603,0,1,1.46,2.551,1.747,14.204,23.284,1.639,7.556,16.635,2.202,0.794,1.351,4.395,3.253,9.66,0
2026-08-09T08:15:24Z,1.54,"20 km SSE of Lopez Point, CA",306.1,8.8,100.0,100sps,15.323,17.302,14.196,1.28,0.93,19.546,161.0,SSE,44.32,78.61,20.38,0,0.174,2.05,0,0,1.273,1.946,1.528,18.067,14.718,0.815,24.971,24.833,0.994,1.537,1.088,4.839,4.449,2.04,1
2026-08-09T07:06:45Z,0.46,"9 km WNW of Cobb, CA",46.7,2.2,100.0,100sps,18.569,15.248,18.469,2.06,0.99,38.268,337.8,NNW,8.06,13.91,6.94,0,0.361,2.026,0,0,1.395,1.35,0.968,15.888,19.448,1.224,32.22,35.548,1.103,0.878,1.242,1.874,1.509,9.69,0
2026-08-09T07:05:05Z,0.33,"9 km WNW of Cobb, CA",46.6,2.5,100.0,100sps,26.398,13.436,13.843,1.4,0.52,36.871,337.8,NNW,8.03,13.86,3.58,0,0.269,2.138,0,1,1.325,1.704,1.286,14.004,14.343,1.024,25.317,15.454,0.61,2.106,1.13,4.587,4.058,2.56,0
2026-08-09T06:56:54Z,1.82,"9 km WNW of Cobb, CA",46.8,2.3,100.0,100sps,28.088,24.264,25.419,1.3,0.9,36.598,337.9,NNW,8.06,13.91,20.67,0,8.262,0.646,0,0,1.808,1.494,0.826,25.102,26.315,1.048,42.002,43.303,1.031,0.802,1.537,2.137,1.39,8.44,0
2026-08-09T06:45:09Z,1.31,"5 km NNW of Pinnacles, CA",245.1,3.3,100.0,100sps,25.808,24.713,28.075,1.45,1.09,37.36,148.1,SSE,37.44,66.13,28.81,0,0.171,2.339,0,0,1.559,1.936,1.241,25.705,29.464,1.146,40.133,44.922,1.119,1.109,1.342,4.723,3.52,1.9,1
2026-08-09T06:25:47Z,0.86,"7 km ESE of Cloverdale, CA",47.0,5.1,100.0,100sps,11.87,21.901,23.259,2.75,1.96,32.67,323.5,NW,8.09,13.97,19.48,0,0.901,1.56,0,0,2.501,1.845,0.738,22.451,24.073,1.072,17.336,31.626,1.824,0.404,2.392,3.489,1.459,5.22,0
2026-08-09T06:03:23Z,0.75,"0 km E of Blackhawk, CA",94.7,9.5,100.0,100sps,6.987,6.01,7.753,2.07,1.11,14.452,138.0,SE,16.31,28.15,8.15,0,0.261,1.743,0,0,0.913,0.943,1.033,6.302,8.16,1.295,8.39,9.11,1.086,0.951,0.76,1.459,1.921,8.3,0
2026-08-09T05:30:40Z,1.18,"1 km E of Blackhawk, CA",94.9,9.5,100.0,100sps,8.361,8.476,10.759,2.32,1.29,19.424,137.9,SE,16.35,28.23,9.61,0,0.699,1.444,0,0,0.953,0.873,0.916,8.899,11.275,1.267,10.718,10.01,0.934,0.981,0.793,0.912,1.15,30.17,0
2026-08-09T05:28:27Z,0.97,"1 km E of Blackhawk, CA",95.0,10.0,100.0,100sps,9.208,12.477,8.535,1.34,0.93,12.316,137.8,SE,16.36,28.25,20.5,0,0.431,1.456,0,0,1.012,0.869,0.859,13.127,8.968,0.683,10.337,9.12,0.882,0.974,0.868,1.033,1.191,22.63,0
2026-08-09T04:49:00Z,0.88,"7 km SE of Cloverdale, CA",45.7,6.0,100.0,100sps,7.639,8.503,10.761,2.76,1.41,21.08,320.7,NW,7.87,13.58,4.31,0,0.979,1.333,0,0,0.924,0.953,1.032,8.905,11.525,1.294,9.803,11.341,1.157,0.892,0.768,1.008,1.311,25.06,0
2026-08-09T04:02:24Z,1.69,"4 km ESE of Interlaken, CA",188.2,11.6,100.0,100sps,9.313,9.235,9.086,1.51,0.98,14.028,153.8,SSE,29.37,51.77,18.63,0,0.706,1.298,0,0,0.955,0.997,1.044,9.792,9.592,0.98,9.941,14.414,1.45,0.72,0.816,1.394,1.708,18.73,1
2026-08-09T03:49:50Z,1.47,"1 km W of Pinnacles, CA",249.9,7.2,100.0,100sps,20.943,19.058,17.594,1.27,0.84,26.674,148.4,SSE,37.56,66.41,17.24,0,0.237,2.051,0,0,1.456,1.44,0.989,19.801,18.361,0.927,31.214,26.869,0.861,1.148,1.256,2.727,2.171,3.98,1
2026-08-09T03:30:26Z,1.27,"5 km NW of Dublin, CA",97.8,4.6,100.0,100sps,23.279,21.65,23.323,1.65,1.0,38.508,145.1,SE,16.86,29.1,13.33,0,0.822,1.671,0,0,1.526,1.832,1.2,22.423,24.24,1.081,37.484,39.416,1.052,1.142,1.249,3.742,2.995,2.99,0
2026-08-09T03:21:41Z,1.72,"16 km WNW of Petrolia, CA",267.6,17.5,100.0,100sps,30.572,32.114,31.996,1.82,1.05,55.78,324.3,NW,38.44,68.2,12.08,0,0.362,2.188,0,0,1.583,1.384,0.875,33.425,33.297,0.996,44.408,38.416,0.865,1.011,1.339,3.141,2.346,0.98,1
2026-08-09T02:51:23Z,1.51,"7 km SE of Redway, CA",207.6,23.9,100.0,100sps,22.812,25.793,29.243,2.03,1.28,46.372,331.9,NNW,30.28,53.63,17.62,0,0.384,2.082,0,0,1.194,1.021,0.855,26.868,30.852,1.148,45.768,44.526,0.973,0.879,0.999,1.335,1.336,15.61,1
2026-08-09T02:50:27Z,1.13,"7 km NW of The Geysers, CA",44.5,2.4,100.0,100sps,26.809,23.038,25.81,1.56,0.96,41.792,339.3,NNW,7.66,13.23,11.08,0,1.802,1.365,0,0,2.037,1.274,0.625,23.826,26.851,1.127,44.779,46.576,1.04,0.601,1.734,3.331,1.921,1.38,0
2026-08-09T02:41:19Z,2.54,"12 km SSW of Tres Pinos, CA",225.2,0.7,100.0,100sps,29.115,29.186,57.152,7.92,1.96,230.508,150.1,SSE,35.29,62.22,1.13,0,3.486,1.82,0,1,1.535,3.229,2.104,30.475,60.028,1.97,33.505,45.993,1.373,1.532,1.331,10.962,8.238,1.07,1
2026-08-09T02:36:41Z,1.3,"14 km S of Cantua Creek, CA",307.9,18.0,100.0,100sps,20.226,46.347,30.436,2.32,1.5,46.904,138.1,SE,43.38,77.09,18.7,0,0.099,2.676,0,0,2.252,1.551,0.689,48.49,31.611,0.652,36.471,30.595,0.839,0.821,2.017,2.871,1.423,8.16,1
2026-08-09T02:28:51Z,0.99,"7 km ESE of Cloverdale, CA",46.3,6.2,100.0,100sps,22.858,20.863,23.219,1.44,1.02,32.96,321.5,NW,7.98,13.78,19.25,0,1.237,1.426,0,0,1.853,1.644,0.887,21.929,24.222,1.105,38.615,42.697,1.106,0.802,1.622,3.84,2.367,1.68,0
2026-08-09T02:26:19Z,1.53,"1 km NNW of The Geysers, CA",38.8,1.8,100.0,100sps,32.49,25.266,21.651,1.01,0.67,32.925,342.1,NNW,6.69,11.56,13.14,0,5.394,0.786,0,0,2.304,1.471,0.639,26.303,22.752,0.865,38.396,36.161,0.942,0.678,2.006,3.4,1.695,1.28,0
2026-08-09T02:25:17Z,0.9,"1 km NNW of The Geysers, CA",38.9,2.1,100.0,100sps,32.385,32.325,21.107,0.87,0.65,28.15,342.2,NNW,6.71,11.59,21.57,0,1.259,1.349,0,0,1.484,1.643,1.107,33.795,21.913,0.648,41.346,39.586,0.957,1.156,1.314,2.931,2.231,4.77,0
2026-08-09T02:17:26Z,1.07,"6 km NNW of Pinnacles, CA",244.5,3.0,100.0,100sps,33.636,30.835,32.974,1.34,0.98,45.129,148.1,SSE,37.4,66.05,24.49,0,0.099,2.658,0,0,1.933,2.075,1.073,32.304,34.596,1.071,39.346,40.964,1.041,1.031,1.68,4.365,2.597,4.62,1
2026-08-09T02:04:23Z,1.24,"10 km NNE of San Simeon, CA",330.2,7.0,100.0,100sps,30.575,23.302,27.519,1.41,0.9,43.075,156.3,SSE,47.51,84.32,17.84,0,0.072,2.775,0,0,1.761,0.996,0.565,24.321,28.782,1.183,33.104,33.174,1.002,0.564,1.535,1.586,1.033,5.58,1
2026-08-09T01:11:52Z,0.93,"17 km SSE of Livermore, CA",130.0,6.6,100.0,100sps,25.486,24.812,24.195,1.46,0.95,37.127,140.4,SE,22.4,38.67,19.64,0,0.238,2.193,0,0,1.147,0.99,0.863,26.004,25.282,0.972,17.933,18.694,1.042,0.828,0.989,1.125,1.138,28.62,0
2026-08-09T00:32:12Z,1.3,"20 km WSW of Patterson, CA",163.2,7.2,100.0,100sps,22.676,29.003,23.313,1.5,1.03,34.084,135.6,SE,26.82,47.11,23.0,0,0.376,1.958,0,0,1.577,1.585,1.005,31.348,24.266,0.774,18.375,19.263,1.048,0.959,1.337,2.82,2.109,4.09,1
2026-08-09T00:28:13Z,1.56,"5 km WNW of The Geysers, CA",41.5,2.8,100.0,100sps,12.592,19.373,21.882,2.4,1.74,30.23,337.1,NNW,7.15,12.34,19.05,0,5.307,0.756,0,0,1.107,1.163,1.051,20.241,22.963,1.134,18.085,20.078,1.11,0.947,0.96,1.777,1.851,5.64,0
2026-08-09T00:02:31Z,1.37,"7 km WSW of Gilroy, CA",185.2,5.3,100.0,100sps,13.965,13.965,12.415,1.22,0.89,16.989,152.0,SSE,29.77,52.38,27.42,0,0.348,1.688,0,0,1.095,1.08,0.986,14.778,13.113,0.887,17.357,20.253,1.167,0.845,0.925,1.643,1.775,10.13,1
2026-08-08T23:58:47Z,2.77,"5 km NW of Pinnacles, CA",245.9,2.4,100.0,100sps,24.637,23.881,12.125,0.89,0.49,21.919,148.3,SSE,37.64,66.49,7.56,0,4.906,0.65,0,0,1.853,0.881,0.476,24.878,12.893,0.518,22.033,17.026,0.773,0.615,1.602,1.159,0.723,14.8,1
2026-08-08T23:51:03Z,2.09,"6 km NW of Pinnacles, CA",244.7,2.9,100.0,100sps,15.184,23.614,26.319,2.79,1.73,42.334,148.3,SSE,37.44,66.13,16.05,0,1.036,1.611,0,0,1.506,1.382,0.917,24.764,27.9,1.127,21.576,22.117,1.025,0.895,1.271,2.474,1.946,5.13,1
2026-08-08T23:47:44Z,0.67,"7 km NW of The Geysers, CA",44.5,2.4,100.0,100sps,12.148,9.549,12.004,1.31,0.99,15.944,339.1,NNW,7.66,13.23,21.33,0,0.624,1.407,0,0,1.152,1.156,1.003,10.05,12.566,1.25,15.108,21.479,1.422,0.706,1.006,1.852,1.841,3.77,0
2026-08-08T22:18:26Z,2.05,"2 km SSW of Alamo, CA",86.3,13.7,100.0,100sps,20.081,14.391,10.827,0.87,0.54,17.44,143.4,SE,14.86,25.65,12.75,0,5.986,0.464,0,0,1.123,1.537,1.369,15.034,11.276,0.75,14.172,13.634,0.962,1.423,0.937,2.473,2.639,9.14,0
2026-08-08T21:31:20Z,0.78,"6 km NW of The Geysers, CA",43.6,2.7,100.0,100sps,13.659,12.5,10.007,1.08,0.73,14.748,339.5,NNW,7.52,12.98,14.55,0,0.825,1.252,0,0,1.057,1.184,1.12,13.142,10.422,0.793,14.699,15.182,1.033,1.085,0.908,1.814,1.997,5.67,0
2026-08-08T21:27:26Z,1.02,"4 km NNW of The Geysers, CA",41.8,2.7,100.0,100sps,14.664,10.878,12.838,1.38,0.88,20.218,340.7,NNW,7.21,12.45,12.88,0,1.514,1.126,0,0,1.153,1.001,0.868,11.337,13.558,1.196,14.088,18.01,1.278,0.679,1.034,1.272,1.231,12.79,0
2026-08-08T21:26:55Z,1.54,"6 km NW of The Geysers, CA",43.6,2.4,100.0,100sps,14.615,13.199,11.226,1.12,0.77,16.354,339.5,NNW,7.51,12.96,17.04,0,4.758,0.536,0,0,1.075,1.44,1.34,13.913,11.648,0.837,15.492,15.249,0.984,1.361,0.926,2.353,2.541,6.58,0
2026-08-08T21:23:07Z,1.49,"30 km NW of Covelo, CA",188.2,8.0,100.0,100sps,13.447,16.287,13.801,1.42,1.03,19.122,338.0,NNW,29.82,52.51,23.31,0,0.445,1.633,0,0,1.344,1.4,1.042,17.199,14.506,0.843,20.297,15.426,0.76,1.371,1.191,3.487,2.927,1.48,1
2026-08-08T21:18:46Z,1.5,"5 km NNW of Pinnacles, CA",245.1,4.0,100.0,100sps,14.102,13.115,9.553,0.98,0.68,13.757,148.1,SSE,37.36,66.0,21.07,0,0.265,1.715,0,0,0.958,1.076,1.123,13.904,9.961,0.716,17.164,14.225,0.829,1.355,0.802,1.58,1.97,8.23,1
2026-08-08T21:13:23Z,0.77,"6 km WNW of The Geysers, CA",42.6,3.5,100.0,100sps,16.976,11.558,17.499,1.51,1.03,25.683,336.7,NNW,7.34,12.68,16.14,0,0.831,1.49,0,0,1.044,1.122,1.075,12.148,18.578,1.529,15.77,17.492,1.109,0.969,0.911,1.728,1.897,5.43,0
2026-08-08T20:42:46Z,0.26,"3 km ESE of The Geysers, CA",36.3,2.0,100.0,100sps,14.034,22.876,28.272,3.62,2.01,50.85,344.8,NNW,6.26,10.8,6.77,0,0.316,2.207,0,0,2.104,1.546,0.735,23.638,29.369,1.242,26.681,28.919,1.084,0.678,1.936,2.409,1.245,9.1,0
2026-08-08T20:20:02Z,0.41,"7 km NW of The Geysers, CA",44.8,1.9,100.0,100sps,91.307,11.181,15.436,0.32,0.17,29.034,338.1,NNW,7.73,13.35,6.29,0,0.34,1.931,0,1,1.135,1.123,0.99,11.764,16.181,1.375,12.654,20.498,1.62,0.611,0.973,1.969,2.024,4.35,0
2026-08-08T20:18:50Z,0.72,"12 km ENE of Cloverdale, CA",49.2,2.5,100.0,100sps,206.897,230.739,9.771,0.07,0.05,13.651,332.6,NNW,8.48,14.63,16.57,0,0.614,1.347,0,0,52.046,0.962,0.018,228.138,10.303,0.045,120.329,11.47,0.095,0.194,48.639,1.377,0.028,11.11,0
2026-08-08T20:17:08Z,0.24,"4 km NNW of The Geysers, CA",41.9,3.2,100.0,100sps,17.103,83.201,371.075,58.5,21.7,1000.587,340.7,NNW,7.22,12.46,3.16,0,0.251,3.601,1,1,17.467,83.929,4.805,81.857,366.786,4.481,34.565,192.154,5.559,0.864,17.912,167.343,9.343,4.58,0
2026-08-08T20:15:42Z,1.1,"30 km NW of Covelo, CA",188.1,8.2,100.0,100sps,16.081,216.325,80.524,10.15,5.01,163.208,338.1,NNW,29.78,52.46,4.0,0,0.182,2.954,1,1,38.767,17.026,0.439,216.091,79.086,0.366,117.865,38.112,0.323,1.358,38.138,33.517,0.879,6.99,1
2026-08-08T20:03:33Z,0.74,"22 km NW of Parkfield, CA",322.5,1.1,100.0,100sps,15.373,13.54,14.461,1.31,0.94,20.077,145.8,SE,47.27,83.77,26.18,0,0.024,2.918,0,0,1.055,1.442,1.367,14.332,15.212,1.061,21.24,26.11,1.229,1.112,0.935,2.82,3.016,4.71,1
2026-08-08T19:37:15Z,0.14,"2 km NNW of The Geysers, CA",40.6,3.6,100.0,100sps,17.287,24.465,10.498,0.76,0.61,13.141,342.3,NNW,7.0,12.08,20.61,0,0.207,1.802,0,0,1.448,0.939,0.648,25.556,11.171,0.437,20.347,12.236,0.601,1.078,1.276,1.37,1.074,7.74,0
2026-08-08T19:35:47Z,1.17,"22 km WSW of New Idria, CA",283.4,5.0,100.0,100sps,15.95,23.503,14.425,2.07,0.9,33.094,146.6,SSE,41.97,74.31,2.74,0,0.089,2.568,0,0,4.571,1.139,0.249,23.837,15.261,0.64,31.843,13.745,0.432,0.577,4.475,1.854,0.414,8.82,1
2026-08-08T19:30:42Z,1.84,"4 km NW of The Geysers, CA",41.7,2.8,100.0,100sps,13.177,15.758,15.891,1.58,1.21,20.809,340.6,NNW,7.18,12.39,21.23,0,10.058,0.316,0,0,3.864,1.478,0.383,16.286,16.904,1.038,15.045,14.109,0.938,0.408,3.315,2.427,0.732,6.88,0
2026-08-08T18:57:56Z,0.69,"5 km NW of Dublin, CA",98.0,4.7,100.0,100sps,14.263,12.837,13.445,1.5,0.94,21.34,145.0,SE,16.89,29.15,14.6,0,0.216,1.996,0,0,1.003,0.917,0.915,13.657,14.329,1.049,14.678,19.401,1.322,0.692,0.848,1.012,1.193,29.26,0
2026-08-08T17:58:51Z,0.76,"6 km E of Pistol River, Oregon",449.1,6.3,100.0,100sps,15.667,10.486,14.874,1.69,0.95,26.421,341.9,NNW,62.31,110.91,11.65,0,0.01,3.416,0,0,1.004,1.707,1.701,11.022,15.79,1.433,10.679,15.427,1.445,1.177,0.86,4.704,5.468,1.05,1
2026-08-08T17:13:22Z,0.73,"10 km WNW of The Geysers, CA",45.9,2.7,100.0,100sps,11.983,13.282,14.166,1.75,1.18,20.919,333.9,NNW,7.91,13.66,17.17,0,0.689,1.482,0,1,1.787,1.126,0.63,13.852,15.14,1.093,15.216,23.469,1.542,0.408,1.638,1.667,1.018,6.25,0
2026-08-08T16:48:53Z,0.39,"4 km W of Cobb, CA",43.4,2.0,100.0,100sps,11.649,17.856,13.59,1.51,1.17,17.551,343.3,NNW,7.48,12.91,22.47,0,0.339,1.715,0,0,1.218,1.926,1.582,19.086,14.283,0.748,17.698,15.107,0.854,1.853,1.076,3.749,3.484,5.48,0
2026-08-08T16:33:17Z,1.84,"25 km W of Petrolia, CA",265.7,10.2,100.0,100sps,15.693,17.79,13.824,1.29,0.88,20.229,321.4,NW,39.13,69.31,20.44,0,0.485,1.62,0,0,2.037,1.913,0.939,18.115,14.162,0.782,16.141,13.314,0.825,1.139,1.943,5.93,3.052,1.07,1
2026-08-08T16:11:57Z,1.83,"12 km SE of Pinnacles, CA",262.8,7.1,100.0,100sps,14.596,11.269,10.798,1.14,0.74,16.7,147.6,SSE,39.15,69.29,18.21,0,0.486,1.536,0,0,0.961,0.986,1.026,11.881,11.41,0.96,11.498,14.502,1.261,0.814,0.815,1.645,2.018,7.89,1
2026-08-08T15:33:22Z,3.16,"31 km NNW of Covelo, CA",189.6,8.7,100.0,100sps,11.3,10.663,12.595,1.9,1.11,21.471,338.2,NNW,29.9,52.68,13.6,0,20.535,0.019,0,0,1.124,1.048,0.932,11.22,13.379,1.192,11.213,17.149,1.529,0.61,0.968,1.723,1.78,6.43,1
2026-08-08T15:10:30Z,0.23,"6 km NW of The Geysers, CA",43.9,3.6,100.0,100sps,11.985,9.739,9.646,1.1,0.8,13.149,339.8,NNW,7.56,13.04,21.02,0,0.231,1.755,0,0,1.018,1.01,0.993,10.284,10.207,0.992,10.818,12.428,1.149,0.864,0.875,1.276,1.458,14.36,0
2026-08-08T14:44:59Z,1.04,"22 km NE of San Lucas, CA",291.3,8.3,100.0,100sps,8.488,8.754,15.909,4.85,1.87,41.19,146.6,SSE,42.54,75.4,4.71,0,0.062,2.822,0,1,1.004,1.629,1.622,9.254,17.315,1.871,9.521,14.374,1.51,1.075,0.854,4.176,4.888,2.04,1
2026-08-08T13:46:35Z,0.96,"8 km E of Alum Rock, CA",144.1,3.7,100.0,100sps,8.215,6.066,10.681,3.37,1.3,27.648,147.0,SSE,24.84,42.88,4.44,0,0.214,2.111,0,1,0.999,1.086,1.087,6.351,11.011,1.734,7.922,10.594,1.337,0.813,0.838,1.922,2.294,4.93,0
2026-08-08T13:24:02Z,0.31,"2 km NNE of The Geysers, CA",39.7,4.2,100.0,100sps,8.923,4.389,33.577,6.18,3.76,55.122,343.3,NNW,6.84,11.8,11.71,0,0.316,2.242,1,1,0.904,1.094,1.211,4.497,35.703,7.94,5.012,25.035,4.995,0.242,0.762,1.56,2.047,9.06,0
2026-08-08T13:18:50Z,0.41,"8 km SSW of Mammoth Lakes, CA",332.1,3.1,100.0,100sps,14.167,8.608,10.976,1.35,0.77,19.084,106.1,ESE,48.22,85.52,12.01,0,0.011,3.258,0,0,0.907,0.952,1.05,9.229,11.643,1.262,9.596,9.781,1.019,1.03,0.775,1.076,1.387,26.49,1
2026-08-08T12:58:09Z,0.88,"7 km ESE of Cloverdale, CA",46.1,5.8,100.0,100sps,6.046,9.935,3.993,1.23,0.66,7.421,321.7,NW,7.95,13.72,7.2,0,0.966,0.886,0,0,0.923,0.92,0.997,10.463,4.114,0.393,10.045,4.382,0.436,2.286,0.772,1.171,1.516,13.1,0
2026-08-08T11:54:18Z,0.69,"2 km SW of Anderson Springs, CA",34.9,1.6,100.0,100sps,5.576,3.767,3.007,0.67,0.54,3.755,347.5,NNW,6.02,10.39,22.73,0,0.892,0.624,0,0,0.971,0.906,0.932,3.807,2.982,0.783,5.333,4.211,0.79,1.181,0.808,0.992,1.228,23.04,0
2026-08-08T11:49:25Z,1.77,"2 km SW of Alamo, CA",86.1,13.3,100.0,100sps,3.638,3.341,3.521,1.3,0.97,4.73,143.5,SE,14.82,25.59,25.14,0,3.152,0.176,0,0,0.908,0.93,1.025,3.346,3.536,1.056,5.593,4.627,0.827,1.238,0.744,1.228,1.649,16.02,0
2026-08-08T11:25:45Z,1.65,"7 km ESE of Pistol River, Oregon",447.6,4.0,100.0,100sps,3.203,2.887,3.752,2.19,1.17,7.025,342.0,NNW,62.39,111.01,8.33,0,0.08,1.946,0,0,0.865,0.933,1.079,2.872,3.798,1.323,3.817,3.964,1.039,1.039,0.718,1.268,1.765,13.91,1
2026-08-08T11:21:18Z,0.19,"7 km WNW of Cobb, CA",45.5,2.1,100.0,100sps,4.052,4.38,4.937,2.05,1.22,8.29,340.4,NNW,7.85,13.55,8.21,0,0.201,1.616,0,0,0.916,0.998,1.09,4.513,5.081,1.126,4.812,4.881,1.014,1.075,0.764,1.274,1.668,15.14,0
2026-08-08T11:15:30Z,2.75,"103 km WNW of Ferndale, CA",359.6,10.0,100.0,100sps,3.67,8.703,3.83,1.77,1.04,6.501,318.6,NW,50.77,90.24,13.17,0,1.873,0.54,0,0,0.925,0.873,0.944,9.15,3.919,0.428,11.283,4.348,0.385,2.449,0.761,1.039,1.366,29.93,1
2026-08-08T10:33:27Z,2.03,"5 km E of Hidden Valley Lake, CA",42.3,8.5,100.0,100sps,4.384,6.345,15.036,7.98,3.43,34.979,15.1,NNE,7.29,12.58,4.52,1,15.255,0.36,1,1,0.966,3.176,3.288,6.809,14.72,2.162,5.774,5.795,1.004,3.276,0.794,5.679,7.157,9.78,0
2026-08-08T10:18:32Z,0.97,"6 km ESE of Pistol River, Oregon",447.8,7.7,100.0,100sps,3.845,6.268,5.169,2.62,1.34,10.075,341.8,NNW,61.97,110.32,10.07,0,0.017,2.783,0,0,0.878,0.877,0.999,6.441,5.422,0.842,5.454,5.289,0.97,1.031,0.725,1.074,1.481,24.7,1
2026-08-08T09:34:05Z,0.96,"11 km ENE of Milpitas, CA",129.7,4.7,100.0,100sps,3.836,4.471,8.351,5.91,2.18,22.679,146.2,SE,22.36,38.59,2.71,0,0.256,1.947,1,1,0.921,0.864,0.938,4.573,8.681,1.898,5.546,8.024,1.447,0.648,0.773,1.041,1.346,25.55,0
2026-08-08T08:48:47Z,0.97,"7 km ESE of Cloverdale, CA",46.0,5.7,100.0,100sps,23.529,26.858,23.082,1.71,0.98,40.329,321.6,NW,7.92,13.67,7.12,0,1.194,1.529,0,0,3.847,1.134,0.295,27.727,24.047,0.867,16.378,13.825,0.844,0.349,3.338,1.711,0.513,7.42,0
2026-08-08T08:36:49Z,1.64,"7 km NW of The Geysers, CA",45.1,2.0,100.0,100sps,21.732,22.493,21.591,1.46,0.99,31.628,338.2,NNW,7.77,13.41,17.44,0,5.724,0.742,0,0,2.021,1.026,0.508,23.403,22.48,0.961,14.706,14.864,1.011,0.502,1.672,1.505,0.9,4.94,0
2026-08-08T08:26:34Z,0.73,"5 km NNW of The Geysers, CA",43.5,2.5,100.0,100sps,7.154,15.19,8.527,3.99,1.19,28.549,340.5,NNW,7.5,12.95,1.31,0,0.738,1.588,0,1,0.975,1.027,1.053,16.214,8.893,0.548,12.104,9.478,0.783,1.345,0.832,2.182,2.623,2.39,0
2026-08-08T08:13:44Z,0.79,"7 km SSW of Tres Pinos, CA",222.0,1.9,100.0,100sps,7.053,6.948,5.876,1.33,0.83,9.409,149.3,SSE,34.75,61.27,16.07,0,0.064,2.169,0,0,1.066,1.003,0.941,7.229,5.908,0.817,7.699,5.607,0.728,1.292,0.941,1.419,1.507,15.02,1
2026-08-08T07:55:52Z,0.74,"8 km NW of The Geysers, CA",45.2,2.2,100.0,100sps,5.465,5.938,4.958,1.23,0.91,6.748,338.0,NNW,7.79,13.45,17.63,0,0.718,0.973,0,0,1.113,1.059,0.952,6.056,5.134,0.848,5.853,5.987,1.023,0.93,0.991,1.68,1.694,8.8,0
2026-08-08T07:53:42Z,1.49,"8 km NW of The Geysers, CA",45.2,2.0,100.0,100sps,5.888,8.736,6.257,1.73,1.06,10.187,338.1,NNW,7.78,13.42,12.44,0,4.041,0.402,0,1,1.011,1.04,1.029,9.114,6.408,0.703,8.152,5.442,0.668,1.541,0.874,1.5,1.715,10.88,0
2026-08-08T07:11:50Z,0.69,"4 km E of Pinnacles, CA",253.2,5.9,100.0,100sps,32.441,37.796,28.347,1.37,0.87,44.585,147.3,SSE,38.12,67.4,17.5,0,0.038,3.066,0,0,2.058,5.024,2.441,39.372,29.444,0.748,42.205,35.907,0.851,2.869,1.835,18.086,9.856,1.03,1
2026-08-08T06:49:10Z,1.25,"5 km SE of Redwood Valley, CA",99.4,-0.6,100.0,100sps,20.383,21.426,24.41,3.52,1.2,71.728,331.9,NNW,17.14,29.58,2.45,0,0.766,1.971,0,1,1.009,1.333,1.322,22.595,25.723,1.138,24.922,25.635,1.029,1.285,0.857,3.048,3.556,1.68,0
2026-08-08T06:44:16Z,0.86,"4 km W of The Geysers, CA",39.2,3.1,100.0,100sps,27.002,24.75,6.967,0.42,0.26,11.42,336.9,NNW,6.75,11.65,9.59,0,1.14,1.001,0,0,1.606,0.958,0.596,25.797,7.236,0.281,30.851,12.295,0.399,1.496,1.394,1.241,0.891,13.53,0
2026-08-08T05:51:05Z,1.73,"7 km WNW of San Ardo, CA",306.2,12.2,100.0,100sps,27.887,28.263,28.374,2.09,1.02,58.189,151.1,SSE,43.89,77.9,6.82,0,0.27,2.334,0,0,2.673,1.161,0.434,29.55,29.853,1.01,31.298,32.11,1.026,0.423,2.216,1.996,0.901,4.11,1
2026-08-08T05:07:05Z,0.73,"6 km WNW of Cobb, CA",45.2,1.8,100.0,100sps,16.785,13.071,20.284,2.49,1.21,41.723,340.7,NNW,7.8,13.46,7.61,0,0.701,1.774,0,1,1.125,1.614,1.434,13.807,21.358,1.547,21.263,28.859,1.357,1.057,0.983,2.741,2.789,4.67,0
2026-08-08T04:58:41Z,0.69,"6 km WNW of Cobb, CA",45.2,1.8,100.0,100sps,20.994,24.713,10.994,1.03,0.52,21.643,340.7,NNW,7.78,13.43,4.29,0,0.641,1.528,0,0,1.26,1.072,0.851,26.432,11.572,0.438,32.218,12.583,0.391,2.18,1.099,2.022,1.84,2.35,0
2026-08-08T04:18:23Z,0.72,"8 km WNW of Cobb, CA",46.0,1.8,100.0,100sps,23.902,23.024,23.549,1.67,0.99,39.917,339.1,NNW,7.93,13.69,9.63,0,0.67,1.775,0,0,1.264,1.452,1.148,24.244,24.816,1.024,34.36,30.699,0.893,1.285,1.07,2.72,2.542,4.13,0
2026-08-08T04:11:51Z,0.84,"7 km NW of Pinnacles, CA",244.0,2.2,100.0,100sps,34.536,35.335,32.829,1.54,0.95,53.118,148.3,SSE,37.43,66.09,14.02,0,0.059,2.957,0,0,3.589,1.887,0.526,36.679,34.287,0.935,37.071,35.547,0.959,0.548,3.099,3.814,1.231,4.98,1
2026-08-08T03:36:22Z,0.27,"8 km WNW of Cobb, CA",45.9,1.5,100.0,100sps,15.835,15.628,18.295,1.65,1.16,26.07,339.3,NNW,7.9,13.65,16.07,0,0.239,2.038,0,0,1.256,0.897,0.714,16.429,19.321,1.176,24.561,26.979,1.098,0.65,1.051,1.101,1.047,17.48,0
2026-08-08T03:10:21Z,0.9,"8 km ESE of Cloverdale, CA",45.5,4.4,100.0,100sps,19.028,25.928,31.323,2.49,1.65,47.339,322.9,NW,7.84,13.53,14.04,0,1.03,1.662,0,0,1.783,2.86,1.604,27.423,32.922,1.201,119.428,34.67,0.29,5.525,1.576,7.842,4.977,1.04,0
2026-08-08T03:08:40Z,1.05,"4 km WSW of The Geysers, CA",38.6,3.7,100.0,100sps,17.007,19.559,28.442,3.25,1.67,55.334,336.1,NNW,6.66,11.49,4.71,0,1.797,1.488,0,1,1.144,0.954,0.835,20.446,29.943,1.464,28.181,191.37,6.791,0.123,0.985,1.237,1.255,16.01,0
2026-08-08T02:52:40Z,0.97,"9 km ENE of Lopez Point, CA",284.5,4.1,100.0,100sps,26.669,27.192,24.96,1.43,0.94,38.162,158.9,SSE,42.22,74.75,19.47,0,0.056,2.834,0,0,2.248,1.31,0.583,29.286,26.723,0.912,36.257,33.553,0.925,0.63,1.947,2.474,1.27,5.13,1
2026-08-08T02:38:16Z,1.15,"2 km S of Redwood Valley, CA",101.6,5.5,100.0,100sps,31.489,31.986,33.481,2.33,1.06,73.312,330.4,NNW,17.52,30.24,4.35,0,0.588,2.096,0,0,1.405,1.994,1.419,34.07,36.219,1.063,38.67,39.848,1.03,1.377,1.249,5.125,4.102,1.45,0
2026-08-08T02:37:47Z,1.56,"6 km E of Pistol River, Oregon",448.9,6.1,100.0,100sps,32.389,31.605,36.729,2.26,1.13,73.312,341.9,NNW,62.29,110.88,7.93,0,0.064,3.058,0,0,1.391,2.724,1.959,33.76,38.879,1.152,39.713,42.704,1.075,1.822,1.232,5.549,4.504,6.13,1
2026-08-08T02:35:56Z,1.06,"6 km ENE of Hidden Valley Lake, CA",43.4,8.3,100.0,100sps,34.589,27.236,38.008,1.51,1.1,52.18,16.0,NNE,7.48,12.91,19.56,0,1.582,1.518,0,1,2.723,2.583,0.948,28.962,39.651,1.369,34.677,40.468,1.167,0.813,2.33,4.486,1.925,6.69,0
2026-08-08T01:44:54Z,1.13,"4 km W of The Geysers, CA",39.0,3.0,100.0,100sps,22.135,20.469,26.154,2.21,1.18,48.85,336.9,NNW,6.73,11.61,4.79,0,2.133,1.36,0,0,1.055,0.868,0.823,22.195,27.683,1.247,30.317,32.234,1.063,0.774,0.891,0.907,1.017,24.77,0
2026-08-08T01:27:24Z,0.44,"3 km SE of Pacifica, CA",96.3,7.0,100.0,100sps,18.555,29.823,25.296,2.06,1.36,38.271,171.5,S,16.6,28.65,17.84,0,0.124,2.488,0,0,1.498,2.084,1.391,31.051,26.284,0.847,25.908,26.624,1.028,1.354,1.292,4.626,3.581,3.33,0
2026-08-07T23:34:10Z,1.47,"3 km NE of Fremont, CA",115.1,6.5,100.0,100sps,28.046,28.859,30.793,1.49,1.1,41.698,149.4,SSE,19.84,34.24,28.41,0,1.008,1.616,0,0,3.317,1.821,0.549,30.028,32.065,1.068,32.944,32.574,0.989,0.555,2.894,4.841,1.673,2.01,0
2026-08-07T22:45:40Z,0.78,"6 km WNW of Cobb, CA",45.6,2.0,100.0,100sps,21.625,22.942,21.72,1.58,1.0,34.068,340.8,NNW,7.85,13.55,10.5,0,0.78,1.64,0,0,1.756,1.848,1.053,24.338,23.107,0.949,31.435,27.544,0.876,1.201,1.564,3.056,1.954,5.55,0
2026-08-07T22:39:42Z,0.23,"8 km NW of The Geysers, CA",45.2,2.4,100.0,100sps,28.378,26.197,20.568,1.02,0.72,28.884,337.3,NNW,7.79,13.45,18.29,0,0.222,2.114,0,0,1.725,1.613,0.935,27.539,21.533,0.782,34.51,28.138,0.815,1.147,1.488,3.703,2.488,2.94,0
2026-08-07T22:12:17Z,0.76,"7 km W of Cobb, CA",45.3,1.9,100.0,100sps,34.656,29.274,34.814,1.49,1.0,51.654,339.8,NNW,7.8,13.47,14.7,0,0.751,1.837,0,0,1.554,2.815,1.811,30.761,36.487,1.186,34.898,38.818,1.112,1.628,1.384,5.414,3.911,7.15,0
2026-08-07T21:40:34Z,0.55,"8 km ESE of Cloverdale, CA",45.6,4.6,100.0,100sps,27.344,24.183,32.006,1.78,1.17,48.579,322.9,NW,7.87,13.58,14.69,0,0.458,2.025,0,0,1.405,3.06,2.178,25.398,33.439,1.317,31.326,38.235,1.221,1.785,1.254,6.839,5.453,2.64,0
2026-08-07T21:22:37Z,0.12,"7 km W of Cobb, CA",45.2,1.8,100.0,100sps,15.369,14.845,17.794,1.72,1.16,26.505,339.1,NNW,7.8,13.46,12.07,0,0.172,2.187,0,0,1.587,3.023,1.904,15.724,18.475,1.175,30.697,36.072,1.175,1.621,1.451,10.433,7.188,1.09,0
2026-08-07T20:46:59Z,1.7,"36 km N of Benton, California",369.6,0.9,100.0,100sps,11.041,12.384,10.138,1.28,0.92,14.174,94.0,E,53.13,94.3,24.38,0,0.155,1.961,0,0,2.314,1.316,0.569,12.906,10.655,0.826,20.218,16.371,0.81,0.702,2.076,1.93,0.93,13.01,1
2026-08-07T20:39:14Z,1.41,"6 km NW of The Geysers, CA",43.6,2.7,100.0,100sps,9.969,15.45,13.234,1.91,1.33,19.075,339.7,NNW,7.52,12.98,17.44,0,3.518,0.734,0,0,2.409,1.853,0.769,15.74,13.716,0.871,21.302,25.976,1.219,0.631,2.367,2.492,1.053,14.47,0
2026-08-07T20:18:26Z,1.01,"10 km ESE of Coalinga, CA",335.0,5.6,100.0,100sps,12.999,10.119,16.07,2.28,1.24,29.591,140.7,SE,48.28,85.67,9.01,0,0.041,2.858,0,1,1.709,1.766,1.033,10.544,16.492,1.564,20.05,25.394,1.267,0.816,1.6,4.041,2.526,5.21,1
2026-08-07T20:15:55Z,1.86,"9 km ESE of Coalinga, CA",334.0,7.1,100.0,100sps,10.324,16.546,8.687,1.21,0.84,12.541,140.6,SE,47.97,85.15,24.48,0,0.293,1.632,0,0,3.044,1.42,0.467,16.99,9.071,0.534,25.911,21.095,0.814,0.573,2.968,2.751,0.927,3.39,1
2026-08-01T05:29:08Z,1.25,"5 km NNW of Redwood Valley, CA",108.4,1.5,100.0,100sps,132.352,131.503,133.169,1.6,1.01,212.273,331.6,NNW,18.69,32.26,11.6,0,0.669,2.502,0,0,92.898,92.681,0.998,88.765,90.947,1.025,30.889,31.215,1.011,0.987,89.843,141.666,1.577,14.12,0
2026-08-01T05:15:18Z,1.29,"8 km ESE of Cloverdale, CA",45.9,6.4,100.0,100sps,253.133,134.745,125.053,0.75,0.49,190.928,322.8,NW,7.9,13.64,10.83,0,2.502,1.883,0,0,99.05,84.268,0.851,87.08,87.728,1.007,29.998,30.667,1.022,0.832,92.371,120.186,1.301,14.97,0
2026-08-01T05:09:45Z,1.8,"10 km ESE of Willits, CA",115.7,5.6,100.0,100sps,134.436,138.352,160.018,1.65,1.19,222.462,332.2,NNW,19.95,34.43,18.88,0,2.137,2.017,0,0,98.017,122.523,1.25,93.11,98.273,1.055,31.853,33.712,1.058,1.181,94.015,189.043,2.011,13.54,0
2026-08-01T04:33:32Z,1.22,"7 km WSW of Gilroy, CA",186.1,5.3,100.0,100sps,467.925,370.008,160.991,0.84,0.34,391.917,151.8,SSE,29.9,52.61,2.27,0,0.244,3.205,0,1,316.578,126.802,0.401,180.375,93.738,0.52,54.254,32.935,0.607,0.66,241.244,278.575,1.155,2.33,1
2026-08-01T04:25:15Z,1.29,"3 km N of Redwood Valley, CA",106.3,6.2,100.0,100sps,124.495,124.334,789.429,18.88,6.34,2350.844,331.7,NNW,18.32,31.62,2.02,0,0.756,3.493,1,1,88.233,722.345,8.187,82.059,276.35,3.368,28.848,80.775,2.8,2.924,85.689,2109.456,24.618,1.1,0
2026-08-01T02:52:04Z,0.31,"2 km ESE of The Geysers, CA",37.1,1.4,100.0,100sps,144.593,552.04,149.407,1.88,1.03,272.062,344.1,NNW,6.4,11.04,6.34,0,0.344,2.898,0,1,420.943,105.896,0.252,342.401,98.836,0.289,399.611,33.421,0.084,3.008,352.782,205.654,0.583,2.87,0
2026-08-01T02:47:29Z,2.18,"35 km WNW of Petrolia, CA",282.7,23.6,100.0,100sps,332.485,124.152,145.184,0.69,0.44,227.886,321.8,NW,39.64,70.45,12.86,0,0.92,2.394,0,0,89.48,105.097,1.175,81.434,92.856,1.14,29.745,31.717,1.066,1.102,84.91,185.576,2.186,8.43,1
2026-08-01T02:32:25Z,1.24,"13 km SE of Middletown, CA",28.8,6.2,100.0,100sps,506.422,819.135,128.047,0.38,0.25,194.788,22.4,NNE,4.96,8.55,8.88,0,4.028,1.685,0,0,691.83,91.004,0.132,394.102,85.304,0.216,91.208,29.39,0.322,0.408,563.191,133.909,0.238,12.27,0
2026-08-01T02:01:16Z,1.65,"25 km NW of McArthur, CA",322.3,7.0,100.0,100sps,127.509,664.797,153.263,1.86,1.2,237.374,15.8,NNE,46.54,82.56,15.91,0,0.198,3.08,0,0,565.038,112.317,0.199,309.431,98.205,0.317,91.426,33.171,0.363,0.548,465.176,165.409,0.356,15.1,1
2026-08-01T01:35:34Z,1.05,"7 km NW of The Geysers, CA",44.4,2.3,100.0,100sps,668.082,707.021,752.438,2.41,1.13,1612.955,338.7,NNW,7.65,13.21,4.29,0,1.502,3.031,0,1,598.412,614.372,1.027,355.361,383.406,1.079,103.478,126.828,1.226,0.838,496.156,1187.335,2.393,4.05,0
2026-08-01T00:49:43Z,1.04,"9 km WNW of Cobb, CA",46.7,1.9,100.0,100sps,817.114,150.426,134.768,0.23,0.16,184.825,337.8,NNW,8.05,13.9,14.0,0,1.373,2.129,0,0,112.451,104.09,0.926,93.677,80.502,0.859,31.775,29.691,0.934,0.991,104.945,159.078,1.516,10.02,0
2026-08-01T00:21:25Z,0.75,"7 km ESE of Cloverdale, CA",46.2,5.3,100.0,100sps,144.18,154.437,296.44,4.36,2.06,629.143,321.4,NW,7.96,13.74,2.89,0,0.715,2.945,0,1,114.73,245.581,2.141,97.552,144.937,1.486,31.856,46.004,1.444,1.482,106.032,575.677,5.429,1.57,0
2026-07-31T23:46:46Z,0.73,"7 km ESE of Cloverdale, CA",45.8,4.8,100.0,100sps,152.257,147.978,146.214,1.31,0.96,199.175,321.8,NW,7.89,13.62,12.32,0,0.69,2.46,0,0,102.904,102.286,0.994,100.15,98.26,0.981,34.746,35.222,1.014,0.981,98.593,147.418,1.495,13.32,0
2026-07-31T22:54:47Z,1.14,"5 km SSW of Tres Pinos, CA",221.6,8.6,100.0,100sps,3.876,3.681,3.914,1.5,1.01,5.798,148.7,SSE,33.88,59.83,18.8,0,0.143,1.607,0,0,1.047,1.112,1.062,3.672,3.881,1.057,4.383,4.723,1.078,0.985,0.929,1.708,1.837,12.81,1
2026-07-31T22:39:58Z,1.71,"4 km ESE of Lake Pillsbury, CA",108.6,12.1,100.0,100sps,3.904,4.005,4.015,1.68,1.03,6.56,346.5,NNW,18.71,32.29,11.79,0,1.923,0.533,0,0,1.042,1.093,1.049,4.096,4.133,1.009,4.454,4.7,1.055,0.994,0.928,1.701,1.833,10.39,0
2026-07-31T21:27:00Z,0.26,"7 km NW of The Geysers, CA",44.4,3.7,100.0,100sps,3.743,2.863,3.03,2.25,0.81,8.432,338.4,NNW,7.64,13.19,1.5,0,0.244,1.539,0,0,1.088,1.146,1.052,2.743,2.878,1.049,4.087,3.795,0.928,1.134,0.98,1.375,1.402,16.42,0
2026-07-31T21:25:19Z,1.5,"6 km SSE of Humboldt, Nevada",444.3,14.2,100.0,100sps,3.681,3.827,2.806,2.29,0.76,8.431,57.0,ENE,60.73,108.22,1.5,0,0.058,2.165,0,0,1.156,1.025,0.886,3.801,2.678,0.704,4.301,3.98,0.925,0.958,1.035,1.374,1.328,16.96,1
2026-07-31T20:13:13Z,0.59,"2 km NE of Pacifica, CA",92.8,6.9,100.0,100sps,3.16,2.94,3.948,2.06,1.25,6.505,171.7,S,15.99,27.61,11.79,0,0.186,1.544,0,0,0.999,0.984,0.986,2.845,3.967,1.394,2.322,2.655,1.144,0.862,0.881,1.277,1.45,19.38,0
2026-07-31T20:02:42Z,2.92,"11 km ESE of Gilroy, CA",194.6,5.0,100.0,100sps,3.558,7.656,3.441,1.63,0.97,5.782,147.8,SSE,30.98,54.55,12.13,0,11.226,-0.288,0,0,1.093,1.148,1.05,7.863,3.34,0.425,8.171,6.18,0.756,1.388,0.949,1.602,1.688,19.65,0
2026-07-31T19:22:38Z,0.15,"6 km WNW of Cobb, CA",45.2,2.1,100.0,100sps,3.53,3.836,3.489,1.61,0.99,5.689,341.4,NNW,7.79,13.45,9.08,0,0.185,1.488,0,0,1.019,1.022,1.003,3.885,3.499,0.9,2.452,2.52,1.028,0.976,0.905,1.424,1.574,11.97,0
2026-07-31T19:19:04Z,0.22,"4 km W of Cobb, CA",43.6,2.3,100.0,100sps,4.579,3.681,2.879,1.05,0.63,4.826,343.1,NNW,7.53,13.0,8.85,0,0.227,1.327,0,0,0.969,0.924,0.954,3.727,2.803,0.752,2.334,2.319,0.994,0.96,0.857,1.112,1.297,17.43,0
2026-07-31T19:05:28Z,0.91,"7 km NNW of Round Valley, CA",367.0,14.2,100.0,100sps,3.994,4.128,4.315,2.38,1.08,9.522,106.2,ESE,51.17,91.03,3.35,0,0.026,2.57,0,1,1.0,1.189,1.189,4.229,4.393,1.039,2.495,2.633,1.055,1.126,0.874,1.452,1.661,27.37,1
2026-07-31T18:25:57Z,1.02,"6 km W of Cobb, CA",44.5,1.6,100.0,100sps,4.054,3.59,6.976,3.16,1.72,12.792,340.8,NNW,7.67,13.24,9.04,0,1.398,0.961,0,1,0.978,1.013,1.036,3.626,7.391,2.038,2.229,3.445,1.546,0.67,0.833,1.34,1.608,17.47,0
2026-07-31T17:59:36Z,0.74,"4 km W of The Geysers, CA",39.0,3.4,100.0,100sps,3.898,4.885,4.523,1.78,1.16,6.943,336.7,NNW,6.73,11.61,9.94,0,0.868,0.903,0,1,1.108,1.428,1.288,5.079,4.417,0.87,2.755,3.335,1.21,1.064,0.985,1.768,1.795,20.28,0
2026-07-31T17:18:55Z,0.21,"7 km W of Cobb, CA",45.0,2.2,100.0,100sps,4.784,4.016,3.659,1.93,0.76,9.247,339.8,NNW,7.75,13.38,1.82,0,0.213,1.637,0,1,1.07,1.035,0.967,4.081,3.693,0.905,2.566,2.5,0.975,0.993,0.962,1.589,1.651,7.86,0
2026-07-31T17:01:34Z,1.02,"8 km ESE of Cloverdale, CA",45.8,6.1,100.0,100sps,4.041,3.267,4.831,1.77,1.2,7.142,323.4,NW,7.9,13.64,13.66,0,1.344,0.725,0,0,1.076,1.524,1.416,3.228,4.681,1.45,2.584,3.506,1.357,1.043,0.986,2.448,2.482,11.33,0
2026-07-31T16:30:13Z,1.75,"8 km ESE of Sparks, Nevada",282.1,2.7,100.0,100sps,3.988,4.6,2.964,1.4,0.74,5.564,64.3,ENE,42.09,74.48,6.63,0,0.344,1.209,0,0,1.326,1.164,0.878,4.537,2.789,0.615,2.753,2.145,0.779,1.126,1.238,1.628,1.315,19.42,1
2026-07-31T16:20:50Z,0.95,"8 km ESE of Cloverdale, CA",45.8,5.4,100.0,100sps,3.693,4.378,4.067,2.7,1.1,9.984,323.4,NW,7.89,13.63,1.16,0,1.146,0.94,0,1,1.122,1.063,0.947,4.474,4.154,0.928,2.627,2.661,1.013,0.935,1.009,1.22,1.209,22.54,0
2026-07-31T16:16:32Z,1.06,"6 km WNW of Cobb, CA",45.3,2.1,100.0,100sps,3.31,4.07,2.674,1.27,0.81,4.192,340.8,NNW,7.81,13.49,11.82,0,1.496,0.447,0,0,1.128,1.103,0.977,4.048,2.439,0.602,2.911,2.39,0.821,1.19,1.017,1.703,1.673,8.99,0
2026-07-31T15:49:40Z,0.75,"5 km NW of The Geysers, CA",43.2,3.5,100.0,100sps,2.999,2.776,8.971,5.41,2.99,16.211,339.4,NNW,7.45,12.85,5.85,0,0.779,1.318,1,0,0.944,1.524,1.614,2.679,9.189,3.43,2.171,3.17,1.46,1.105,0.834,3.447,4.132,2.14,0
2026-07-31T15:24:25Z,1.74,"3 km NW of The Geysers, CA",41.5,3.6,100.0,100sps,2.785,3.683,3.62,2.37,1.3,6.609,340.7,NNW,7.16,12.36,8.54,0,8.018,-0.084,0,0,1.074,1.1,1.025,3.762,3.538,0.94,2.569,2.387,0.929,1.103,0.941,1.638,1.741,12.89,0
2026-07-31T14:53:55Z,0.75,"2 km NNW of The Geysers, CA",39.7,1.5,100.0,100sps,2.661,8.299,3.589,1.89,1.35,5.026,341.4,NNW,6.84,11.81,14.04,0,0.87,0.762,0,0,1.028,1.015,0.987,8.931,3.675,0.411,3.919,2.899,0.74,1.334,0.894,1.244,1.391,16.4,0
2026-07-31T14:45:14Z,0.22,"5 km W of Cobb, CA",44.6,2.5,100.0,100sps,4.682,2.609,2.224,0.84,0.47,3.947,341.4,NNW,7.68,13.26,6.4,0,0.221,1.252,0,0,0.985,0.952,0.966,2.475,2.026,0.818,2.027,1.981,0.977,0.988,0.845,1.303,1.543,16.31,0
2026-07-31T13:13:53Z,0.21,"7 km WNW of Cobb, CA",45.9,1.8,100.0,100sps,2.734,2.097,4.402,2.7,1.61,7.39,340.0,NNW,7.9,13.63,9.24,0,0.208,1.55,0,1,0.983,1.246,1.267,1.887,4.356,2.309,2.134,2.89,1.354,0.936,0.848,1.54,1.816,18.91,0
2026-07-31T12:54:04Z,0.96,"3 km NNW of The Geysers, CA",41.1,4.0,100.0,100sps,2.021,5.23,1.871,1.18,0.93,2.393,342.2,NNW,7.08,12.23,23.35,0,1.348,0.249,0,0,0.959,1.092,1.139,5.43,1.54,0.284,3.168,2.381,0.752,1.515,0.828,1.3,1.57,16.88,0
2026-07-31T12:46:06Z,1.87,"2 km ESE of The Geysers, CA",37.0,1.1,100.0,100sps,2.04,1.843,4.645,4.05,2.28,8.265,344.5,NNW,6.38,11.0,7.02,0,12.552,-0.181,0,1,0.958,1.378,1.438,1.599,4.398,2.751,2.008,3.15,1.569,0.917,0.822,1.764,2.146,18.9,0
2026-07-31T12:33:59Z,1.47,"8 km SSW of Toms Place, CA",357.4,6.2,100.0,100sps,2.339,1.717,1.801,1.52,0.77,3.547,106.0,ESE,50.98,90.54,5.58,0,0.1,1.55,0,0,0.988,0.909,0.92,1.404,1.572,1.12,1.573,1.617,1.028,0.895,0.877,1.303,1.486,13.68,1
2026-07-31T11:47:01Z,0.79,"10 km NNE of Alum Rock, CA",134.0,6.9,100.0,100sps,1.759,1.729,1.667,1.29,0.95,2.275,146.1,SE,23.09,39.87,25.89,0,0.164,1.142,0,1,0.96,0.958,0.999,1.464,1.384,0.945,1.43,2.288,1.6,0.624,0.851,1.31,1.539,17.69,0
2026-07-31T11:21:57Z,1.58,"13 km SSW of Hawthorne, Nevada",343.8,7.9,100.0,100sps,1.566,1.529,1.809,2.49,1.16,3.895,89.5,E,49.08,87.16,4.74,0,0.143,1.437,0,0,0.97,0.896,0.924,1.175,1.619,1.378,1.506,1.541,1.023,0.903,0.828,1.24,1.496,14.7,1
2026-07-31T11:17:40Z,0.98,"8 km NW of The Geysers, CA",45.4,1.6,100.0,100sps,2.308,1.627,1.606,0.95,0.7,2.2,338.2,NNW,7.82,13.5,19.21,0,1.243,0.248,0,0,0.927,0.9,0.97,1.343,1.348,1.004,1.456,1.49,1.024,0.948,0.804,1.083,1.347,19.22,0
2026-07-31T10:53:40Z,0.3,"3 km SE of The Geysers, CA",35.4,1.5,100.0,100sps,1.47,1.462,1.512,1.22,1.03,1.797,344.5,NNW,6.1,10.54,23.27,0,0.357,0.702,0,0,0.892,0.881,0.987,1.152,1.225,1.064,1.34,1.417,1.058,0.934,0.775,1.016,1.311,20.02,0
2026-07-31T10:24:14Z,1.67,"3 km SE of The Geysers, CA",35.7,1.4,100.0,100sps,1.395,1.399,1.756,1.69,1.26,2.364,344.5,NNW,6.16,10.64,14.88,0,8.268,-0.544,0,0,0.899,1.094,1.217,1.066,1.34,1.257,1.306,1.455,1.114,1.092,0.768,1.455,1.894,14.11,0
2026-07-31T09:54:50Z,1.48,"18 km SE of Lake Pillsbury, CA",96.4,3.9,100.0,100sps,1.486,1.398,1.372,1.17,0.92,1.732,351.1,N,16.61,28.68,26.64,0,1.363,0.104,0,0,0.954,0.935,0.98,0.998,0.975,0.977,1.38,1.4,1.015,0.966,0.813,1.049,1.29,26.49,0
2026-07-31T09:46:22Z,0.73,"5 km WNW of The Geysers, CA",41.3,3.7,100.0,100sps,1.517,1.579,1.314,1.07,0.87,1.617,336.9,NNW,7.12,12.29,24.53,0,0.789,0.311,0,0,0.958,0.833,0.869,1.238,1.006,0.813,1.697,1.527,0.9,0.966,0.832,0.958,1.152,22.41,0
2026-07-31T08:54:56Z,0.93,"8 km ESE of Cloverdale, CA",45.4,4.5,100.0,100sps,1.376,1.354,1.585,1.75,1.15,2.406,323.1,NW,7.83,13.51,11.7,0,1.106,0.338,0,0,0.9,1.02,1.133,0.998,1.185,1.187,1.628,1.84,1.13,1.002,0.776,1.492,1.922,10.01,0
2026-07-31T08:53:37Z,0.63,"7 km SE of Cloverdale, CA",45.7,4.8,100.0,100sps,1.45,1.4,1.203,1.22,0.83,1.767,321.1,NW,7.89,13.62,17.48,0,0.549,0.507,0,0,0.93,0.815,0.877,1.017,0.861,0.847,1.712,1.548,0.904,0.97,0.803,1.008,1.254,18.8,0
2026-07-31T08:28:53Z,1.77,"7 km ESE of Cloverdale, CA",45.9,5.9,100.0,100sps,1.399,1.617,1.992,2.36,1.42,3.297,322.0,NW,7.91,13.66,9.89,0,7.542,-0.359,0,0,0.911,1.256,1.379,1.338,1.471,1.099,2.425,2.265,0.934,1.476,0.776,1.817,2.342,12.64,0
2026-07-31T08:25:35Z,2.46,"70 km W of Petrolia, CA",301.5,0.3,100.0,100sps,1.397,1.437,1.321,1.19,0.95,1.657,315.7,NW,44.78,79.27,31.63,0,1.504,0.042,0,0,0.951,0.874,0.919,1.043,0.966,0.926,2.181,2.269,1.04,0.883,0.839,1.224,1.458,16.61,1
2026-07-31T07:58:54Z,0.55,"8 km ESE of Cloverdale, CA",45.6,4.8,100.0,100sps,1.776,1.473,1.316,0.9,0.74,1.603,322.7,NW,7.85,13.55,21.93,0,0.459,0.543,0,0,0.945,0.858,0.908,1.117,0.97,0.868,2.299,2.307,1.003,0.905,0.798,1.031,1.291,19.11,0
2026-07-31T07:22:07Z,0.74,"7 km NW of The Geysers, CA",44.4,2.9,100.0,100sps,1.445,1.488,1.466,1.23,1.01,1.78,338.3,NNW,7.66,13.22,25.59,0,0.736,0.383,0,0,0.888,0.958,1.079,1.183,1.083,0.916,2.467,1.912,0.775,1.392,0.77,1.04,1.351,24.05,0
2026-07-31T06:51:57Z,2.46,"18 km NE of Upper Lake, CA",95.7,5.5,100.0,100sps,1.36,1.457,1.725,1.94,1.27,2.637,351.1,N,16.49,28.47,13.62,0,13.16,-0.698,0,0,0.939,1.16,1.235,1.101,1.234,1.12,1.913,2.116,1.106,1.117,0.805,1.621,2.015,16.19,0
2026-07-31T05:27:48Z,0.68,"23 km NW of Parkfield, CA",322.1,1.5,100.0,100sps,1.831,1.896,1.649,1.12,0.9,2.056,146.0,SE,47.19,83.63,28.68,0,0.021,1.987,0,0,0.938,0.937,0.999,1.691,1.353,0.8,2.067,1.952,0.944,1.058,0.8,1.145,1.43,21.19,1
2026-07-31T05:23:36Z,0.17,"9 km WNW of Cobb, CA",47.0,2.3,100.0,100sps,2.027,1.888,1.626,1.02,0.8,2.065,337.7,NNW,8.11,14.0,23.57,0,0.184,1.051,0,0,0.944,0.974,1.031,1.649,1.291,0.783,1.634,1.488,0.911,1.132,0.824,1.163,1.412,18.87,0
2026-07-31T05:17:12Z,0.18,"3 km SE of The Geysers, CA",35.2,1.2,100.0,100sps,1.61,1.728,1.823,1.85,1.13,2.978,344.3,NNW,6.07,10.47,7.14,0,0.273,1.038,0,0,0.924,0.977,1.057,1.469,1.558,1.061,1.545,1.688,1.093,0.968,0.795,1.504,1.892,5.04,0
2026-07-31T04:33:40Z,0.14,"4 km WNW of The Geysers, CA",41.1,3.5,100.0,100sps,1.764,1.925,1.901,1.93,1.08,3.412,337.0,NNW,7.08,12.22,4.36,0,0.204,1.223,0,0,0.93,0.911,0.98,1.71,1.704,0.997,2.5,2.54,1.016,0.964,0.804,1.085,1.349,17.92,0
2026-07-31T04:18:21Z,1.08,"2 km WNW of Anderson Springs, CA",37.9,2.0,100.0,100sps,2.381,2.215,3.681,3.1,1.55,7.388,347.2,NNW,6.53,11.28,4.21,0,1.972,0.574,0,0,0.989,1.043,1.054,1.985,3.672,1.851,8.156,8.39,1.029,1.025,0.871,1.402,1.61,13.16,0
2026-07-31T04:02:29Z,0.74,"10 km WNW of The Geysers, CA",46.5,2.0,100.0,100sps,2.317,2.095,1.964,1.29,0.85,2.981,334.2,NNW,8.02,13.85,12.92,0,0.692,0.635,0,0,0.967,0.894,0.925,1.883,1.782,0.946,8.667,8.536,0.985,0.939,0.83,1.143,1.377,15.4,0
2026-07-31T03:17:24Z,1.06,"8 km NW of Redwood Valley, CA",111.7,6.3,100.0,100sps,2.572,2.176,2.104,1.29,0.82,3.306,330.4,NNW,19.25,33.22,14.58,0,0.412,0.905,0,0,0.905,0.86,0.95,2.003,1.942,0.97,8.121,8.094,0.997,0.953,0.755,1.155,1.529,17.97,0
2026-07-31T02:55:27Z,1.08,"1 km SW of Anderson Springs, CA",35.8,2.2,100.0,100sps,2.273,2.689,1.954,1.18,0.86,2.689,348.8,N,6.16,10.64,20.01,0,2.125,0.102,0,0,0.92,0.944,1.026,2.592,1.703,0.657,8.455,8.438,0.998,1.028,0.797,1.163,1.459,20.07,0
2026-07-31T02:52:48Z,0.94,"8 km ESE of Cloverdale, CA",45.9,5.1,100.0,100sps,2.271,2.366,2.063,1.15,0.91,2.616,322.9,NW,7.91,13.65,25.53,0,1.116,0.37,0,0,0.919,0.903,0.983,2.215,1.859,0.839,8.418,8.36,0.993,0.99,0.799,1.36,1.701,9.53,0
2026-07-31T02:52:40Z,1.02,"8 km ESE of Cloverdale, CA",45.7,4.8,100.0,100sps,2.247,2.356,2.32,1.4,1.03,3.147,323.1,NW,7.87,13.59,16.83,0,1.35,0.368,0,0,0.928,1.033,1.113,2.196,2.094,0.954,8.408,8.449,1.005,1.107,0.808,1.552,1.921,5.99,0
2026-07-31T02:47:21Z,1.52,"8 km ESE of Cloverdale, CA",45.6,4.8,100.0,100sps,2.308,2.086,1.981,1.08,0.86,2.504,323.2,NW,7.85,13.55,24.67,0,4.285,-0.233,0,0,0.909,1.058,1.163,1.933,1.684,0.872,1.981,1.937,0.978,1.19,0.777,1.55,1.997,11.43,0
2026-07-31T02:46:46Z,0.71,"8 km NW of The Geysers, CA",45.4,1.6,100.0,100sps,2.46,2.255,2.61,2.28,1.06,5.61,338.1,NNW,7.82,13.5,2.37,0,0.667,0.925,0,1,0.898,0.895,0.997,2.122,2.565,1.209,2.026,2.118,1.045,0.954,0.768,1.221,1.589,13.92,0
2026-07-31T02:23:50Z,0.74,"1 km NNE of The Geysers, CA",39.3,0.9,100.0,100sps,2.944,2.491,2.029,1.23,0.69,3.616,343.4,NNW,6.77,11.69,5.3,0,0.862,0.623,0,0,0.916,0.84,0.916,2.371,1.862,0.785,2.043,1.913,0.936,0.979,0.793,0.865,1.091,25.95,0
2026-07-31T02:17:58Z,0.54,"7 km ESE of Cloverdale, CA",45.9,4.9,100.0,100sps,2.533,2.506,3.714,2.5,1.47,6.321,322.8,NW,7.91,13.66,8.48,0,0.444,1.153,0,0,1.045,0.923,0.883,2.322,3.714,1.599,6.323,2.565,0.406,2.178,0.925,1.097,1.187,21.83,0
2026-07-31T02:16:59Z,1.8,"8 km ESE of Cloverdale, CA",45.4,4.9,100.0,100sps,2.707,2.504,2.115,1.1,0.78,2.976,323.0,NW,7.84,13.53,18.83,0,8.195,-0.44,0,0,1.002,1.176,1.174,2.344,1.705,0.727,8.486,6.151,0.725,1.62,0.873,1.928,2.209,7.54,0
2026-07-31T01:09:19Z,1.04,"7 km NW of The Geysers, CA",44.1,2.8,100.0,100sps,8.164,5.438,3.141,0.53,0.38,4.302,337.7,NNW,7.6,13.11,16.25,0,1.481,0.463,0,0,1.206,0.907,0.752,5.463,3.127,0.573,8.141,7.269,0.893,0.842,1.094,1.072,0.98,21.44,0
2026-07-31T01:07:58Z,1.09,"5 km WNW of The Geysers, CA",41.1,3.2,100.0,100sps,2.907,9.576,5.876,3.7,2.02,10.76,336.9,NNW,7.08,12.22,6.47,0,1.821,0.771,0,0,1.822,0.969,0.532,9.692,6.058,0.625,18.761,7.885,0.42,1.265,1.697,1.4,0.825,9.68,0
2026-07-31T00:36:21Z,0.75,"3 km E of San Ramon, CA",96.2,7.5,100.0,100sps,3.493,3.242,3.713,1.79,1.06,6.235,141.2,SE,16.57,28.6,10.43,0,0.255,1.389,0,0,1.039,1.092,1.05,3.164,3.715,1.174,6.529,6.464,0.99,1.061,0.903,2.091,2.314,2.94,0
2026-07-31T00:31:01Z,1.14,"7 km NW of The Geysers, CA",44.5,2.9,100.0,100sps,6.812,6.064,3.577,0.94,0.53,6.421,338.2,NNW,7.67,13.25,6.67,0,1.84,0.543,0,0,0.999,0.93,0.93,6.129,3.606,0.588,6.87,6.558,0.954,0.975,0.866,1.163,1.344,20.52,0
2026-07-30T23:07:37Z,1.67,"3 km SE of Round Valley, CA",374.5,8.8,100.0,100sps,3.486,3.11,6.243,4.03,1.79,14.033,107.0,ESE,52.77,93.81,4.91,0,0.14,2.002,0,1,0.959,1.27,1.324,3.086,6.381,2.068,2.495,6.776,2.716,0.488,0.819,2.158,2.634,11.33,1
2026-07-30T22:59:09Z,0.57,"7 km NW of The Geysers, CA",44.5,4.1,100.0,100sps,4.302,4.642,5.303,1.99,1.23,8.547,338.2,NNW,7.66,13.22,9.27,0,0.496,1.236,0,0,1.125,0.99,0.88,4.75,5.402,1.137,7.216,7.014,0.972,0.905,1.013,1.126,1.112,23.69,0
2026-07-30T22:56:22Z,1.93,"29 km NE of Redway, CA",224.8,24.4,100.0,100sps,6.586,5.903,3.492,0.84,0.53,5.529,338.4,NNW,32.36,57.39,14.85,0,0.858,0.809,0,0,1.23,1.253,1.019,6.195,3.32,0.536,7.148,7.098,0.993,1.026,1.1,1.655,1.504,25.01,1
2026-07-30T22:34:44Z,1.67,"15 km ESE of Lake Pillsbury, CA",101.4,11.2,100.0,100sps,5.228,3.941,4.735,1.69,0.91,8.829,351.1,N,17.47,30.16,6.84,0,1.952,0.655,0,0,1.065,1.102,1.034,3.955,4.87,1.231,7.006,6.901,0.985,1.05,0.972,1.574,1.62,15.38,0
2026-07-30T21:54:41Z,1.15,"8 km ESE of Cloverdale, CA",45.5,4.9,100.0,100sps,4.392,5.141,3.61,1.22,0.82,5.354,322.6,NW,7.84,13.54,12.91,0,1.829,0.466,0,0,1.214,1.168,0.962,5.263,3.53,0.671,4.464,3.554,0.796,1.208,1.088,1.913,1.758,6.16,0
2026-07-30T21:51:39Z,0.49,"9 km ESE of Cloverdale, CA",45.0,4.4,100.0,100sps,5.237,3.822,3.697,1.31,0.71,6.86,324.1,NW,7.76,13.39,5.46,0,0.406,1.227,0,0,1.04,1.032,0.993,3.802,3.673,0.966,6.948,5.269,0.758,1.309,0.905,1.218,1.346,21.35,0
2026-07-30T21:39:47Z,0.26,"2 km N of The Geysers, CA",39.9,2.4,100.0,100sps,4.381,3.893,3.106,1.07,0.71,4.687,342.9,NNW,6.88,11.88,14.67,0,0.279,1.225,0,0,1.062,1.047,0.986,3.929,2.999,0.763,6.989,7.31,1.046,0.943,0.951,1.334,1.402,20.55,0
2026-07-30T21:30:59Z,0.98,"8 km ESE of Cloverdale, CA",45.5,6.1,100.0,100sps,3.262,4.676,3.236,1.55,0.99,5.07,321.8,NW,7.85,13.54,11.44,0,1.236,0.613,0,0,1.226,1.163,0.949,4.792,3.116,0.65,3.1,3.101,1.0,0.948,1.136,1.412,1.243,17.59,0
2026-07-30T20:29:17Z,1.0,"7 km WNW of Cobb, CA",45.5,2.1,100.0,100sps,4.395,5.891,3.383,1.35,0.77,5.921,339.8,NNW,7.84,13.53,9.27,0,1.297,0.659,0,1,1.277,1.167,0.914,5.938,3.269,0.551,3.379,2.715,0.804,1.137,1.207,1.793,1.485,8.97,0
2026-07-30T20:25:52Z,1.07,"7 km WSW of Calistoga, CA",12.3,-0.5,100.0,100sps,3.771,4.87,3.016,1.31,0.8,4.954,344.8,NNW,2.38,4.11,6.71,0,7.548,-0.183,0,0,1.174,1.512,1.287,4.963,2.645,0.533,2.762,2.241,0.811,1.587,1.04,2.441,2.347,6.37,0
2026-07-30T20:07:41Z,1.78,"17 km ENE of Mineral, CA",243.2,5.9,100.0,100sps,4.985,3.664,3.117,1.63,0.63,8.129,25.7,NNE,36.88,65.18,1.22,0,0.514,1.199,0,1,1.194,0.982,0.823,3.613,3.081,0.853,2.396,2.215,0.924,0.89,1.091,1.525,1.397,12.52,1
2026-07-30T20:05:51Z,1.56,"18 km ENE of Mineral, CA",245.0,5.1,100.0,100sps,4.835,6.774,3.413,1.16,0.71,5.609,25.6,NNE,37.2,65.74,8.94,0,0.305,1.265,0,0,1.609,1.177,0.731,7.031,3.357,0.477,4.059,2.467,0.608,1.203,1.553,2.004,1.291,8.79,1
2026-07-30T20:04:39Z,1.71,"17 km ENE of Mineral, CA",242.6,7.3,100.0,100sps,4.171,5.37,5.919,4.92,1.42,20.502,25.6,NNE,36.64,64.78,1.6,0,0.44,1.669,0,1,1.21,1.423,1.176,5.702,6.079,1.066,3.127,3.1,0.991,1.186,1.128,2.928,2.596,6.22,1
2026-07-30T18:43:55Z,0.37,"3 km S of Anderson Springs, CA",34.0,1.8,100.0,100sps,4.244,6.689,3.294,1.38,0.78,5.841,349.3,N,5.85,10.1,5.67,0,0.442,1.121,0,0,1.031,0.931,0.903,7.169,3.321,0.463,2.931,1.93,0.659,1.37,0.902,1.079,1.196,20.65,0
2026-07-30T18:28:05Z,0.76,"3 km SSW of Clayton, CA",83.3,-0.2,100.0,100sps,3.508,3.329,2.885,1.48,0.82,5.177,135.5,SE,14.36,24.79,7.68,0,0.324,1.204,0,0,1.042,1.064,1.02,3.311,2.84,0.858,2.401,2.112,0.879,1.16,0.932,1.309,1.405,20.01,0
2026-07-30T17:44:29Z,0.81,"11 km NE of Healdsburg, CA",28.4,6.4,100.0,100sps,4.201,4.106,3.227,0.96,0.77,4.025,331.2,NNW,4.89,8.45,23.96,0,1.52,0.423,0,0,1.123,1.081,0.963,4.14,3.078,0.743,2.841,2.494,0.878,1.097,1.017,1.253,1.232,21.68,0
2026-07-30T17:03:37Z,0.84,"16 km WSW of Toms Place, CA",347.0,10.0,100.0,100sps,4.926,9.146,3.431,1.38,0.7,6.796,106.4,ESE,49.23,87.45,5.19,0,0.025,2.429,0,0,1.422,1.06,0.746,9.526,3.343,0.351,6.335,2.035,0.321,2.32,1.355,1.74,1.284,9.79,1
2026-07-30T16:03:41Z,0.42,"8 km NW of The Geysers, CA",45.3,2.0,100.0,100sps,3.642,4.051,3.977,1.9,1.09,6.91,338.1,NNW,7.8,13.46,7.36,0,0.343,1.304,0,0,1.177,1.267,1.076,4.08,3.927,0.963,2.412,2.41,0.999,1.077,1.081,1.808,1.672,14.25,0
2026-07-30T15:34:57Z,3.42,"16 km WSW of Toms Place, CA",348.2,7.3,100.0,100sps,4.22,3.692,7.06,4.57,1.67,19.276,106.5,ESE,49.71,88.27,1.35,1,9.539,0.306,0,1,1.033,1.232,1.193,3.704,7.466,2.016,2.571,2.726,1.06,1.125,0.901,1.46,1.621,29.41,1
2026-07-30T15:23:12Z,0.32,"10 km WNW of The Geysers, CA",46.2,2.4,100.0,100sps,3.592,4.674,3.337,1.48,0.93,5.307,334.1,NNW,7.96,13.74,10.08,0,0.266,1.3,0,0,1.082,1.013,0.936,4.816,3.326,0.691,2.551,2.239,0.878,1.065,0.977,1.405,1.438,14.61,0
2026-07-30T15:20:48Z,1.08,"7 km NW of The Geysers, CA",44.0,2.6,100.0,100sps,4.66,2.541,3.838,2.21,0.82,10.321,337.8,NNW,7.58,13.08,1.08,0,1.627,0.802,0,1,0.991,1.081,1.091,2.375,3.768,1.586,2.127,2.148,1.01,1.08,0.853,1.491,1.749,15.34,0
2026-07-30T15:17:16Z,1.91,"6 km NW of The Geysers, CA",43.9,2.9,100.0,100sps,3.888,4.655,5.796,2.27,1.49,8.822,337.8,NNW,7.57,13.07,12.74,0,11.05,-0.098,0,0,1.09,1.489,1.366,4.659,5.824,1.25,2.692,3.061,1.137,1.201,1.014,1.846,1.821,21.59,0
2026-07-30T14:28:20Z,0.96,"7 km ESE of Cloverdale, CA",46.1,6.0,100.0,100sps,2.973,3.589,6.012,3.17,2.02,9.434,321.8,NW,7.95,13.72,8.53,0,1.161,0.91,0,1,1.066,1.078,1.012,3.593,6.245,1.738,2.259,3.374,1.494,0.677,0.953,1.214,1.274,23.92,0
2026-07-30T14:12:37Z,0.39,"7 km W of Cobb, CA",45.4,1.9,100.0,100sps,3.204,2.644,5.41,2.45,1.69,7.839,339.8,NNW,7.83,13.51,15.21,0,0.319,1.39,0,1,1.011,1.053,1.042,2.487,5.766,2.318,1.998,3.189,1.596,0.653,0.887,1.422,1.602,15.76,0
2026-07-30T14:04:49Z,2.76,"10 km ESE of Gilroy, CA",193.9,3.3,100.0,100sps,3.732,4.076,2.286,0.85,0.61,3.154,147.7,SSE,31.1,54.73,22.08,0,7.827,-0.395,0,0,1.194,1.226,1.027,4.0,1.958,0.489,2.564,1.643,0.641,1.602,1.085,1.636,1.508,21.63,0
2026-07-30T13:54:48Z,1.47,"8 km NNW of Redwood Valley, CA",111.3,5.3,100.0,100sps,3.988,3.132,2.878,1.2,0.72,4.783,331.9,NNW,19.19,33.12,12.81,0,1.064,0.653,0,0,1.151,1.165,1.012,3.004,2.695,0.897,2.293,2.18,0.951,1.064,1.039,1.644,1.583,14.31,0
2026-07-30T12:25:45Z,1.08,"3 km W of Cobb, CA",42.6,1.6,100.0,100sps,2.039,2.385,2.299,1.81,1.13,3.692,343.4,NNW,7.35,12.69,9.63,0,1.696,0.338,0,0,1.015,1.31,1.291,2.236,1.899,0.849,1.846,1.787,0.968,1.333,0.906,1.832,2.023,16.46,0
2026-07-30T12:05:30Z,0.95,"3 km W of Cobb, CA",43.2,2.1,100.0,100sps,1.653,1.536,1.862,2.05,1.13,3.392,343.8,NNW,7.44,12.85,4.57,0,1.237,0.438,0,1,0.945,0.911,0.964,1.21,1.637,1.353,1.452,1.558,1.073,0.899,0.832,1.142,1.373,15.96,0
2026-07-30T11:51:45Z,0.76,"12 km NNW of Angwin, CA",28.6,6.2,100.0,100sps,3.034,1.504,1.492,0.58,0.49,1.768,23.4,NNE,4.93,8.51,23.52,0,1.343,0.12,0,0,0.965,0.818,0.848,1.14,1.266,1.111,1.726,1.31,0.759,1.118,0.833,0.858,1.03,23.92,0
2026-07-30T11:41:55Z,1.1,"7 km NW of The Geysers, CA",45.2,2.1,100.0,100sps,2.33,5.682,1.97,1.47,0.85,3.432,338.9,NNW,7.81,13.47,5.42,0,1.644,0.32,0,0,0.936,0.839,0.897,6.003,1.848,0.308,2.92,1.477,0.506,1.774,0.814,0.938,1.152,23.7,0
2026-07-30T11:13:50Z,0.89,"8 km NW of The Geysers, CA",45.4,1.5,100.0,100sps,1.512,1.334,1.671,1.88,1.11,2.84,337.9,NNW,7.83,13.51,5.55,0,1.008,0.45,0,0,0.885,0.979,1.106,0.979,1.368,1.397,1.463,1.616,1.105,1.001,0.76,1.289,1.697,14.13,0
2026-07-30T11:10:47Z,0.79,"5 km E of St. Helena, CA",19.9,5.6,100.0,100sps,1.581,1.383,1.401,1.17,0.89,1.852,70.6,ENE,3.43,5.92,18.85,0,2.234,-0.081,0,0,0.891,0.877,0.984,1.042,1.072,1.029,1.442,1.387,0.962,1.023,0.769,1.007,1.31,20.85,0
2026-07-30T10:42:52Z,1.74,"8 km ESE of Cloverdale, CA",45.5,4.8,100.0,100sps,1.597,1.925,2.01,2.04,1.26,3.254,322.0,NW,7.84,13.53,11.9,0,7.127,-0.341,0,0,0.911,1.195,1.311,1.81,1.556,0.86,1.667,1.616,0.97,1.352,0.767,1.736,2.262,12.25,0
2026-07-30T10:31:39Z,1.2,"8 km ESE of Cloverdale, CA",45.3,5.9,100.0,100sps,1.377,1.411,1.532,1.69,1.11,2.324,322.0,NW,7.8,13.47,11.44,0,2.066,0.051,0,0,0.855,0.968,1.132,1.115,1.167,1.047,1.365,1.45,1.062,1.066,0.738,1.126,1.527,18.85,0
2026-07-30T10:10:53Z,0.73,"8 km NW of The Geysers, CA",45.1,2.2,100.0,100sps,1.502,1.398,1.6,1.46,1.06,2.188,337.9,NNW,7.76,13.4,13.48,0,0.705,0.492,0,0,0.916,1.012,1.104,1.036,1.208,1.165,1.519,1.768,1.164,0.948,0.78,1.238,1.588,18.06,0
2026-07-30T10:02:34Z,0.13,"14 km E of Mammoth Lakes, CA",345.9,11.8,100.0,100sps,1.361,1.431,1.309,1.28,0.96,1.74,104.4,ESE,48.86,86.83,27.5,0,0.005,2.543,0,0,0.922,0.883,0.958,1.085,0.934,0.861,1.395,1.289,0.924,1.037,0.79,1.066,1.35,23.39,1
2026-07-30T10:01:10Z,0.96,"11 km NE of Coalinga, CA",323.6,9.4,100.0,100sps,1.361,1.384,1.402,1.27,1.03,1.733,139.5,SE,46.4,82.36,31.29,0,0.04,1.637,0,0,0.911,0.871,0.956,1.025,1.093,1.066,1.337,1.396,1.044,0.916,0.791,1.031,1.304,25.34,1
2026-07-30T10:00:20Z,1.33,"5 km NW of The Geysers, CA",42.5,3.2,100.0,100sps,1.289,1.36,1.358,1.43,1.05,1.844,339.2,NNW,7.34,12.66,17.19,0,3.026,-0.215,0,0,0.93,0.894,0.961,0.968,0.992,1.025,1.282,1.193,0.931,1.033,0.799,1.123,1.406,14.41,0
2026-07-30T09:55:24Z,1.99,"16 km S of Bridgeport, CA",297.6,2.5,100.0,100sps,1.357,1.348,1.354,1.29,1.0,1.746,96.3,E,44.03,77.96,24.06,0,0.526,0.521,0,0,0.895,0.893,0.998,0.978,0.989,1.011,1.405,1.363,0.97,1.029,0.789,0.953,1.208,32.81,1
2026-07-30T09:53:27Z,1.23,"3 km W of Cobb, CA",43.4,0.2,100.0,100sps,1.34,1.465,1.436,1.61,1.07,2.157,343.9,NNW,7.49,12.93,11.52,0,2.338,-0.035,0,0,1.006,1.014,1.008,1.038,0.985,0.949,1.48,1.54,1.04,0.969,0.863,1.458,1.69,10.97,0
2026-07-30T09:38:09Z,2.03,"2 km SW of Walker, CA",272.6,4.8,100.0,100sps,1.345,1.368,1.401,1.3,1.04,1.752,87.9,E,40.65,71.94,27.95,0,0.709,0.393,0,0,0.94,0.952,1.013,0.968,0.98,1.012,1.371,1.42,1.036,0.978,0.817,1.195,1.463,23.95,1
2026-07-30T09:06:43Z,0.78,"2 km ESE of Pacifica, CA",95.5,7.5,100.0,100sps,1.336,1.358,1.155,0.96,0.86,1.276,171.7,S,16.46,28.41,34.61,0,0.276,0.665,0,0,0.931,0.793,0.851,0.953,0.815,0.855,1.678,1.192,0.71,1.198,0.804,0.896,1.114,28.89,0
2026-07-30T07:55:00Z,1.58,"34 km SE of Mina, Nevada",418.9,9.2,100.0,100sps,1.357,1.266,1.441,1.68,1.06,2.276,92.9,E,58.2,103.58,11.35,0,0.083,1.44,0,0,0.873,1.009,1.155,0.889,1.011,1.138,1.421,1.525,1.073,1.077,0.749,1.411,1.883,13.29,1
2026-07-30T07:00:42Z,1.08,"5 km WNW of The Geysers, CA",42.3,1.3,100.0,100sps,1.48,1.535,1.541,2.0,1.04,2.961,337.7,NNW,7.29,12.59,3.01,0,1.713,0.238,0,0,0.979,0.888,0.907,1.131,1.263,1.117,2.329,2.288,0.982,0.923,0.872,0.998,1.144,22.0,0
2026-07-30T04:49:26Z,1.12,"3 km SE of The Geysers, CA",35.5,2.7,100.0,100sps,1.882,1.621,3.201,3.57,1.7,6.719,345.2,NNW,6.11,10.55,3.72,0,2.355,0.455,0,0,0.881,0.938,1.064,1.348,3.18,2.36,8.958,9.088,1.015,1.049,0.762,1.109,1.455,18.81,0
2026-07-30T04:41:24Z,1.62,"12 km E of Coalinga, CA",333.5,8.0,100.0,100sps,1.739,1.832,2.044,1.62,1.17,2.826,139.7,SE,47.79,84.84,23.55,0,0.169,1.223,0,0,0.948,0.922,0.973,1.593,1.854,1.164,1.765,2.139,1.212,0.803,0.823,1.352,1.641,11.82,1
2026-07-30T04:35:10Z,0.73,"7 km WNW of Cobb, CA",45.4,1.5,100.0,100sps,1.922,2.362,2.157,1.95,1.12,3.747,340.1,NNW,7.83,13.51,4.74,0,0.697,0.73,0,0,0.947,0.803,0.848,2.243,2.048,0.913,5.253,1.622,0.309,2.746,0.807,0.911,1.129,23.48,0
2026-07-30T04:20:16Z,0.7,"7 km ESE of Cloverdale, CA",46.0,6.3,100.0,100sps,2.06,1.923,2.935,3.24,1.42,6.681,322.6,NW,7.92,13.68,2.98,0,0.641,1.018,0,1,1.016,0.929,0.914,1.649,2.926,1.775,2.241,2.46,1.098,0.832,0.876,1.14,1.301,16.28,0
2026-07-30T03:23:59Z,1.9,"11 km ESE of Gilroy, CA",194.0,4.0,100.0,100sps,2.115,2.351,2.331,1.51,1.1,3.195,147.7,SSE,31.03,54.61,23.42,0,1.079,0.471,0,0,0.921,0.85,0.923,2.218,2.224,1.003,8.987,8.994,1.001,0.923,0.805,1.06,1.317,22.6,1
2026-07-30T02:48:03Z,0.56,"10 km WNW of The Geysers, CA",46.6,2.5,100.0,100sps,2.407,2.911,1.813,0.89,0.75,2.149,334.0,NNW,8.03,13.86,26.23,0,0.456,0.673,0,0,0.892,0.944,1.058,2.9,1.573,0.542,2.432,2.223,0.914,1.158,0.764,1.164,1.523,17.36,0
2026-07-30T02:47:58Z,1.32,"10 km WNW of The Geysers, CA",46.5,2.5,100.0,100sps,2.443,3.046,1.883,1.09,0.77,2.672,333.9,NNW,8.01,13.83,19.91,0,2.633,0.006,0,0,0.89,0.946,1.063,3.05,1.65,0.541,2.443,2.202,0.901,1.179,0.761,1.164,1.529,17.69,0
2026-07-30T02:40:07Z,0.74,"10 km WNW of The Geysers, CA",46.6,2.5,100.0,100sps,2.459,3.043,4.216,3.64,1.71,8.951,334.1,NNW,8.03,13.86,5.16,0,0.69,1.113,0,0,0.936,1.182,1.263,3.012,4.279,1.421,9.429,9.32,0.988,1.278,0.81,1.743,2.152,9.24,0
2026-07-29T23:25:39Z,1.48,"5 km ESE of Lake Pillsbury, CA",108.4,12.7,100.0,100sps,3.759,3.444,3.715,1.55,0.99,5.829,346.9,NNW,18.65,32.23,12.36,0,1.136,0.71,0,0,1.276,1.012,0.793,3.306,3.748,1.134,6.683,6.827,1.022,0.776,1.107,1.574,1.422,9.25,0
2026-07-29T23:24:04Z,1.71,"8 km ESE of Cloverdale, CA",45.4,6.6,100.0,100sps,3.482,4.054,3.748,1.95,1.08,6.782,322.0,NW,7.81,13.49,5.6,0,6.676,0.007,0,0,1.067,1.402,1.314,4.14,3.525,0.852,6.655,6.694,1.006,1.307,0.91,2.165,2.378,10.83,0
2026-07-29T23:15:41Z,1.03,"4 km W of Cobb, CA",43.7,2.1,100.0,100sps,4.059,4.044,5.614,2.41,1.38,9.8,343.0,NNW,7.53,13.0,7.39,0,1.464,0.826,0,1,1.043,1.147,1.1,4.049,5.78,1.428,7.025,6.485,0.923,1.191,0.934,1.298,1.389,22.35,0
2026-07-29T22:57:36Z,1.85,"30 km ENE of Lovelock, Nevada",435.8,15.1,100.0,100sps,4.168,4.42,2.578,0.8,0.62,3.326,61.0,ENE,59.57,106.14,29.42,0,0.137,1.386,0,0,0.985,1.004,1.019,4.536,2.451,0.54,2.828,6.062,2.143,0.476,0.874,1.257,1.437,25.87,1
2026-07-29T22:26:14Z,0.74,"9 km ESE of Cloverdale, CA",44.2,6.2,100.0,100sps,4.244,4.716,3.535,1.36,0.83,5.768,322.1,NW,7.62,13.15,10.13,0,0.739,0.892,0,0,0.994,0.939,0.945,4.835,3.583,0.741,7.071,7.096,1.004,0.942,0.871,1.383,1.587,8.17,0
2026-07-29T22:08:27Z,0.25,"22 km NW of Parkfield, CA",322.3,5.7,100.0,100sps,4.124,3.181,3.822,1.97,0.93,8.142,145.8,SE,46.7,82.83,6.48,0,0.008,3.015,0,0,0.97,1.015,1.046,3.159,3.853,1.22,2.629,2.62,0.996,1.05,0.871,1.347,1.547,19.75,1
2026-07-29T21:48:51Z,1.63,"26 km W of Petrolia, CA",265.5,18.1,100.0,100sps,4.135,3.588,3.37,1.52,0.81,6.298,321.0,NW,38.12,67.63,7.74,0,0.3,1.323,0,0,1.071,0.973,0.909,3.595,3.314,0.922,6.637,6.875,1.036,0.877,0.976,1.25,1.28,22.5,1
2026-07-29T21:26:48Z,1.19,"8 km ESE of Cloverdale, CA",45.9,5.7,100.0,100sps,4.282,4.975,3.598,1.45,0.84,6.208,322.8,NW,7.91,13.65,6.14,0,1.985,0.495,0,0,1.195,1.146,0.958,5.031,3.526,0.701,7.403,6.479,0.875,1.095,1.096,1.592,1.452,11.3,0
2026-07-29T21:24:19Z,0.8,"15 km NW of Parkfield, CA",329.5,0.9,100.0,100sps,4.273,4.381,4.672,2.11,1.09,9.003,145.5,SE,48.16,85.38,6.5,0,0.026,2.533,0,0,1.093,1.191,1.09,4.463,4.752,1.065,6.834,6.662,0.975,1.118,0.951,1.955,2.054,9.98,1
2026-07-29T21:19:23Z,1.52,"12 km NNW of Hollister, CA",196.7,7.1,100.0,100sps,5.283,8.315,9.209,5.09,1.74,26.905,147.7,SSE,30.98,54.59,3.17,0,0.438,1.789,1,1,1.55,1.517,0.979,8.746,9.411,1.076,7.364,6.887,0.935,1.046,1.493,3.002,2.011,5.52,1
2026-07-29T20:11:44Z,2.25,"8 km ESE of Cloverdale, CA",45.2,4.5,100.0,100sps,4.117,3.2,7.883,3.74,1.91,15.397,322.2,NW,7.79,13.45,7.53,1,23.242,-0.179,0,1,0.998,4.063,4.072,3.176,6.541,2.059,2.101,2.84,1.352,3.012,0.886,7.535,8.502,8.42,0
2026-07-29T19:34:58Z,1.76,"2 km N of The Geysers, CA",39.6,0.3,100.0,100sps,3.761,3.003,3.489,1.51,0.93,5.698,343.3,NNW,6.83,11.8,9.17,0,8.92,-0.195,0,0,1.015,1.178,1.161,2.978,3.352,1.125,2.232,2.853,1.278,0.908,0.887,1.928,2.173,5.7,0
2026-07-29T19:28:08Z,0.92,"8 km ESE of Cloverdale, CA",45.7,5.4,100.0,100sps,4.028,2.984,2.421,0.95,0.6,3.833,323.2,NW,7.87,13.59,10.41,0,1.073,0.553,0,0,0.923,0.908,0.984,2.983,2.281,0.765,2.119,1.886,0.89,1.106,0.825,1.03,1.248,22.22,0
2026-07-29T19:24:54Z,0.97,"7 km ESE of Cloverdale, CA",46.2,6.9,100.0,100sps,4.441,3.968,2.898,0.77,0.65,3.441,321.6,NW,7.95,13.73,24.79,0,1.187,0.462,0,0,0.964,0.944,0.979,4.109,2.842,0.692,7.289,6.911,0.948,1.032,0.851,1.559,1.831,2.59,0
2026-07-29T19:23:20Z,1.09,"2 km N of The Geysers, CA",40.1,0.6,100.0,100sps,3.775,4.381,3.285,1.41,0.87,5.338,342.7,NNW,6.91,11.93,7.4,0,1.88,0.453,0,0,1.321,0.955,0.722,4.317,3.284,0.761,7.128,7.194,1.009,0.716,1.216,1.337,1.1,13.07,0
2026-07-29T19:21:55Z,2.06,"2 km N of The Geysers, CA",39.6,-0.1,100.0,100sps,4.048,3.45,3.86,1.76,0.95,7.123,343.1,NNW,6.83,11.79,4.68,0,17.813,-0.398,0,0,0.958,1.729,1.804,3.454,3.445,0.997,6.905,7.091,1.027,1.756,0.825,3.786,4.591,3.78,0
2026-07-29T19:16:37Z,0.21,"2 km ESE of The Geysers, CA",37.1,1.0,100.0,100sps,4.411,4.648,3.583,1.1,0.81,4.84,344.7,NNW,6.4,11.04,18.49,0,0.273,1.249,0,0,1.011,1.046,1.035,4.747,3.609,0.76,6.502,7.892,1.214,0.852,0.892,1.731,1.941,5.34,0
2026-07-29T19:09:16Z,1.71,"8 km ESE of Prunedale, CA",210.5,-0.2,100.0,100sps,4.533,3.729,3.241,1.14,0.72,5.152,154.2,SSE,33.55,59.08,14.11,0,0.592,0.939,0,0,0.909,0.899,0.989,3.845,3.224,0.838,2.389,2.253,0.943,1.049,0.787,1.302,1.655,15.22,1
2026-07-29T19:05:14Z,0.7,"6 km NW of The Geysers, CA",44.1,1.7,100.0,100sps,6.543,3.973,3.78,1.1,0.58,7.21,339.3,NNW,7.61,13.13,6.63,0,0.676,1.028,0,0,1.248,1.083,0.868,3.878,3.832,0.988,2.231,2.229,0.999,0.869,1.144,1.465,1.281,17.83,0
2026-07-29T18:58:38Z,1.08,"7 km NW of The Geysers, CA",44.2,3.0,100.0,100sps,4.518,5.088,2.81,0.97,0.62,4.362,337.8,NNW,7.61,13.14,12.92,0,1.617,0.431,0,0,1.222,1.092,0.894,5.185,2.62,0.505,7.988,7.239,0.906,0.986,1.143,1.503,1.315,15.72,0
2026-07-29T18:57:20Z,1.7,"8 km ESE of Cloverdale, CA",45.5,4.6,100.0,100sps,3.932,5.286,5.214,3.11,1.33,12.237,323.0,NW,7.84,13.53,3.42,0,6.503,0.275,0,0,1.691,1.295,0.766,5.203,5.297,1.018,7.468,8.064,1.08,0.709,1.618,2.355,1.455,7.7,0
2026-07-29T18:32:29Z,1.56,"7 km ESE of Cloverdale, CA",45.6,5.0,100.0,100sps,4.281,6.303,5.856,2.34,1.37,10.029,321.9,NW,7.85,13.55,9.28,0,4.696,0.33,0,0,1.109,1.147,1.034,6.635,6.079,0.916,2.99,3.041,1.017,1.016,0.995,1.439,1.446,21.01,0
2026-07-29T17:49:11Z,0.25,"8 km WNW of Cobb, CA",46.4,0.7,100.0,100sps,4.445,3.235,3.445,1.18,0.78,5.262,338.4,NNW,8.01,13.82,12.42,0,0.224,1.37,0,0,0.997,1.056,1.059,3.229,3.486,1.08,2.111,2.319,1.099,0.964,0.86,1.556,1.809,11.16,0
2026-07-29T17:47:42Z,1.23,"7 km ESE of Cloverdale, CA",45.8,5.2,100.0,100sps,4.577,4.675,2.972,1.1,0.65,5.047,322.1,NW,7.88,13.61,7.53,0,2.185,0.364,0,0,1.129,0.978,0.866,4.786,2.868,0.599,2.903,2.012,0.693,1.25,0.968,1.23,1.271,16.23,0
2026-07-29T17:15:31Z,1.08,"2 km N of Tres Pinos, CA",216.6,8.8,100.0,100sps,4.512,3.662,4.336,1.76,0.96,7.924,147.5,SSE,33.23,58.66,8.79,0,0.131,1.782,0,0,1.004,1.095,1.091,3.666,4.349,1.187,3.298,3.204,0.971,1.123,0.862,1.515,1.758,19.89,1
2026-07-29T16:57:10Z,0.84,"2 km WNW of Pinnacles, CA",248.6,2.5,100.0,100sps,3.461,4.138,4.82,2.94,1.39,10.18,148.5,SSE,37.96,67.05,6.81,0,0.056,2.257,0,1,1.371,1.153,0.841,4.167,4.952,1.189,2.688,6.028,2.243,0.375,1.284,1.811,1.41,14.81,1
2026-07-29T16:53:14Z,1.58,"22 km N of Redway, CA",231.9,8.5,100.0,100sps,4.083,4.32,4.361,2.28,1.07,9.308,334.0,NNW,35.17,62.14,4.91,0,0.359,1.414,0,0,1.056,1.01,0.957,4.442,4.373,0.985,3.074,2.766,0.9,1.063,0.939,1.4,1.491,19.33,1
2026-07-29T16:30:50Z,1.45,"12 km ESE of Hidden Valley Lake, CA",41.8,9.9,100.0,100sps,5.193,3.59,4.099,1.32,0.79,6.833,25.6,NNE,7.19,12.41,9.9,0,4.083,0.224,0,0,1.022,1.329,1.301,3.616,4.042,1.118,2.787,3.025,1.086,1.198,0.911,2.074,2.277,8.3,0
2026-07-29T16:24:31Z,0.32,"6 km WNW of Cobb, CA",45.2,2.5,100.0,100sps,4.467,5.554,4.585,2.66,1.03,11.903,341.0,NNW,7.8,13.46,3.83,0,0.273,1.64,0,1,1.215,1.197,0.985,5.732,4.954,0.864,3.442,2.67,0.776,1.271,1.095,1.457,1.331,20.76,0
2026-07-29T16:20:50Z,0.81,"6 km NW of The Geysers, CA",44.2,3.2,100.0,100sps,3.972,4.442,2.174,0.7,0.55,2.782,338.7,NNW,7.63,13.17,26.26,0,0.87,0.505,0,0,1.643,0.975,0.593,4.274,1.981,0.463,2.853,1.98,0.694,0.855,1.574,1.14,0.724,20.96,0
2026-07-29T16:14:21Z,1.06,"3 km W of The Geysers, CA",39.2,1.7,100.0,100sps,5.417,4.229,7.199,4.01,1.33,21.739,337.2,NNW,6.76,11.66,1.17,0,1.805,1.081,0,1,1.063,1.2,1.129,4.306,7.531,1.749,2.568,2.845,1.108,1.019,0.957,2.349,2.454,4.52,0
2026-07-29T16:09:12Z,1.18,"15 km E of Seven Trees, CA",152.2,6.7,100.0,100sps,3.472,3.998,4.508,2.8,1.3,9.714,146.5,SSE,25.52,44.76,2.83,0,0.323,1.478,0,1,1.039,0.981,0.944,4.056,4.62,1.139,2.575,2.794,1.085,0.87,0.918,1.331,1.451,16.35,1
2026-07-29T16:02:02Z,0.38,"7 km W of Cobb, CA",44.7,1.3,100.0,100sps,4.183,3.182,11.536,7.48,2.76,31.298,339.9,NNW,7.7,13.3,3.12,0,0.318,1.993,1,1,1.014,1.256,1.239,3.085,12.035,3.9,2.434,8.257,3.393,0.365,0.883,2.028,2.296,6.31,0
2026-07-29T15:57:28Z,0.76,"7 km ESE of Cloverdale, CA",45.8,5.3,100.0,100sps,3.038,4.45,3.5,1.67,1.15,5.087,322.4,NW,7.9,13.64,15.88,0,0.739,0.838,0,0,1.01,1.037,1.026,4.568,3.581,0.784,3.654,2.627,0.719,1.428,0.87,1.744,2.005,4.66,0
2026-07-29T15:57:02Z,0.35,"3 km SE of The Geysers, CA",35.7,1.1,100.0,100sps,2.973,2.743,5.64,3.57,1.9,10.599,344.9,NNW,6.16,10.63,5.1,0,0.396,1.427,0,1,0.945,1.019,1.078,2.646,5.88,2.222,2.615,5.385,2.059,0.524,0.814,1.46,1.795,12.68,0
2026-07-29T15:35:02Z,0.27,"8 km W of Cobb, CA",45.9,1.7,100.0,100sps,5.284,2.955,2.17,0.64,0.41,3.384,338.4,NNW,7.92,13.66,11.12,0,0.239,1.152,0,0,1.016,0.897,0.882,2.879,2.017,0.701,2.581,2.197,0.851,1.037,0.901,1.003,1.114,22.19,0
2026-07-29T15:25:32Z,0.7,"7 km WNW of Cobb, CA",45.4,1.9,100.0,100sps,2.742,4.598,3.732,2.16,1.36,5.912,340.4,NNW,7.83,13.51,7.82,0,0.651,0.958,0,0,1.201,1.014,0.844,4.557,3.7,0.812,2.401,2.166,0.902,0.935,1.119,1.308,1.169,14.91,0
2026-07-29T15:18:02Z,0.13,"1 km N of The Geysers, CA",39.0,2.0,100.0,100sps,3.764,3.914,3.5,1.64,0.93,6.162,342.6,NNW,6.72,11.59,7.38,0,0.214,1.46,0,0,1.083,0.96,0.886,3.929,3.499,0.89,3.316,2.134,0.644,1.376,0.959,1.054,1.099,21.54,0
2026-07-29T15:09:51Z,0.28,"6 km NNW of The Geysers, CA",43.7,1.1,100.0,100sps,3.326,4.222,6.177,2.97,1.86,9.864,340.3,NNW,7.53,13.0,12.73,0,0.26,1.578,0,1,1.019,1.199,1.177,4.329,6.306,1.457,2.849,3.376,1.185,0.993,0.907,2.646,2.918,2.64,0
2026-07-29T15:02:34Z,0.9,"7 km W of Cobb, CA",45.4,2.1,100.0,100sps,3.841,2.907,6.982,4.37,1.82,16.797,339.1,NNW,7.84,13.53,2.56,0,1.032,1.212,0,1,0.987,1.066,1.08,2.812,7.18,2.553,2.58,3.181,1.233,0.876,0.865,1.292,1.494,22.85,0
2026-07-29T14:28:06Z,1.64,"8 km ESE of Cloverdale, CA",45.8,6.2,100.0,100sps,3.052,3.094,4.256,2.93,1.39,8.944,323.6,NW,7.89,13.62,3.2,0,5.609,0.203,0,1,0.902,1.07,1.187,3.114,4.238,1.361,1.902,2.122,1.116,1.064,0.782,1.873,2.395,7.83,0
2026-07-29T13:51:13Z,1.65,"5 km NNW of The Geysers, CA",43.4,2.2,100.0,100sps,2.957,3.402,2.616,1.11,0.88,3.288,340.4,NNW,7.47,12.9,25.76,0,6.161,-0.273,0,0,1.016,1.33,1.309,3.38,2.264,0.67,1.955,1.678,0.858,1.525,0.902,1.738,1.927,18.29,0
2026-07-29T13:46:14Z,0.89,"11 km WNW of Cobb, CA",48.9,1.1,100.0,100sps,3.382,8.189,5.393,2.74,1.59,9.277,337.3,NNW,8.44,14.56,8.13,0,0.914,1.006,0,1,1.446,1.289,0.892,8.454,5.481,0.648,3.458,3.441,0.995,0.896,1.37,1.637,1.194,21.92,0
2026-07-29T12:40:27Z,1.05,"8 km NW of The Geysers, CA",45.4,2.0,100.0,100sps,2.461,2.454,2.414,1.48,0.98,3.641,338.0,NNW,7.83,13.52,13.01,0,1.458,0.397,0,0,0.983,1.016,1.034,2.313,2.242,0.969,1.785,1.807,1.012,1.021,0.864,1.068,1.236,23.62,0
2026-07-29T12:13:38Z,1.6,"9 km NNE of Truckee, CA",239.5,6.0,100.0,100sps,2.629,1.624,1.7,0.87,0.65,2.299,62.8,ENE,36.41,64.33,26.59,0,0.351,0.816,0,0,1.015,1.048,1.032,1.253,1.348,1.076,1.616,2.222,1.375,0.751,0.869,1.635,1.881,10.51,1
2026-07-29T11:53:48Z,0.41,"3 km W of Cobb, CA",43.2,2.5,100.0,100sps,1.747,1.583,1.497,1.17,0.86,2.045,343.6,NNW,7.44,12.84,17.41,0,0.357,0.758,0,0,0.98,1.016,1.036,1.244,1.068,0.858,1.974,1.965,0.996,1.041,0.85,1.269,1.494,18.17,0
2026-07-29T11:40:28Z,0.97,"9 km NW of Redwood Valley, CA",113.0,6.4,100.0,100sps,1.85,1.524,1.443,1.15,0.78,2.123,329.6,NNW,19.47,33.6,16.53,0,0.329,0.81,0,0,0.934,0.951,1.019,1.202,1.074,0.894,1.383,1.384,1.0,1.018,0.81,1.563,1.931,7.31,0
2026-07-29T11:21:37Z,1.34,"12 km NNW of Angwin, CA",28.4,5.3,100.0,100sps,1.489,1.407,2.384,3.1,1.6,4.619,23.8,NNE,4.89,8.44,6.58,1,5.154,-0.048,0,1,0.961,1.418,1.476,1.009,1.816,1.8,1.845,2.126,1.152,1.281,0.842,2.701,3.206,4.17,0
2026-07-29T10:48:54Z,1.87,"7 km ESE of Cloverdale, CA",46.0,6.8,100.0,100sps,1.444,1.389,2.742,3.49,1.9,5.038,322.2,NW,7.93,13.68,7.32,1,9.467,-0.274,0,1,0.933,1.667,1.787,1.008,2.02,2.004,1.814,1.735,0.957,1.868,0.788,3.502,4.444,4.36,0
2026-07-29T10:43:14Z,1.79,"37 km NNE of Toms Place, CA",362.0,5.4,100.0,100sps,1.391,1.373,1.504,1.69,1.08,2.352,98.8,E,51.64,91.71,12.99,0,0.202,1.067,0,0,0.943,1.001,1.061,0.971,1.096,1.128,1.333,1.483,1.113,0.954,0.806,1.561,1.936,9.72,1
2026-07-29T10:33:46Z,0.21,"7 km ESE of Cloverdale, CA",46.5,6.3,100.0,100sps,1.409,1.335,1.293,1.16,0.92,1.639,321.8,NW,8.02,13.84,21.55,0,0.204,0.905,0,0,0.934,0.93,0.996,0.925,0.886,0.958,1.334,1.41,1.056,0.943,0.805,1.168,1.45,16.77,0
2026-07-29T10:32:36Z,1.58,"9 km WSW of Petrolia, CA",255.2,7.5,100.0,100sps,1.386,1.317,1.329,1.35,0.96,1.869,324.0,NW,38.17,67.53,17.04,0,0.292,0.806,0,0,0.932,0.937,1.005,0.901,0.912,1.013,1.339,1.368,1.021,0.984,0.807,1.18,1.462,18.27,1
2026-07-29T10:21:02Z,1.62,"5 km NW of The Geysers, CA",43.3,3.1,100.0,100sps,1.359,1.323,1.562,1.65,1.15,2.236,339.2,NNW,7.47,12.89,13.74,0,5.768,-0.411,0,0,0.938,1.036,1.105,0.894,1.122,1.255,1.739,1.847,1.062,1.041,0.81,1.283,1.583,16.64,0
2026-07-29T10:07:18Z,0.94,"7 km ESE of Cloverdale, CA",46.0,4.7,100.0,100sps,1.475,1.4,1.336,1.25,0.91,1.85,323.0,NW,7.93,13.69,14.46,0,1.112,0.221,0,0,0.925,0.929,1.004,1.034,0.935,0.904,1.438,1.397,0.971,1.033,0.809,1.459,1.802,6.66,0
2026-07-29T09:35:47Z,1.06,"8 km ESE of Cloverdale, CA",45.4,3.6,100.0,100sps,1.302,1.329,1.352,1.39,1.04,1.811,322.5,NW,7.82,13.5,17.82,0,1.493,0.084,0,0,0.938,0.947,1.011,0.908,0.928,1.022,1.351,1.421,1.052,0.961,0.822,1.15,1.399,17.05,0
2026-07-29T09:32:22Z,1.28,"6 km WNW of Cobb, CA",45.0,2.4,100.0,100sps,1.43,1.284,1.298,1.11,0.91,1.588,340.7,NNW,7.76,13.4,22.54,0,2.503,-0.197,0,0,0.889,0.913,1.027,0.898,0.879,0.979,1.369,1.327,0.97,1.059,0.767,1.194,1.557,16.78,0
2026-07-29T09:28:33Z,1.12,"13 km S of Tres Pinos, CA",227.9,2.1,100.0,100sps,1.533,2.652,1.338,1.05,0.87,1.606,149.8,SSE,35.45,62.54,31.27,0,0.129,1.095,0,0,0.931,0.876,0.941,2.607,0.999,0.383,1.951,1.77,0.907,1.037,0.812,1.061,1.308,26.23,1
2026-07-29T09:10:46Z,0.59,"7 km ESE of Cloverdale, CA",46.0,4.7,100.0,100sps,1.387,1.368,1.772,1.93,1.28,2.67,322.1,NW,7.92,13.67,10.88,0,0.498,0.729,0,0,0.956,0.886,0.927,0.946,1.638,1.732,2.196,2.225,1.013,0.915,0.838,0.91,1.086,27.36,0
2026-07-29T09:08:47Z,2.06,"34 km NE of Redway, CA",231.3,25.5,100.0,100sps,1.599,1.28,1.283,1.15,0.8,1.832,338.9,NNW,33.06,58.65,18.09,0,1.091,0.225,0,0,0.886,0.911,1.028,0.899,0.867,0.965,2.121,2.07,0.976,1.053,0.76,1.242,1.634,16.45,1
2026-07-29T09:07:17Z,0.64,"13 km S of Tres Pinos, CA",228.2,0.6,100.0,100sps,1.51,1.585,1.44,1.26,0.95,1.895,150.0,SSE,35.68,62.91,21.93,0,0.043,1.648,0,0,0.984,0.974,0.99,1.239,1.026,0.828,1.651,2.297,1.392,0.711,0.843,1.383,1.641,13.6,1
2026-07-29T09:06:24Z,0.85,"7 km ESE of Cloverdale, CA",46.2,4.9,100.0,100sps,1.573,1.73,1.94,1.82,1.23,2.868,322.9,NW,7.95,13.73,11.51,0,0.901,0.503,0,0,0.928,1.101,1.187,1.46,1.613,1.105,1.411,2.108,1.494,0.794,0.765,1.432,1.872,13.02,0
2026-07-29T08:46:59Z,1.04,"6 km NW of The Geysers, CA",44.3,3.0,100.0,100sps,1.397,1.436,1.115,1.04,0.8,1.45,339.3,NNW,7.61,13.14,22.06,0,1.473,-0.007,0,0,0.976,0.796,0.815,1.038,0.752,0.724,1.582,1.189,0.752,1.084,0.828,0.975,1.177,16.67,0
2026-07-29T08:30:29Z,0.35,"7 km WNW of Cobb, CA",45.8,1.6,100.0,100sps,1.29,1.3,1.187,1.06,0.92,1.368,340.0,NNW,7.9,13.64,26.75,0,0.287,0.678,0,0,0.855,0.816,0.955,0.953,0.847,0.888,1.74,1.599,0.919,1.039,0.742,0.91,1.225,21.36,0
2026-07-29T08:21:02Z,0.34,"3 km SE of The Geysers, CA",36.0,1.4,100.0,100sps,1.405,1.594,1.252,1.32,0.89,1.857,344.5,NNW,6.2,10.7,10.55,0,0.384,0.685,0,0,0.866,0.846,0.977,1.382,0.899,0.65,1.427,1.159,0.812,1.203,0.763,1.163,1.525,12.1,0
2026-07-29T07:38:46Z,1.73,"10 km ESE of Willits, CA",117.8,8.4,100.0,100sps,1.303,1.39,1.296,1.41,0.99,1.836,332.8,NNW,20.3,35.05,17.49,0,1.767,0.017,0,0,0.918,0.884,0.963,1.014,0.924,0.912,1.696,2.01,1.185,0.812,0.806,1.087,1.349,21.65,0
2026-07-29T07:33:39Z,1.11,"15 km E of Seven Trees, CA",153.5,1.9,100.0,100sps,1.377,2.251,1.404,1.68,1.02,2.319,146.8,SSE,26.27,45.68,9.01,0,0.271,0.933,0,1,0.924,0.937,1.014,2.132,1.022,0.479,1.857,1.692,0.912,1.113,0.811,1.691,2.086,5.17,1
2026-07-29T07:24:13Z,0.69,"7 km WNW of Cobb, CA",45.4,2.2,100.0,100sps,2.246,1.743,1.716,1.85,0.76,4.147,340.1,NNW,7.82,13.49,1.28,0,0.637,0.814,0,0,0.984,0.787,0.8,1.441,1.612,1.118,7.597,4.428,0.583,1.373,0.849,0.954,1.123,17.16,0
2026-07-29T06:56:28Z,1.47,"1 km ESE of The Geysers, CA",37.4,2.4,100.0,100sps,1.511,1.475,1.304,1.03,0.86,1.563,343.5,NNW,6.45,11.14,24.51,0,4.918,-0.498,0,0,0.886,0.847,0.956,1.18,0.953,0.808,1.639,1.507,0.919,1.04,0.765,1.062,1.388,17.54,0
2026-07-29T06:56:18Z,1.02,"8 km ESE of Cloverdale, CA",45.5,3.6,100.0,100sps,1.536,1.523,1.262,1.02,0.82,1.563,322.8,NW,7.83,13.52,26.57,0,1.358,0.061,0,0,0.881,0.848,0.962,1.251,0.911,0.728,1.612,1.465,0.909,1.059,0.758,1.062,1.401,19.24,0
2026-07-29T06:49:47Z,1.46,"8 km ESE of Cloverdale, CA",45.6,5.5,100.0,100sps,1.465,1.616,1.703,1.92,1.16,2.815,323.2,NW,7.85,13.56,9.71,0,3.729,-0.122,0,0,0.888,1.132,1.275,1.362,1.245,0.914,2.271,2.366,1.042,1.224,0.756,1.82,2.407,6.69,0
2026-07-29T06:47:09Z,0.83,"7 km ESE of Cloverdale, CA",45.9,5.5,100.0,100sps,1.714,1.467,1.299,0.96,0.76,1.653,322.6,NW,7.91,13.66,23.12,0,0.866,0.281,0,0,0.977,0.863,0.883,1.068,0.954,0.894,2.271,2.133,0.939,0.94,0.836,1.055,1.263,17.77,0
2026-07-29T06:36:54Z,0.4,"7 km W of Cobb, CA",44.9,3.4,100.0,100sps,1.43,1.605,1.395,1.15,0.98,1.65,339.8,NNW,7.73,13.35,27.05,0,0.332,0.697,0,1,0.895,0.898,1.004,1.367,1.056,0.772,1.396,1.662,1.191,0.843,0.753,1.053,1.399,21.01,0
2026-07-29T06:22:49Z,1.04,"8 km ESE of Cloverdale, CA",46.0,6.0,100.0,100sps,1.495,2.22,1.356,1.15,0.91,1.718,322.9,NW,7.92,13.67,20.02,0,1.402,0.088,0,0,0.951,0.877,0.923,2.062,1.009,0.489,2.174,2.204,1.014,0.91,0.815,1.033,1.267,22.14,0
2026-07-29T05:51:08Z,1.63,"17 km NW of Pinnacles, CA",234.0,5.0,100.0,100sps,1.538,1.817,1.751,1.78,1.14,2.743,149.0,SSE,35.86,63.33,14.18,0,0.395,0.841,0,0,0.893,0.966,1.083,1.61,1.488,0.924,1.974,1.54,0.78,1.387,0.769,1.415,1.84,13.46,1
2026-07-29T05:48:06Z,0.9,"8 km ESE of Cloverdale, CA",45.7,4.9,100.0,100sps,1.811,1.494,1.254,0.88,0.69,1.587,322.7,NW,7.87,13.59,22.67,0,1.024,0.19,0,0,0.898,0.893,0.995,1.181,0.854,0.723,2.256,2.239,0.992,1.002,0.766,1.058,1.381,16.96,0
2026-07-29T05:36:09Z,1.04,"8 km ESE of Cloverdale, CA",45.4,6.3,100.0,100sps,1.928,2.5,1.76,1.25,0.91,2.412,323.1,NW,7.82,13.5,18.88,0,1.425,0.228,0,0,0.961,0.901,0.938,2.386,1.502,0.629,9.295,9.335,1.004,0.934,0.846,1.018,1.204,20.56,0
2026-07-29T05:34:53Z,0.93,"7 km ESE of Cloverdale, CA",46.0,5.2,100.0,100sps,1.935,1.783,2.706,2.54,1.4,4.909,321.7,NW,7.93,13.68,5.5,0,1.087,0.655,0,0,0.901,0.97,1.078,1.538,2.611,1.698,9.299,9.389,1.01,1.067,0.787,1.276,1.621,14.11,0
2026-07-29T05:18:18Z,0.4,"8 km NW of The Geysers, CA",45.5,1.6,100.0,100sps,1.955,1.796,1.741,1.35,0.89,2.636,338.4,NNW,7.85,13.56,12.18,0,0.325,0.909,0,0,0.887,0.895,1.009,1.59,1.499,0.943,8.007,4.173,0.521,1.937,0.766,1.082,1.412,16.73,0
2026-07-29T05:16:49Z,1.07,"10 km NW of Redwood Valley, CA",113.0,6.2,100.0,100sps,1.809,2.133,2.032,2.07,1.12,3.751,329.5,NNW,19.47,33.61,6.36,0,0.414,0.957,0,0,0.952,0.887,0.932,1.948,1.883,0.966,9.045,8.758,0.968,0.962,0.825,1.086,1.316,25.19,0
2026-07-29T05:08:01Z,1.18,"7 km ESE of Cloverdale, CA",46.1,5.5,100.0,100sps,2.018,1.435,1.785,1.15,0.88,2.324,322.3,NW,7.94,13.71,22.41,0,1.928,0.081,0,0,0.946,0.91,0.962,1.065,1.556,1.462,3.052,8.919,2.923,0.329,0.8,1.146,1.433,15.29,0
2026-07-29T05:07:27Z,0.61,"7 km ESE of Cloverdale, CA",46.0,5.7,100.0,100sps,2.15,1.725,3.194,3.73,1.49,8.018,321.5,NW,7.92,13.67,1.96,0,0.521,1.188,0,0,0.94,0.934,0.994,1.473,3.294,2.236,2.403,7.583,3.156,0.315,0.809,1.236,1.528,14.11,0
2026-07-29T04:59:41Z,0.96,"7 km ESE of Cloverdale, CA",45.9,6.3,100.0,100sps,1.965,1.79,1.607,1.11,0.82,2.185,322.3,NW,7.92,13.68,17.98,0,1.167,0.272,0,0,0.901,1.063,1.18,1.58,1.168,0.739,1.432,1.591,1.111,1.063,0.795,1.329,1.673,17.35,0
2026-07-29T04:39:25Z,1.1,"7 km ESE of Cloverdale, CA",46.1,6.3,100.0,100sps,1.912,2.17,2.45,2.38,1.28,4.548,322.8,NW,7.93,13.68,5.53,0,1.605,0.452,0,0,0.946,0.91,0.961,2.006,2.34,1.167,1.88,2.319,1.233,0.779,0.822,1.187,1.444,16.04,0
2026-07-29T04:32:48Z,0.93,"8 km ESE of Cloverdale, CA",45.5,4.6,100.0,100sps,2.014,2.355,2.538,2.34,1.26,4.721,322.8,NW,7.84,13.53,5.55,0,1.104,0.631,0,0,0.978,1.056,1.08,2.213,2.342,1.058,9.257,9.057,0.978,1.104,0.85,1.262,1.484,17.29,0
2026-07-29T04:09:08Z,0.7,"7 km ESE of Cloverdale, CA",46.7,5.8,100.0,100sps,2.735,2.398,2.876,1.42,1.05,3.888,322.4,NW,8.04,13.88,16.8,0,0.628,0.792,0,0,0.999,0.857,0.857,2.287,2.368,1.035,9.168,11.504,1.255,0.683,0.882,1.155,1.309,11.42,0
2026-07-29T03:49:59Z,1.19,"9 km NW of The Geysers, CA",45.7,2.2,100.0,100sps,2.65,4.668,2.329,1.15,0.88,3.036,335.0,NNW,7.87,13.59,19.58,0,1.997,0.182,0,0,2.667,0.852,0.319,3.631,2.232,0.615,8.798,8.844,1.005,0.318,2.58,0.946,0.367,20.85,0
2026-07-29T03:48:38Z,2.23,"8 km ESE of Cloverdale, CA",45.8,5.5,100.0,100sps,2.206,2.903,6.985,5.62,3.17,12.411,323.4,NW,7.9,13.64,9.1,1,21.831,-0.245,1,0,0.976,4.064,4.165,2.81,5.327,1.896,8.887,8.813,0.992,4.199,0.85,7.856,9.241,8.34,0
2026-07-29T03:41:58Z,0.69,"7 km ESE of Cloverdale, CA",46.3,3.9,100.0,100sps,2.35,2.167,1.973,1.15,0.84,2.705,323.1,NW,7.97,13.77,17.01,0,0.621,0.639,0,0,0.935,0.921,0.985,2.008,1.759,0.876,8.687,8.57,0.987,0.998,0.797,1.196,1.501,15.64,0
2026-07-29T03:36:23Z,0.94,"7 km ESE of Cloverdale, CA",46.2,6.0,100.0,100sps,2.286,5.528,1.732,1.18,0.76,2.691,322.1,NW,7.96,13.74,10.73,0,1.108,0.385,0,0,0.857,0.921,1.074,5.63,1.46,0.259,2.476,2.221,0.897,1.197,0.738,1.191,1.614,15.0,0
2026-07-29T03:35:59Z,0.61,"7 km ESE of Cloverdale, CA",46.0,5.2,100.0,100sps,2.246,4.145,1.8,1.18,0.8,2.652,321.4,NW,7.93,13.68,13.36,0,0.52,0.707,0,0,0.884,0.87,0.984,4.123,1.603,0.389,2.489,2.109,0.847,1.161,0.758,0.951,1.255,24.88,0
2026-07-29T03:10:51Z,0.7,"7 km ESE of Cloverdale, CA",45.9,4.4,100.0,100sps,2.866,2.306,2.305,1.49,0.8,4.264,321.7,NW,7.92,13.66,3.82,0,0.642,0.823,0,0,0.914,0.89,0.974,2.212,2.223,1.005,2.387,2.263,0.948,1.028,0.786,0.916,1.166,24.96,0
2026-07-29T03:05:39Z,0.69,"7 km ESE of Cloverdale, CA",46.0,6.2,100.0,100sps,2.376,2.282,2.021,1.21,0.85,2.872,322.6,NW,7.92,13.67,14.17,0,0.627,0.661,0,0,0.999,0.876,0.877,2.106,1.855,0.881,7.282,2.305,0.317,2.769,0.887,0.974,1.098,23.59,0
2026-07-29T03:01:22Z,0.96,"7 km ESE of Cloverdale, CA",45.8,5.2,100.0,100sps,2.602,2.265,2.356,1.04,0.91,2.699,321.8,NW,7.9,13.63,27.21,0,1.171,0.363,0,0,0.918,0.925,1.007,2.132,2.2,1.032,8.872,8.808,0.993,1.014,0.793,1.032,1.302,23.2,0
2026-07-29T02:59:49Z,1.0,"8 km ESE of Cloverdale, CA",45.5,4.1,100.0,100sps,2.69,2.067,2.607,1.91,0.97,5.135,322.5,NW,7.84,13.53,3.48,0,1.298,0.597,0,0,0.975,0.911,0.934,1.835,2.537,1.382,8.786,9.01,1.026,0.91,0.859,1.222,1.423,14.62,0
2026-07-29T02:50:19Z,0.7,"7 km ESE of Cloverdale, CA",46.1,5.3,100.0,100sps,2.839,2.455,1.722,0.73,0.61,2.072,322.6,NW,7.94,13.71,28.42,0,0.639,0.511,0,0,0.956,0.903,0.945,2.305,1.457,0.632,8.709,8.47,0.973,0.972,0.832,1.008,1.212,21.25,0
2026-07-29T02:44:36Z,0.97,"8 km ESE of Cloverdale, CA",45.8,6.1,100.0,100sps,11.65,3.137,3.103,0.44,0.27,5.095,323.1,NW,7.9,13.64,8.78,0,1.2,0.628,0,0,1.054,0.912,0.866,3.044,3.021,0.993,8.508,8.539,1.004,0.863,0.908,1.094,1.204,17.59,0
2026-07-29T02:42:58Z,0.59,"7 km ESE of Cloverdale, CA",46.1,6.0,100.0,100sps,84.601,3.153,3.463,0.08,0.04,7.123,322.9,NW,7.95,13.72,4.39,0,0.495,1.158,0,0,1.881,0.952,0.506,2.643,3.4,1.287,8.606,8.422,0.979,0.517,1.068,1.144,1.071,17.45,0
2026-07-29T02:42:30Z,1.25,"7 km ESE of Cloverdale, CA",46.0,5.5,100.0,100sps,2.761,6.955,3.116,1.82,1.13,5.035,322.0,NW,7.91,13.66,9.07,0,2.275,0.345,0,0,6.521,0.93,0.143,2.588,3.048,1.178,8.573,8.498,0.991,0.144,3.853,1.186,0.308,15.49,0
2026-07-29T02:41:46Z,1.16,"7 km ESE of Cloverdale, CA",46.2,7.0,100.0,100sps,3.076,189.681,2.839,1.3,0.92,4.006,322.1,NW,7.97,13.75,16.41,0,1.834,0.339,0,0,169.537,1.265,0.007,73.132,2.64,0.036,9.73,8.482,0.872,0.009,138.502,1.031,0.007,23.65,0
2026-07-29T02:40:44Z,3.05,"7 km ESE of Cloverdale, CA",46.7,7.8,100.0,100sps,2.45,179.936,19.229,14.23,7.85,34.88,321.8,NW,8.04,13.89,8.01,0,140.531,-0.605,1,0,157.541,18.899,0.12,73.308,4.068,0.055,7.122,8.648,1.214,0.099,136.416,15.804,0.116,9.96,0
2026-07-29T02:40:06Z,4.24,"8 km ESE of Cloverdale, CA",45.8,5.9,100.0,100sps,2.702,2.793,313.706,192.43,116.1,519.949,323.0,NW,7.89,13.61,12.9,1,2234.662,-0.633,1,1,0.919,280.531,305.416,2.716,120.659,44.42,2.044,11.244,5.501,55.518,0.791,449.24,567.588,8.33,0
2026-07-29T02:37:55Z,1.09,"13 km SE of Middletown, CA",28.6,5.8,100.0,100sps,2.165,2.84,2.1,1.44,0.97,3.11,22.2,NNE,4.92,8.49,13.38,0,2.879,0.033,0,0,0.914,0.898,0.982,2.845,1.908,0.671,2.094,1.912,0.913,1.076,0.788,1.409,1.787,6.5,0
2026-07-29T02:29:43Z,1.09,"9 km WNW of The Geysers, CA",45.3,2.2,100.0,100sps,2.778,2.784,2.211,1.12,0.8,3.102,334.8,NNW,7.79,13.45,19.58,0,1.606,0.286,0,0,0.942,1.033,1.097,2.687,1.969,0.733,8.462,8.437,0.997,1.1,0.814,1.525,1.873,9.34,0
2026-07-29T01:51:43Z,0.89,"11 km SSW of Mammoth Lakes, CA",330.8,3.6,100.0,100sps,2.381,2.888,2.704,1.87,1.14,4.448,106.6,ESE,48.01,85.14,12.32,0,0.032,2.141,0,0,1.033,0.846,0.819,2.721,2.654,0.975,7.372,7.286,0.988,0.829,0.936,1.008,1.077,28.65,1
2026-07-29T00:37:41Z,0.72,"9 km WNW of Cobb, CA",46.9,1.7,100.0,100sps,3.488,5.414,5.628,3.04,1.61,10.609,338.0,NNW,8.08,13.94,8.73,0,0.655,1.21,0,0,1.078,1.339,1.242,5.74,5.685,0.99,6.848,6.404,0.935,1.328,0.951,2.327,2.447,8.58,0
2026-07-29T00:26:06Z,1.08,"4 km WSW of Cobb, CA",42.2,1.9,100.0,100sps,3.71,7.556,6.36,3.15,1.71,11.699,343.1,NNW,7.27,12.55,9.39,0,1.719,0.833,0,0,3.789,1.178,0.311,6.575,6.525,0.992,11.919,6.944,0.583,0.534,3.273,1.944,0.594,10.69,0
2026-07-29T00:10:33Z,0.65,"3 km N of The Geysers, CA",41.2,4.4,100.0,100sps,3.293,3.687,2.6,1.01,0.79,3.334,342.8,NNW,7.11,12.27,22.29,0,0.658,0.705,0,0,0.883,0.934,1.058,3.794,2.462,0.649,6.913,6.731,0.974,1.087,0.763,1.183,1.551,16.56,0
2026-07-29T00:02:40Z,0.88,"10 km WNW of The Geysers, CA",46.1,2.1,100.0,100sps,3.552,3.552,6.231,3.76,1.75,13.369,334.1,NNW,7.94,13.7,3.67,0,0.967,1.141,0,0,0.974,1.136,1.167,3.549,6.382,1.798,6.891,7.143,1.037,1.126,0.841,2.113,2.513,4.12,0
2026-07-28T23:45:38Z,0.94,"3 km NW of The Geysers, CA",40.5,3.4,100.0,100sps,4.3,3.678,4.436,2.07,1.03,8.894,340.2,NNW,6.98,12.04,2.62,0,1.314,0.831,0,0,1.186,1.054,0.889,3.584,4.456,1.243,7.28,7.152,0.982,0.905,1.047,1.822,1.739,4.89,0
2026-07-28T23:44:45Z,0.46,"13 km SE of Middletown, CA",29.1,6.2,100.0,100sps,4.374,4.256,3.92,1.58,0.9,6.932,22.4,NNE,5.01,8.65,4.29,0,0.66,1.022,0,0,1.24,0.955,0.77,4.129,3.98,0.964,7.855,7.182,0.914,0.842,1.145,1.258,1.099,13.93,0
2026-07-28T23:20:05Z,0.73,"8 km WNW of Cobb, CA",46.2,1.7,100.0,100sps,3.219,3.756,3.753,1.68,1.17,5.401,339.0,NNW,7.96,13.74,16.01,0,0.683,0.898,0,0,0.988,0.924,0.936,3.769,3.861,1.024,7.216,7.316,1.014,0.923,0.854,1.154,1.351,18.43,0
2026-07-28T23:05:34Z,1.53,"7 km SSE of Spanish Springs, Nevada",284.8,11.8,100.0,100sps,3.736,3.158,2.88,1.14,0.77,4.268,62.7,ENE,41.3,73.23,21.08,0,0.202,1.324,0,0,1.201,0.955,0.796,3.017,2.827,0.937,2.547,2.738,1.075,0.74,1.103,1.119,1.015,28.81,1
2026-07-28T22:39:10Z,2.17,"8 km NE of Alum Rock, CA",139.0,9.0,100.0,100sps,3.986,3.685,3.838,2.12,0.96,8.469,146.4,SSE,23.6,40.99,3.07,0,3.696,0.36,0,0,0.959,0.999,1.042,3.651,3.838,1.051,7.015,7.007,0.999,1.044,0.848,1.428,1.684,11.66,0
2026-07-28T22:09:57Z,0.53,"10 km NW of Parkfield, CA",334.7,9.1,100.0,100sps,5.069,4.566,5.291,1.92,1.04,9.738,145.5,SE,47.8,84.88,9.39,0,0.014,2.854,0,0,1.027,0.959,0.934,4.711,5.459,1.159,3.058,3.13,1.023,0.912,0.908,1.089,1.2,33.04,1
2026-07-28T21:59:45Z,0.91,"7 km NW of The Geysers, CA",44.7,1.8,100.0,100sps,5.674,4.394,2.702,0.78,0.48,4.418,338.4,NNW,7.72,13.32,9.75,0,1.078,0.613,0,0,1.082,1.005,0.929,4.473,2.563,0.573,6.845,6.43,0.939,0.989,0.987,1.355,1.373,14.56,0
2026-07-28T21:57:29Z,1.3,"3 km WNW of Pinnacles, CA",248.6,3.0,100.0,100sps,4.489,4.351,6.267,3.21,1.4,14.427,148.6,SSE,37.9,66.96,7.42,0,0.162,1.949,0,0,1.126,1.127,1.001,4.414,6.559,1.486,6.825,6.94,1.017,0.985,1.003,1.86,1.855,10.39,1
2026-07-28T21:19:15Z,0.27,"6 km WNW of Cobb, CA",45.2,1.5,100.0,100sps,3.022,3.41,3.687,2.14,1.22,6.461,341.7,NNW,7.77,13.42,6.75,0,0.244,1.423,0,1,0.983,0.98,0.997,3.475,3.717,1.07,2.081,4.351,2.09,0.477,0.853,1.106,1.297,21.94,0
2026-07-28T21:00:31Z,1.06,"7 km NW of The Geysers, CA",44.9,2.8,100.0,100sps,4.639,3.906,4.284,1.68,0.92,7.779,338.8,NNW,7.74,13.37,5.25,0,1.513,0.711,0,0,1.048,0.971,0.927,3.946,4.379,1.11,2.262,2.76,1.22,0.76,0.932,1.245,1.337,18.2,0
2026-07-28T20:47:17Z,1.04,"5 km WNW of The Geysers, CA",41.7,3.3,100.0,100sps,3.726,3.379,2.53,1.09,0.68,4.045,336.9,NNW,7.18,12.4,7.93,0,1.592,0.405,0,0,1.001,1.095,1.094,3.308,2.323,0.702,5.664,5.904,1.042,1.049,0.851,1.53,1.798,11.68,0
2026-07-28T19:26:42Z,0.52,"4 km NW of Cobb, CA",45.7,1.1,100.0,100sps,4.744,7.909,2.978,0.82,0.63,3.911,345.3,NNW,7.88,13.61,18.01,0,0.426,0.963,0,0,1.055,1.115,1.057,8.135,2.831,0.348,9.36,5.506,0.588,1.796,0.914,1.541,1.687,11.0,0
2026-07-28T18:34:00Z,1.53,"7 km E of Santa Venetia, CA",53.7,-0.0,100.0,100sps,4.621,3.58,2.072,0.64,0.45,2.959,163.5,SSE,9.26,15.99,17.17,0,3.524,-0.076,0,0,1.002,1.022,1.02,3.623,1.828,0.505,2.95,2.097,0.711,1.435,0.901,1.359,1.509,14.85,0
2026-07-28T18:25:40Z,0.77,"5 km WNW of The Geysers, CA",41.7,3.3,100.0,100sps,2.6,3.734,3.809,2.61,1.47,6.798,336.9,NNW,7.18,12.39,5.65,0,0.856,0.9,0,0,0.972,1.116,1.149,3.78,3.757,0.994,2.518,2.896,1.15,0.999,0.84,1.624,1.932,7.52,0
2026-07-28T17:59:31Z,0.34,"6 km NW of The Geysers, CA",43.7,-0.7,100.0,100sps,4.289,3.79,4.527,1.79,1.06,7.658,339.7,NNW,7.54,13.02,7.19,0,0.299,1.409,0,0,1.02,1.152,1.13,3.856,4.645,1.204,2.611,3.21,1.23,0.919,0.89,1.488,1.672,13.2,0
2026-07-28T17:43:29Z,0.67,"8 km NW of The Geysers, CA",45.3,1.8,100.0,100sps,4.163,5.32,3.803,1.41,0.91,5.861,338.2,NNW,7.82,13.49,10.94,0,0.609,0.983,0,0,1.25,1.336,1.069,5.459,3.782,0.693,2.499,2.553,1.022,1.046,1.17,1.862,1.591,11.5,0
2026-07-28T17:40:06Z,0.45,"5 km WNW of Cobb, CA",45.3,2.5,100.0,100sps,3.824,4.175,3.511,1.68,0.92,6.425,342.4,NNW,7.8,13.46,3.6,0,0.367,1.243,0,0,0.971,1.119,1.152,4.229,3.493,0.826,3.355,2.227,0.664,1.736,0.837,1.711,2.044,8.38,0
2026-07-28T17:35:41Z,0.96,"19 km W of Mammoth Lakes, CA",314.8,5.0,100.0,100sps,4.063,3.648,3.892,1.98,0.96,8.031,106.2,ESE,45.84,81.28,6.06,0,0.043,2.273,0,0,1.039,0.998,0.96,3.728,3.962,1.063,2.396,2.66,1.111,0.864,0.914,1.212,1.326,26.63,1
2026-07-28T16:45:07Z,1.28,"2 km N of The Geysers, CA",39.8,1.3,100.0,100sps,3.684,3.825,3.502,1.6,0.95,5.892,343.0,NNW,6.85,11.83,7.2,0,2.942,0.302,0,0,1.008,1.08,1.071,3.878,3.465,0.894,2.331,2.044,0.877,1.222,0.907,1.236,1.363,18.38,0
2026-07-28T16:37:35Z,0.75,"10 km WNW of Cobb, CA",49.3,1.7,100.0,100sps,4.212,3.718,3.932,2.09,0.93,8.802,339.4,NNW,8.5,14.67,2.44,0,0.656,1.128,0,1,1.005,1.04,1.036,3.653,3.944,1.08,2.566,2.577,1.004,1.031,0.89,1.626,1.827,8.84,0
2026-07-28T16:35:41Z,1.73,"22 km W of Petrolia, CA",264.2,14.5,100.0,100sps,3.328,4.119,4.15,2.45,1.25,8.143,321.7,NW,38.4,68.07,7.22,0,0.382,1.329,0,0,0.971,1.049,1.081,4.289,4.08,0.951,3.976,2.548,0.641,1.687,0.838,1.296,1.546,23.48,1
2026-07-28T16:20:30Z,0.22,"4 km ESE of Pistol River, Oregon",448.8,12.5,100.0,100sps,3.98,7.507,4.157,1.45,1.04,5.776,341.5,NNW,61.49,109.56,23.38,0,0.003,3.294,0,0,1.012,1.108,1.095,8.125,4.161,0.512,3.213,3.303,1.028,1.065,0.875,1.65,1.885,13.86,1
2026-07-28T16:15:27Z,1.06,"9 km WNW of Cobb, CA",49.0,1.5,100.0,100sps,4.147,2.905,2.674,1.07,0.64,4.433,339.8,NNW,8.44,14.58,8.09,0,1.351,0.516,0,0,1.105,1.045,0.946,2.787,2.546,0.913,2.276,2.072,0.91,1.039,1.01,1.25,1.238,21.59,0
2026-07-28T16:09:20Z,0.4,"3 km W of Cobb, CA",42.5,1.9,100.0,100sps,4.144,3.407,2.948,1.2,0.71,4.974,343.3,NNW,7.33,12.66,7.89,0,0.355,1.146,0,0,0.974,1.094,1.123,3.397,2.789,0.821,2.096,2.236,1.067,1.053,0.851,1.346,1.582,17.69,0
2026-07-28T14:35:07Z,0.7,"2 km N of The Geysers, CA",39.9,0.6,100.0,100sps,3.745,4.119,3.675,2.17,0.98,8.109,343.1,NNW,6.87,11.86,3.87,0,0.771,1.022,0,0,1.076,0.968,0.9,4.157,3.639,0.875,2.51,1.975,0.787,1.144,0.97,1.278,1.317,15.43,0
2026-07-28T14:34:52Z,0.9,"12 km SSW of Tres Pinos, CA",225.6,1.5,100.0,100sps,3.753,4.281,2.542,0.96,0.68,3.59,150.0,SSE,35.24,62.15,25.04,0,0.08,1.655,0,0,1.022,0.948,0.927,4.343,2.412,0.555,2.958,1.818,0.615,1.509,0.918,1.278,1.392,18.31,1
2026-07-28T13:40:48Z,1.03,"3 km S of Anderson Springs, CA",33.4,1.0,100.0,100sps,3.109,2.628,3.348,1.68,1.08,5.216,348.2,NNW,5.75,9.93,10.97,0,2.065,0.402,0,0,0.962,0.97,1.008,2.534,3.301,1.302,2.057,2.187,1.063,0.948,0.842,1.618,1.922,6.28,0
2026-07-28T13:21:33Z,2.19,"6 km SSE of San Juan Bautista, CA",208.5,4.4,100.0,100sps,3.661,4.012,2.745,1.22,0.75,4.484,151.9,SSE,32.77,57.76,14.95,0,1.823,0.391,0,0,1.038,0.906,0.873,3.985,2.663,0.668,2.824,2.75,0.974,0.896,0.905,1.019,1.126,31.45,1
2026-07-28T13:04:46Z,0.36,"14 km W of Toms Place, CA",346.1,9.2,100.0,100sps,2.052,2.361,1.527,1.24,0.74,2.547,105.3,ESE,49.2,87.4,12.17,0,0.008,2.479,0,0,1.024,0.846,0.826,2.192,1.281,0.584,2.271,1.357,0.598,1.382,0.887,1.22,1.376,14.32,1
2026-07-28T12:53:47Z,0.37,"5 km WNW of Cobb, CA",45.3,2.3,100.0,100sps,2.024,5.127,1.876,1.17,0.93,2.364,341.9,NNW,7.79,13.45,24.47,0,0.306,0.888,0,0,1.023,1.021,0.998,5.553,1.565,0.282,3.645,2.33,0.639,1.562,0.895,1.416,1.583,13.39,0
2026-07-28T12:00:07Z,0.27,"8 km NW of The Geysers, CA",45.8,1.9,100.0,100sps,1.906,1.566,2.09,2.08,1.1,3.97,338.3,NNW,7.89,13.62,5.46,0,0.24,1.219,0,0,0.971,0.925,0.953,1.228,1.914,1.558,1.908,1.983,1.04,0.917,0.846,1.269,1.499,12.03,0
2026-07-28T11:59:55Z,0.7,"6 km WNW of Cobb, CA",45.5,2.0,100.0,100sps,1.777,1.601,1.632,1.42,0.92,2.523,340.6,NNW,7.83,13.52,10.35,0,0.65,0.589,0,0,0.998,0.938,0.94,1.252,1.341,1.071,1.903,1.917,1.007,0.934,0.866,1.266,1.461,13.06,0
2026-07-28T11:14:02Z,0.96,"20 km SW of Toms Place, CA",350.4,7.2,100.0,100sps,1.358,1.374,1.515,1.74,1.12,2.362,107.6,ESE,49.99,88.78,14.52,0,0.033,1.861,0,0,0.93,0.85,0.914,0.983,1.274,1.295,1.317,1.41,1.071,0.853,0.805,1.008,1.251,29.53,1
2026-07-28T10:24:48Z,0.94,"10 km NW of The Geysers, CA",47.1,2.0,100.0,100sps,1.297,1.287,1.289,1.17,0.99,1.517,336.2,NNW,8.12,14.01,22.86,0,1.079,0.148,0,0,0.874,0.872,0.998,0.925,0.93,1.006,1.743,1.732,0.994,1.004,0.758,1.162,1.532,14.87,0
2026-07-28T10:07:04Z,1.17,"7 km E of Hidden Valley Lake, CA",44.1,9.6,100.0,100sps,1.331,1.405,1.338,1.23,1.01,1.631,17.3,NNE,7.59,13.11,23.56,0,1.997,-0.088,0,0,0.951,0.938,0.986,1.005,0.92,0.916,1.372,1.187,0.866,1.14,0.836,1.212,1.449,15.51,0
2026-07-28T09:48:18Z,0.44,"7 km W of Cobb, CA",44.9,2.0,100.0,100sps,1.407,1.438,2.99,6.49,2.13,9.129,339.4,NNW,7.75,13.37,1.57,0,0.363,1.401,0,1,0.994,0.946,0.952,1.0,2.964,2.964,1.808,1.954,1.081,0.881,0.862,1.353,1.57,11.12,0
2026-07-28T09:35:08Z,2.28,"34 km WNW of Petrolia, CA",284.1,17.7,100.0,100sps,1.346,1.317,1.214,1.15,0.9,1.552,322.8,NW,40.46,71.83,32.43,0,1.145,0.132,0,0,0.92,0.858,0.934,0.915,0.827,0.903,1.399,1.272,0.909,1.027,0.797,0.961,1.205,34.46,1
2026-07-28T09:27:57Z,1.59,"8 km ESE of Wilkerson, CA",402.8,9.5,100.0,100sps,1.373,1.268,1.426,1.35,1.04,1.851,108.0,ESE,56.19,99.97,22.21,0,0.095,1.291,0,0,0.885,0.972,1.098,0.886,1.019,1.15,1.563,1.559,0.997,1.101,0.758,1.498,1.976,9.8,1
2026-07-28T09:26:50Z,1.11,"0 km SE of East Richmond Heights, CA",63.2,7.3,100.0,100sps,1.357,1.386,1.188,1.05,0.88,1.426,154.4,SSE,10.89,18.79,28.37,0,1.074,0.123,0,0,0.935,0.863,0.923,0.989,0.787,0.795,1.749,1.552,0.887,1.04,0.822,1.012,1.232,22.54,0
2026-07-28T06:44:51Z,0.3,"9 km WNW of The Geysers, CA",45.7,2.7,100.0,100sps,1.58,1.399,1.7,1.77,1.08,2.799,334.5,NNW,7.87,13.58,9.35,0,0.258,1.036,0,0,0.934,0.793,0.849,1.028,1.533,1.491,1.777,1.714,0.965,0.88,0.809,0.985,1.216,18.22,0
2026-07-28T06:44:21Z,0.33,"13 km ENE of Cloverdale, CA",49.2,2.5,100.0,100sps,1.382,1.877,1.412,1.36,1.02,1.878,332.9,NNW,8.49,14.65,19.04,0,0.25,0.876,0,0,0.912,0.954,1.047,1.704,1.026,0.602,1.894,1.792,0.946,1.107,0.78,1.468,1.882,7.93,0
2026-07-28T06:39:04Z,1.09,"3 km SSW of Cobb, CA",39.8,0.6,100.0,100sps,2.004,2.108,1.336,0.73,0.67,1.467,346.1,NNW,6.86,11.84,25.19,0,1.899,-0.112,0,0,0.904,0.875,0.968,1.963,0.989,0.504,2.28,2.081,0.913,1.061,0.798,1.125,1.411,16.75,0
2026-07-28T06:07:50Z,0.89,"2 km NW of The Geysers, CA",39.8,1.5,100.0,100sps,1.637,1.731,2.057,2.4,1.26,3.934,341.3,NNW,6.84,11.81,3.91,0,1.198,0.517,0,0,0.9,0.858,0.953,1.511,1.898,1.255,1.791,1.736,0.969,0.983,0.78,1.108,1.42,13.22,0
2026-07-28T05:47:28Z,1.6,"16 km SE of Petrolia, CA",238.1,13.9,100.0,100sps,1.523,1.429,1.625,2.1,1.07,3.206,327.4,NNW,35.25,62.39,5.15,0,0.356,0.955,0,0,0.919,0.897,0.976,1.095,1.361,1.243,2.509,2.544,1.014,0.963,0.777,1.171,1.508,18.08,1
2026-07-28T05:46:49Z,1.54,"17 km SE of Petrolia, CA",237.3,12.5,100.0,100sps,1.507,1.439,1.945,2.13,1.29,3.206,327.5,NNW,35.33,62.51,11.15,0,0.312,1.012,0,0,0.939,0.932,0.993,1.092,1.734,1.589,2.188,2.69,1.23,0.807,0.801,1.401,1.749,10.73,1
2026-07-28T05:27:06Z,1.77,"5 km E of Willits, CA",122.0,1.5,100.0,100sps,1.581,1.55,1.471,1.1,0.93,1.742,331.6,NNW,21.03,36.29,35.49,0,1.832,-0.022,0,0,0.827,0.951,1.15,1.335,1.117,0.836,2.343,2.387,1.019,1.129,0.669,1.055,1.578,29.0,0
2026-07-28T05:04:38Z,0.76,"7 km NW of The Geysers, CA",44.6,2.0,100.0,100sps,1.655,1.932,1.671,1.39,1.01,2.292,338.5,NNW,7.68,13.26,17.01,0,0.766,0.476,0,0,0.917,0.988,1.077,1.768,1.352,0.765,2.213,2.248,1.016,1.061,0.78,1.314,1.685,10.76,0
2026-07-28T03:38:02Z,0.29,"3 km SE of The Geysers, CA",35.3,1.7,100.0,100sps,2.435,1.714,1.805,0.91,0.74,2.225,344.2,NNW,6.09,10.51,23.61,0,0.35,0.803,0,0,0.963,0.927,0.963,1.431,1.56,1.09,2.062,2.081,1.01,0.954,0.82,1.159,1.414,17.09,0
2026-07-28T02:38:00Z,0.62,"11 km NW of Parkfield, CA",333.6,6.0,100.0,100sps,2.818,3.712,2.148,1.03,0.76,2.914,145.4,SE,48.06,85.28,21.71,0,0.017,2.237,0,0,1.007,0.888,0.881,3.691,2.007,0.544,3.237,2.444,0.755,1.167,0.908,1.078,1.187,26.74,1
2026-07-28T02:20:43Z,1.04,"7 km WNW of Cobb, CA",45.7,1.9,100.0,100sps,2.394,2.385,2.427,1.75,1.01,4.183,339.4,NNW,7.89,13.62,7.44,0,1.412,0.472,0,1,0.995,0.829,0.833,2.218,2.37,1.069,2.338,2.438,1.043,0.799,0.874,1.123,1.285,14.58,0
2026-07-28T02:00:56Z,0.32,"6 km NW of The Geysers, CA",43.7,2.6,100.0,100sps,3.224,3.259,1.681,0.67,0.52,2.174,339.6,NNW,7.54,13.01,20.16,0,0.285,0.882,0,0,0.893,0.915,1.024,3.259,1.393,0.428,8.386,8.235,0.982,1.043,0.787,0.962,1.223,25.34,0
2026-07-28T01:20:21Z,2.27,"25 km WNW of Simmler, CA",394.8,12.0,100.0,100sps,2.996,4.924,1.99,0.96,0.66,2.884,146.7,SSE,54.88,97.66,23.98,0,0.48,0.779,0,0,0.985,0.95,0.965,5.024,1.757,0.35,6.015,5.161,0.858,1.125,0.858,1.254,1.461,18.77,1
2026-07-28T01:12:48Z,1.63,"7 km ENE of Floriston, California",256.5,7.7,100.0,100sps,3.32,3.744,2.463,1.21,0.74,4.014,64.2,ENE,38.31,67.77,14.09,0,0.324,1.093,0,0,0.959,1.054,1.099,3.777,2.281,0.604,5.782,5.665,0.98,1.122,0.831,1.673,2.012,8.8,1
2026-07-28T00:44:09Z,1.49,"7 km E of Huron, CA",339.2,9.3,100.0,100sps,3.255,3.405,1.945,0.73,0.6,2.374,136.5,SE,48.34,85.85,35.43,0,0.12,1.296,0,0,0.959,0.89,0.928,3.425,1.739,0.508,6.221,6.205,0.997,0.931,0.843,1.126,1.337,23.11,1
2026-07-28T00:06:53Z,0.37,"3 km W of Cobb, CA",42.8,1.7,100.0,100sps,3.135,4.069,4.006,2.95,1.28,9.246,343.8,NNW,7.38,12.74,1.41,0,0.329,1.449,0,0,1.19,1.081,0.908,4.117,4.012,0.974,6.474,6.594,1.018,0.892,1.084,1.355,1.25,16.53,0
2026-07-27T23:52:51Z,0.33,"4 km NNW of The Geysers, CA",42.0,3.6,100.0,100sps,3.739,3.453,4.568,1.61,1.22,6.016,340.7,NNW,7.24,12.5,16.58,0,0.307,1.292,0,0,0.899,1.131,1.258,3.501,4.594,1.312,6.281,6.154,0.98,1.284,0.774,1.407,1.817,14.42,0
2026-07-27T22:54:17Z,0.42,"4 km W of The Geysers, CA",39.0,3.0,100.0,100sps,4.001,2.858,4.197,1.64,1.05,6.542,336.9,NNW,6.73,11.61,11.05,0,0.416,1.196,0,0,0.989,0.962,0.972,2.74,4.263,1.556,6.366,6.299,0.989,0.983,0.871,1.095,1.257,20.47,0
2026-07-27T22:07:58Z,1.1,"7 km WNW of Cobb, CA",45.8,2.0,100.0,100sps,4.353,3.995,2.749,0.87,0.63,3.782,340.4,NNW,7.89,13.62,20.15,0,1.62,0.368,0,0,1.002,0.897,0.895,4.096,2.644,0.645,2.808,2.239,0.797,1.123,0.886,1.188,1.341,16.25,0
2026-07-27T22:06:29Z,1.06,"6 km NW of The Geysers, CA",43.5,2.3,100.0,100sps,4.073,4.8,3.631,1.31,0.89,5.349,339.3,NNW,7.5,12.95,13.97,0,1.577,0.53,0,0,1.019,1.024,1.005,4.85,3.704,0.764,2.67,2.763,1.035,0.971,0.908,1.165,1.283,21.99,0
2026-07-27T21:53:51Z,0.74,"9 km NW of The Geysers, CA",46.0,2.0,100.0,100sps,4.364,3.939,3.642,1.02,0.83,4.464,334.9,NNW,7.94,13.71,20.61,0,0.702,0.804,0,0,1.019,1.129,1.108,3.977,3.564,0.896,5.961,5.89,0.988,1.121,0.895,1.663,1.859,9.3,0
2026-07-27T21:47:36Z,0.69,"9 km WNW of The Geysers, CA",45.9,2.0,100.0,100sps,5.136,4.419,6.687,2.04,1.3,10.491,334.6,NNW,7.92,13.67,11.88,0,0.627,1.223,0,0,1.55,1.112,0.717,4.261,7.032,1.65,2.948,5.827,1.977,0.363,1.486,1.504,1.012,13.88,0
2026-07-27T21:35:39Z,2.35,"6 km NW of The Geysers, CA",43.4,2.3,100.0,100sps,5.127,4.579,9.546,2.89,1.86,14.843,339.4,NNW,7.48,12.92,10.66,0,30.84,-0.318,0,1,1.254,4.19,3.34,4.56,8.7,1.908,6.382,6.153,0.964,3.464,1.151,6.945,6.033,11.79,0
2026-07-27T21:30:13Z,1.95,"9 km NW of The Geysers, CA",45.8,2.2,100.0,100sps,3.405,3.307,3.026,1.21,0.89,4.107,335.2,NNW,7.91,13.65,19.13,0,11.442,-0.445,0,0,0.971,1.28,1.318,3.258,2.735,0.84,5.356,5.579,1.042,1.266,0.847,2.534,2.992,3.43,0
2026-07-27T20:52:37Z,1.16,"7 km NNW of Pinnacles, CA",243.8,7.2,100.0,100sps,3.659,3.622,4.52,2.69,1.24,9.847,147.6,SSE,36.8,65.05,2.96,0,0.123,1.905,0,0,1.002,0.982,0.98,3.635,4.598,1.265,5.171,5.369,1.038,0.944,0.881,1.281,1.454,21.45,1
2026-07-27T20:32:16Z,0.92,"11 km NE of Milpitas, CA",127.4,5.0,100.0,100sps,4.709,4.342,3.562,1.18,0.76,5.569,146.3,SSE,21.95,37.89,15.86,0,0.241,1.364,0,0,1.319,1.102,0.835,4.281,3.519,0.822,5.846,2.974,0.509,1.641,1.251,1.69,1.351,11.0,0
2026-07-27T20:27:18Z,1.83,"12 km ESE of Gilroy, CA",195.8,5.9,100.0,100sps,4.203,4.082,4.213,1.43,1.0,5.997,147.7,SSE,31.02,54.63,21.78,0,0.902,0.823,0,0,1.182,1.607,1.36,4.118,3.963,0.962,3.774,4.098,1.086,1.252,1.086,2.433,2.241,17.39,1
2026-07-27T19:27:50Z,0.35,"3 km ENE of The Geysers, CA",38.4,1.7,100.0,100sps,4.312,3.777,3.177,1.42,0.74,6.135,346.0,NNW,6.62,11.43,2.75,0,0.361,1.23,0,0,0.978,1.014,1.036,3.818,3.118,0.817,2.223,2.061,0.927,1.118,0.855,1.223,1.43,19.68,0
2026-07-27T19:19:04Z,0.44,"4 km NNW of The Geysers, CA",42.2,2.8,100.0,100sps,4.858,4.605,3.936,1.43,0.81,6.968,341.0,NNW,7.27,12.56,8.6,0,0.394,1.248,0,0,1.04,0.939,0.902,4.688,3.966,0.846,3.501,2.387,0.682,1.324,0.939,1.105,1.177,22.09,0
2026-07-27T19:17:16Z,1.38,"5 km ENE of Vallejo, CA",52.7,-0.1,100.0,100sps,3.893,5.79,5.132,2.63,1.32,10.229,132.6,SE,9.08,15.67,5.12,0,2.563,0.601,0,0,0.97,1.165,1.202,6.023,5.236,0.869,3.463,2.741,0.792,1.518,0.848,1.787,2.108,11.78,0
2026-07-27T19:13:51Z,1.97,"24 km WSW of Big Bend, CA",280.1,8.1,100.0,100sps,3.597,3.927,2.639,1.13,0.73,4.075,7.8,N,41.18,72.94,16.67,0,0.58,0.847,0,0,1.003,0.927,0.924,3.909,2.582,0.66,2.455,1.945,0.792,1.166,0.862,1.259,1.46,15.71,1
2026-07-27T19:05:26Z,0.3,"4 km NW of The Geysers, CA",41.8,1.4,100.0,100sps,3.764,4.104,4.119,1.7,1.09,6.395,340.5,NNW,7.2,12.43,9.76,0,0.289,1.345,0,1,1.012,1.012,1.0,4.202,4.137,0.985,2.576,2.439,0.947,1.056,0.869,1.257,1.446,17.37,0
2026-07-27T18:52:32Z,0.29,"8 km WNW of Cobb, CA",46.1,2.2,100.0,100sps,4.78,3.736,2.581,0.84,0.54,4.001,338.8,NNW,7.93,13.7,10.69,0,0.249,1.207,0,0,1.072,0.952,0.888,3.711,2.462,0.664,2.285,1.919,0.84,1.057,0.96,1.251,1.303,14.28,0
2026-07-27T18:44:41Z,1.02,"7 km NW of The Geysers, CA",44.4,2.2,100.0,100sps,4.203,4.36,2.098,0.59,0.5,2.466,339.3,NNW,7.65,13.2,28.22,0,1.403,0.245,0,0,0.978,0.875,0.895,4.541,1.939,0.427,2.667,1.853,0.695,1.289,0.833,1.019,1.224,21.79,0
2026-07-27T18:10:55Z,0.71,"7 km NW of The Geysers, CA",44.8,2.9,100.0,100sps,4.408,4.903,4.832,1.6,1.1,7.06,339.0,NNW,7.72,13.33,13.15,0,0.678,1.018,0,0,1.012,1.154,1.14,5.031,4.764,0.947,2.837,2.908,1.025,1.112,0.882,1.811,2.052,9.21,0
2026-07-27T18:09:56Z,0.78,"3 km ENE of The Geysers, CA",38.8,1.9,100.0,100sps,4.664,2.867,5.266,1.48,1.13,6.883,346.6,NNW,6.68,11.53,19.47,0,0.961,0.855,0,0,0.991,1.114,1.124,2.751,5.429,1.973,2.322,3.246,1.398,0.804,0.873,1.344,1.541,16.71,0
2026-07-27T17:52:49Z,0.08,"3 km ENE of The Geysers, CA",38.4,1.9,100.0,100sps,3.632,2.929,3.07,1.39,0.85,5.06,346.5,NNW,6.61,11.41,6.62,0,0.194,1.416,0,0,1.0,1.026,1.026,2.852,2.994,1.05,2.149,2.11,0.982,1.045,0.854,1.502,1.758,8.85,0
2026-07-27T17:31:35Z,1.48,"2 km NW of Redway, CA",215.5,21.8,100.0,100sps,3.219,3.138,3.857,3.19,1.2,10.265,331.1,NNW,31.48,55.75,1.91,0,0.332,1.49,0,1,1.015,0.963,0.949,3.094,3.911,1.264,2.679,2.383,0.889,1.067,0.898,1.159,1.291,24.98,1
2026-07-27T17:06:03Z,1.5,"17 km SE of Silver Springs, Nevada",322.7,6.6,100.0,100sps,5.265,4.473,3.208,1.14,0.61,5.978,71.6,ENE,46.64,82.74,7.19,0,0.139,1.632,0,0,0.981,0.922,0.94,4.685,3.179,0.679,2.926,2.65,0.906,1.038,0.848,1.173,1.383,20.11,1
2026-07-27T16:25:37Z,1.08,"6 km NNW of The Geysers, CA",43.7,0.9,100.0,100sps,4.838,4.072,4.082,1.18,0.84,5.702,340.6,NNW,7.53,13.0,16.7,0,1.644,0.54,0,0,1.184,1.021,0.862,4.085,4.119,1.008,2.764,2.791,1.01,0.854,1.067,1.205,1.129,21.02,0
2026-07-27T16:22:54Z,1.91,"17 km SE of Silver Springs, Nevada",323.2,7.4,100.0,100sps,4.787,6.086,3.752,1.2,0.78,5.742,71.5,ENE,46.6,82.68,17.08,0,0.357,1.206,0,0,1.157,1.032,0.892,6.292,3.816,0.607,3.189,2.298,0.72,1.238,1.053,1.413,1.341,19.14,1
2026-07-27T16:18:17Z,0.35,"3 km S of Cobb, CA",39.2,1.8,100.0,100sps,3.837,2.46,9.499,5.0,2.48,19.203,346.7,NNW,6.75,11.65,6.85,0,0.352,1.736,1,1,1.064,1.099,1.033,2.25,10.382,4.615,2.33,4.593,1.971,0.524,0.921,1.577,1.712,8.89,0
2026-07-27T16:13:58Z,2.96,"17 km SE of Silver Springs, Nevada",322.0,4.5,100.0,100sps,3.672,4.118,7.678,6.29,2.09,23.102,71.5,ENE,46.8,82.99,2.2,0,4.042,0.757,1,1,1.007,1.463,1.452,4.186,7.987,1.908,3.893,3.656,0.939,1.546,0.89,2.717,3.054,7.99,1
2026-07-27T16:13:18Z,3.4,"18 km SE of Silver Springs, Nevada",324.0,12.0,100.0,100sps,2.825,4.01,4.58,3.54,1.62,9.987,71.6,ENE,46.12,81.91,3.74,1,10.968,-0.041,0,1,0.996,1.067,1.071,4.053,4.656,1.149,3.741,2.33,0.623,1.719,0.87,1.324,1.522,20.78,0
2026-07-27T15:53:06Z,1.18,"3 km ENE of The Geysers, CA",37.9,1.5,100.0,100sps,4.087,2.714,3.549,2.08,0.87,8.488,346.3,NNW,6.54,11.29,3.21,0,2.481,0.534,0,1,1.026,0.955,0.931,2.592,3.539,1.365,2.217,2.017,0.91,1.023,0.866,1.265,1.461,14.74,0
2026-07-27T15:40:30Z,0.35,"3 km ENE of The Geysers, CA",38.6,2.2,100.0,100sps,3.401,6.282,4.93,3.08,1.45,10.462,346.2,NNW,6.65,11.47,3.76,0,0.359,1.464,0,1,1.443,1.123,0.778,6.34,5.066,0.799,3.035,2.656,0.875,0.889,1.364,1.464,1.073,14.89,0
2026-07-27T15:38:55Z,1.23,"3 km ENE of The Geysers, CA",38.6,1.8,100.0,100sps,2.611,5.209,4.902,3.53,1.88,9.218,346.5,NNW,6.65,11.47,6.1,0,2.727,0.529,0,1,1.193,1.142,0.958,5.407,5.069,0.937,3.263,2.51,0.769,1.245,1.036,1.892,1.827,6.4,0
2026-07-27T15:33:18Z,0.39,"10 km NW of Cobb, CA",50.3,1.5,100.0,100sps,8.058,4.6,3.793,1.08,0.47,8.678,339.6,NNW,8.67,14.97,2.1,0,0.279,1.493,0,0,1.201,1.142,0.951,4.624,3.743,0.809,2.968,2.502,0.843,1.127,1.083,1.349,1.245,20.82,0
2026-07-27T15:33:01Z,0.8,"3 km ENE of The Geysers, CA",38.4,1.1,100.0,100sps,9.38,4.342,8.558,3.26,0.91,30.572,346.2,NNW,6.63,11.44,1.33,0,1.017,1.478,0,1,1.271,1.045,0.822,4.275,9.145,2.139,2.897,3.413,1.178,0.698,1.162,1.484,1.278,11.25,0
2026-07-27T15:32:01Z,0.6,"3 km W of Anderson Springs, CA",37.6,1.9,100.0,100sps,8.061,3.479,2.871,0.45,0.36,3.612,346.4,NNW,6.48,11.19,23.7,0,0.66,0.738,0,0,1.355,0.986,0.728,3.302,2.757,0.835,3.071,2.188,0.712,1.022,1.218,1.172,0.963,21.41,0
2026-07-27T15:31:44Z,0.27,"3 km ENE of The Geysers, CA",39.0,2.0,100.0,100sps,6.292,5.082,4.752,1.35,0.76,8.483,346.3,NNW,6.72,11.59,7.52,0,0.295,1.459,0,0,3.275,1.351,0.413,3.794,4.676,1.233,3.095,3.141,1.015,0.406,2.983,2.298,0.77,8.19,0
2026-07-27T15:29:56Z,2.65,"3 km ENE of The Geysers, CA",38.6,1.4,100.0,100sps,3.816,11.049,12.093,5.74,3.17,21.893,346.5,NNW,6.66,11.49,8.95,0,71.543,-0.514,1,1,5.418,6.982,1.289,9.378,9.452,1.008,2.929,4.28,1.461,0.882,5.166,13.82,2.675,5.97,0
2026-07-27T15:29:01Z,2.72,"3 km ENE of The Geysers, CA",38.1,2.0,100.0,100sps,2.977,4.635,16.401,13.68,5.51,40.73,346.2,NNW,6.57,11.33,3.54,1,85.58,-0.322,1,1,1.085,8.615,7.942,4.738,13.335,2.814,2.68,3.013,1.124,7.064,0.95,14.802,15.582,8.37,0
2026-07-27T15:25:46Z,0.27,"5 km WNW of The Geysers, CA",41.5,3.2,100.0,100sps,3.003,2.535,3.39,1.4,1.13,4.207,337.2,NNW,7.14,12.32,23.42,0,0.272,1.189,0,0,0.981,1.179,1.201,2.452,3.24,1.321,1.978,2.172,1.098,1.094,0.853,1.451,1.702,18.11,0
2026-07-27T14:29:42Z,0.18,"9 km WNW of The Geysers, CA",45.4,4.5,100.0,100sps,2.822,3.147,5.413,3.25,1.92,9.184,333.5,NNW,7.82,13.49,10.55,0,0.197,1.669,0,0,0.949,0.944,0.994,3.095,5.61,1.812,2.455,3.464,1.411,0.705,0.823,0.962,1.169,27.56,0
2026-07-27T14:15:18Z,1.09,"7 km NW of The Geysers, CA",44.5,2.5,100.0,100sps,4.223,4.263,3.097,1.11,0.73,4.674,339.7,NNW,7.66,13.22,11.97,0,1.642,0.454,0,0,1.06,0.848,0.8,4.213,3.137,0.745,2.658,1.951,0.734,1.09,0.93,0.923,0.993,22.46,0
2026-07-27T14:13:42Z,0.59,"9 km NW of The Geysers, CA",45.9,1.6,100.0,100sps,3.388,4.146,4.312,1.7,1.27,5.764,335.5,NNW,7.91,13.66,17.18,0,0.499,1.063,0,0,1.252,1.101,0.879,4.201,4.342,1.034,2.979,2.695,0.905,0.971,1.159,1.61,1.389,8.03,0
2026-07-27T14:01:39Z,0.92,"3 km SE of San Leandro, CA",93.6,8.7,100.0,100sps,2.57,4.671,3.413,1.69,1.33,4.352,152.9,SSE,16.12,27.83,26.45,0,0.393,1.044,0,0,1.021,1.066,1.045,4.74,3.335,0.704,2.933,2.96,1.009,1.035,0.899,1.406,1.564,17.24,0
2026-07-27T13:52:30Z,1.32,"9 km WNW of Cobb, CA",46.9,1.4,100.0,100sps,3.226,3.353,3.705,1.77,1.15,5.696,338.7,NNW,8.08,13.95,13.12,0,2.603,0.34,0,0,1.208,1.053,0.872,3.196,3.649,1.142,2.201,2.265,1.029,0.847,1.097,1.343,1.225,16.71,0
2026-07-27T13:50:49Z,1.79,"25 km SSW of Silver Peak, Nevada",438.7,4.3,100.0,100sps,3.778,4.62,3.151,1.48,0.83,5.579,101.8,ESE,61.26,108.99,11.14,0,0.117,1.679,0,0,1.038,1.085,1.045,4.735,3.03,0.64,2.625,2.208,0.841,1.242,0.915,1.42,1.551,21.25,1
2026-07-27T13:14:17Z,0.24,"7 km NW of The Geysers, CA",44.2,1.4,100.0,100sps,2.445,2.908,4.553,3.82,1.86,9.353,338.0,NNW,7.62,13.15,3.85,0,0.234,1.602,0,1,0.922,1.194,1.295,2.876,4.639,1.613,2.378,2.612,1.098,1.179,0.807,1.91,2.366,8.46,0
2026-07-27T12:08:51Z,0.57,"8 km NW of The Geysers, CA",45.5,1.5,100.0,100sps,2.107,1.706,2.035,1.51,0.97,3.192,337.5,NNW,7.86,13.56,12.47,0,0.481,0.822,0,0,0.907,0.97,1.069,1.48,1.826,1.234,1.512,1.802,1.192,0.897,0.769,1.263,1.644,13.6,0
2026-07-27T11:17:25Z,0.93,"7 km NW of The Geysers, CA",44.2,2.5,100.0,100sps,1.812,1.536,1.367,0.91,0.75,1.649,336.8,NNW,7.61,13.14,24.46,0,1.147,0.158,0,0,0.95,0.872,0.918,1.195,1.042,0.872,2.313,2.26,0.977,0.939,0.822,1.223,1.488,9.3,0
2026-07-27T11:04:36Z,1.9,"20 km ESE of Silver Springs, Nevada",328.7,8.1,100.0,100sps,1.631,1.538,1.575,1.41,0.97,2.305,71.4,ENE,47.19,83.76,17.03,0,0.334,0.838,0,0,0.899,0.944,1.051,1.253,1.241,0.99,1.419,1.484,1.046,1.005,0.762,1.337,1.755,14.81,1
2026-07-27T10:55:25Z,1.07,"7 km W of Cobb, CA",45.2,2.2,100.0,100sps,1.407,1.359,1.521,1.52,1.08,2.142,339.7,NNW,7.79,13.45,14.36,0,1.534,0.145,0,0,0.911,0.931,1.022,0.984,1.183,1.202,1.689,1.649,0.976,1.047,0.777,1.241,1.597,16.12,0
2026-07-27T10:37:35Z,1.39,"6 km W of Cobb, CA",44.3,2.6,100.0,100sps,1.426,1.451,1.484,1.35,1.04,1.928,340.0,NNW,7.64,13.18,18.36,0,3.294,-0.233,0,0,0.927,0.966,1.041,1.098,1.101,1.003,1.458,1.421,0.974,1.069,0.802,1.203,1.5,17.24,0
2026-07-27T10:21:56Z,1.16,"4 km E of Fremont, CA",117.4,5.5,100.0,100sps,1.395,1.364,1.26,1.26,0.9,1.757,148.9,SSE,20.23,34.92,19.86,0,0.479,0.565,0,0,0.894,0.897,1.004,1.009,0.857,0.849,2.027,2.013,0.993,1.011,0.766,1.141,1.49,22.5,0
2026-07-27T10:12:34Z,0.61,"8 km WNW of Cobb, CA",46.0,2.2,100.0,100sps,1.369,1.446,1.342,1.34,0.98,1.841,339.1,NNW,7.91,13.66,15.88,0,0.521,0.549,0,0,0.91,0.935,1.028,1.113,0.919,0.826,2.212,2.091,0.945,1.087,0.796,1.125,1.413,14.28,0
2026-07-27T10:08:23Z,0.48,"10 km NW of Cobb, CA",50.4,2.6,100.0,100sps,1.36,1.295,1.251,1.29,0.92,1.749,339.6,NNW,8.68,14.98,14.49,0,0.342,0.708,0,0,0.912,0.891,0.977,0.884,0.858,0.971,1.46,1.439,0.985,0.992,0.775,1.012,1.306,18.62,0
2026-07-27T10:06:27Z,0.7,"10 km WNW of Cobb, CA",49.9,1.7,100.0,100sps,1.394,1.318,1.383,1.35,0.99,1.887,339.4,NNW,8.6,14.84,15.51,0,0.576,0.516,0,0,0.919,0.954,1.038,0.91,0.957,1.051,1.446,1.566,1.083,0.958,0.788,1.258,1.596,16.66,0
2026-07-27T09:53:02Z,0.99,"6 km NW of The Geysers, CA",43.9,2.9,100.0,100sps,1.312,1.257,1.493,1.46,1.14,1.914,339.1,NNW,7.57,13.07,16.12,0,1.327,0.159,0,0,0.894,1.003,1.122,0.859,1.071,1.247,1.342,1.701,1.268,0.885,0.742,1.18,1.59,15.29,0
2026-07-27T08:34:41Z,0.72,"10 km NW of The Geysers, CA",47.1,1.8,100.0,100sps,1.446,1.364,1.344,1.34,0.93,1.934,336.0,NNW,8.11,14.0,14.96,0,0.651,0.473,0,0,0.922,0.94,1.019,0.984,0.929,0.944,1.848,1.752,0.948,1.075,0.793,1.218,1.535,14.43,0
2026-07-27T08:13:16Z,2.96,"12 km ESE of Gilroy, CA",195.6,5.7,100.0,100sps,1.37,1.621,1.889,1.65,1.38,2.258,147.7,SSE,31.03,54.64,31.19,0,12.184,-0.732,0,0,0.907,1.323,1.458,1.345,1.291,0.96,1.843,1.512,0.821,1.777,0.771,1.817,2.357,19.07,0
2026-07-27T07:31:29Z,0.38,"4 km NNW of The Geysers, CA",41.8,3.9,100.0,100sps,1.441,1.515,1.43,1.33,0.99,1.917,340.8,NNW,7.2,12.43,17.62,0,0.347,0.742,0,0,0.901,0.944,1.048,1.23,1.021,0.83,1.839,1.704,0.926,1.131,0.772,1.272,1.648,13.04,0
2026-07-27T07:00:59Z,2.38,"6 km NNW of Pinnacles, CA",244.3,5.9,100.0,100sps,1.511,1.58,1.396,1.13,0.92,1.699,148.1,SSE,37.02,65.43,34.17,0,2.027,-0.076,0,0,0.878,0.879,1.001,1.324,1.051,0.794,1.53,1.52,0.993,1.007,0.758,1.232,1.626,16.68,0
2026-07-27T06:43:55Z,1.0,"6 km NW of The Geysers, CA",44.0,3.4,100.0,100sps,1.772,1.522,1.383,1.16,0.78,2.05,338.4,NNW,7.58,13.09,11.21,0,1.354,0.18,0,0,0.927,0.961,1.036,1.207,0.955,0.791,1.56,1.568,1.005,1.031,0.801,1.268,1.584,14.77,0
2026-07-27T06:33:18Z,1.22,"4 km NNW of The Geysers, CA",42.1,2.8,100.0,100sps,1.643,1.414,1.551,1.07,0.94,1.757,340.9,NNW,7.26,12.54,24.75,0,2.377,-0.131,0,0,0.901,1.039,1.154,1.062,1.119,1.054,1.514,1.507,0.995,1.159,0.789,1.247,1.58,20.44,0
2026-07-27T06:29:25Z,2.41,"3 km NW of The Geysers, CA",41.2,3.5,100.0,100sps,1.62,1.576,11.931,12.55,7.36,20.336,340.3,NNW,7.1,12.25,10.32,1,37.935,-0.271,1,1,0.93,8.342,8.974,1.271,7.725,6.077,1.605,2.362,1.472,6.098,0.788,14.729,18.693,10.1,0
2026-07-27T05:57:57Z,0.72,"8 km NW of The Geysers, CA",45.5,1.8,100.0,100sps,1.772,1.579,1.896,1.39,1.07,2.463,338.2,NNW,7.84,13.54,15.68,0,0.68,0.559,0,0,0.895,1.055,1.179,1.291,1.566,1.213,8.761,8.855,1.011,1.166,0.779,1.288,1.652,13.45,0
2026-07-27T05:54:11Z,2.8,"46 km W of Petrolia, CA",282.1,7.7,100.0,100sps,1.628,1.664,1.976,2.12,1.21,3.454,318.3,NW,41.48,73.47,8.26,0,3.854,-0.048,0,0,0.926,0.961,1.037,1.405,1.768,1.258,1.954,8.539,4.369,0.237,0.783,1.201,1.533,22.39,0
2026-07-27T05:36:13Z,0.84,"6 km NW of The Geysers, CA",43.9,4.1,100.0,100sps,1.946,1.761,2.008,1.48,1.03,2.889,338.5,NNW,7.56,13.05,11.97,0,0.94,0.487,0,0,1.017,0.965,0.948,1.428,1.788,1.252,9.076,8.999,0.992,0.957,0.876,1.207,1.379,14.95,0
2026-07-27T05:36:05Z,1.52,"10 km WNW of Cobb, CA",50.0,2.0,100.0,100sps,1.864,1.8,1.848,1.55,0.99,2.892,339.4,NNW,8.61,14.87,10.32,0,3.795,-0.118,0,0,1.064,0.959,0.901,1.438,1.586,1.103,9.077,9.054,0.998,0.903,0.9,1.188,1.32,16.39,0
2026-07-27T05:20:28Z,0.42,"10 km WNW of Cobb, CA",50.1,2.1,100.0,100sps,1.765,1.925,1.718,1.38,0.97,2.438,339.6,NNW,8.64,14.91,16.18,0,0.3,0.91,0,0,0.969,0.917,0.946,1.708,1.473,0.863,1.868,2.4,1.285,0.736,0.829,1.15,1.386,19.09,0
2026-07-27T05:14:43Z,1.07,"8 km NW of The Geysers, CA",45.4,2.1,100.0,100sps,2.163,1.948,1.921,1.16,0.89,2.515,338.3,NNW,7.84,13.53,17.33,0,1.526,0.217,0,0,0.985,0.93,0.944,1.708,1.683,0.986,9.22,9.224,1.0,0.944,0.85,1.252,1.474,12.69,0
2026-07-27T05:14:31Z,0.33,"10 km WNW of Cobb, CA",50.0,1.5,100.0,100sps,2.139,1.933,2.029,1.62,0.95,3.471,339.3,NNW,8.62,14.87,7.82,0,0.245,1.152,0,0,0.938,0.882,0.939,1.719,1.871,1.088,9.269,9.193,0.992,0.947,0.817,1.252,1.533,12.8,0
2026-07-27T05:09:25Z,0.75,"7 km NW of The Geysers, CA",43.9,3.0,100.0,100sps,2.02,2.171,2.03,1.43,1.01,2.899,337.3,NNW,7.56,13.05,15.87,0,0.765,0.579,0,0,0.91,0.97,1.066,1.99,1.786,0.897,9.252,9.433,1.019,1.045,0.792,1.125,1.421,19.44,0
2026-07-27T05:03:20Z,1.05,"10 km WNW of Cobb, CA",50.1,1.9,100.0,100sps,1.79,2.713,1.39,0.86,0.78,1.539,339.6,NNW,8.64,14.92,28.47,0,1.28,0.08,0,0,0.905,0.842,0.931,2.626,1.107,0.421,2.66,2.411,0.906,1.027,0.776,0.956,1.232,25.93,0
2026-07-27T04:58:13Z,0.72,"10 km WNW of Cobb, CA",50.1,2.0,100.0,100sps,1.924,1.873,1.905,1.43,0.99,2.751,339.6,NNW,8.64,14.92,11.04,0,0.598,0.662,0,0,0.978,0.845,0.863,1.6,1.761,1.101,5.92,3.255,0.55,1.57,0.86,0.949,1.103,21.9,0
2026-07-27T04:57:12Z,0.25,"10 km WNW of Cobb, CA",50.3,2.1,100.0,100sps,2.104,1.706,1.719,0.98,0.82,2.057,339.5,NNW,8.66,14.95,26.39,0,0.202,1.008,0,0,0.936,0.961,1.026,1.415,1.422,1.005,9.078,5.931,0.653,1.571,0.802,1.254,1.563,15.65,0
2026-07-27T04:55:24Z,1.68,"13 km NNE of McCloud, CA",327.4,2.5,100.0,100sps,2.111,2.01,1.824,1.17,0.86,2.476,7.6,N,47.71,84.59,26.02,0,0.204,1.085,0,0,0.919,0.978,1.064,1.812,1.538,0.849,9.639,7.629,0.791,1.344,0.786,1.256,1.598,21.82,1
2026-07-27T04:08:25Z,1.04,"10 km WNW of Cobb, CA",50.1,1.8,100.0,100sps,2.61,2.903,1.554,0.67,0.6,1.749,339.3,NNW,8.64,14.92,27.12,0,1.251,0.146,0,0,0.912,0.943,1.033,2.903,1.22,0.42,2.406,2.042,0.849,1.218,0.762,1.301,1.708,14.45,0
2026-07-27T03:57:24Z,0.44,"6 km WNW of Cobb, CA",45.1,2.3,100.0,100sps,2.19,2.243,3.232,2.29,1.48,5.008,341.1,NNW,7.78,13.42,11.23,0,0.361,1.142,0,0,0.958,0.966,1.008,2.043,3.242,1.587,10.015,10.167,1.015,0.993,0.817,1.252,1.532,15.29,0
2026-07-27T03:55:38Z,1.58,"10 km WNW of Cobb, CA",50.0,1.8,100.0,100sps,2.151,2.057,2.31,1.43,1.07,3.071,339.4,NNW,8.62,14.89,23.29,0,4.349,-0.151,0,0,0.95,0.965,1.016,1.805,2.109,1.169,9.972,9.881,0.991,1.025,0.839,1.241,1.479,15.45,0
2026-07-27T02:57:31Z,1.84,"5 km SW of Ferndale, CA",275.2,28.5,100.0,100sps,2.576,2.383,2.125,1.4,0.83,3.617,328.7,NNW,38.21,67.97,9.53,0,0.448,0.907,0,0,0.985,0.875,0.888,2.228,1.97,0.884,9.686,9.901,1.022,0.868,0.863,1.224,1.418,14.08,1
2026-07-27T02:38:41Z,1.08,"7 km NW of The Geysers, CA",44.6,2.5,100.0,100sps,2.449,2.643,1.875,0.99,0.77,2.434,339.2,NNW,7.68,13.26,22.04,0,1.6,0.182,0,0,0.898,0.937,1.044,2.586,1.644,0.636,4.376,2.44,0.558,1.873,0.785,1.097,1.397,20.18,0
2026-07-27T02:09:11Z,0.82,"10 km SW of Kelseyville, CA",58.9,4.0,100.0,100sps,2.292,5.519,3.401,2.69,1.48,6.159,333.4,NNW,10.16,17.54,6.65,0,0.606,1.007,0,0,0.983,1.028,1.046,5.924,3.364,0.568,9.961,9.605,0.964,1.085,0.855,1.561,1.827,10.94,0
2026-07-27T01:37:02Z,0.39,"7 km WNW of Cobb, CA",45.5,2.1,100.0,100sps,2.756,2.391,2.586,1.66,0.94,4.567,339.9,NNW,7.85,13.55,4.82,0,0.318,1.157,0,0,1.072,0.912,0.851,2.168,2.479,1.143,9.347,7.059,0.755,1.126,0.919,1.226,1.334,11.84,0
2026-07-27T00:40:42Z,0.2,"2 km NNW of The Geysers, CA",39.9,2.2,100.0,100sps,4.023,2.573,2.385,1.01,0.59,4.05,341.6,NNW,6.88,11.88,7.9,0,0.243,1.221,0,0,0.971,1.08,1.112,2.453,2.173,0.886,6.873,6.72,0.978,1.137,0.866,1.733,2.001,7.09,0
2026-07-27T00:33:42Z,1.19,"14 km SSW of Tracy, CA",137.5,11.7,100.0,100sps,3.167,3.5,2.373,1.17,0.75,3.703,132.4,SE,23.06,40.18,12.31,0,0.394,0.973,0,0,0.964,1.046,1.085,3.441,2.138,0.622,7.314,7.093,0.97,1.119,0.838,2.364,2.821,2.38,0
2026-07-27T00:22:45Z,1.04,"8 km WNW of Cobb, CA",45.9,1.8,100.0,100sps,3.005,2.312,2.296,0.86,0.76,2.582,339.0,NNW,7.92,13.67,28.26,0,1.404,0.265,0,0,0.936,0.998,1.066,2.156,2.068,0.959,6.987,7.18,1.028,1.037,0.818,1.708,2.089,5.01,0
2026-07-27T00:21:52Z,0.39,"8 km WNW of Cobb, CA",46.0,1.9,100.0,100sps,2.974,2.455,2.314,1.0,0.78,2.961,339.0,NNW,7.92,13.67,20.72,0,0.314,0.975,0,0,0.951,0.87,0.915,2.279,2.193,0.962,6.87,6.909,1.006,0.91,0.834,0.948,1.137,22.97,0
2026-07-27T00:06:01Z,1.97,"35 km SE of Mina, Nevada",422.7,8.2,100.0,100sps,2.798,2.977,2.908,2.12,1.04,5.932,92.5,E,58.8,104.63,5.0,0,0.197,1.478,0,0,0.945,0.931,0.985,2.924,2.845,0.973,7.044,7.414,1.052,0.936,0.806,1.341,1.664,12.86,1
2026-07-26T23:45:49Z,2.36,"11 km ESE of Gilroy, CA",194.6,3.8,100.0,100sps,2.82,2.549,3.072,2.06,1.09,5.798,147.7,SSE,31.12,54.78,4.32,0,3.094,0.273,0,0,0.971,0.983,1.013,2.392,3.026,1.265,7.505,7.582,1.01,1.002,0.832,1.699,2.043,6.07,1
2026-07-26T23:15:59Z,1.26,"13 km SSW of Tracy, CA",137.2,13.1,100.0,100sps,3.425,3.318,3.721,1.77,1.09,6.06,131.8,SE,22.83,39.87,10.79,0,0.465,1.115,0,0,0.966,0.932,0.965,3.37,3.815,1.132,6.54,7.826,1.197,0.806,0.832,1.193,1.435,19.55,0
2026-07-26T23:13:49Z,0.39,"3 km SW of Anderson Springs, CA",35.0,1.3,100.0,100sps,2.823,3.413,3.025,1.71,1.07,4.819,346.8,NNW,6.04,10.43,9.41,0,0.445,1.034,0,0,0.952,0.982,1.032,3.4,3.005,0.884,7.516,6.754,0.899,1.149,0.831,1.065,1.282,20.49,0
2026-07-26T22:55:25Z,1.21,"18 km WSW of Toms Place, CA",348.1,8.8,100.0,100sps,3.073,3.479,2.887,1.51,0.94,4.654,107.1,ESE,49.5,87.92,13.35,0,0.059,1.898,0,0,0.965,1.061,1.1,3.51,2.835,0.808,5.005,2.34,0.468,2.352,0.841,1.813,2.156,6.66,1
2026-07-26T22:35:39Z,1.08,"4 km NNW of The Geysers, CA",42.0,1.3,100.0,100sps,3.486,2.292,2.802,1.06,0.8,3.705,341.8,NNW,7.24,12.5,21.98,0,1.73,0.331,0,0,0.976,0.961,0.985,2.094,2.73,1.304,6.144,6.276,1.021,0.964,0.829,1.204,1.452,16.36,0
2026-07-26T22:21:45Z,1.19,"17 km SSW of Tracy, CA",136.5,7.6,100.0,100sps,3.743,3.26,3.373,1.25,0.9,4.687,133.8,SE,23.43,40.53,23.3,0,0.399,1.07,0,0,0.959,1.02,1.064,3.262,3.375,1.035,7.399,7.319,0.989,1.076,0.837,1.663,1.988,8.73,0
2026-07-26T22:03:41Z,0.29,"3 km SE of The Geysers, CA",35.6,1.7,100.0,100sps,3.242,3.083,3.62,2.14,1.12,6.945,343.5,NNW,6.14,10.6,6.06,0,0.346,1.303,0,0,0.909,0.99,1.089,3.122,3.542,1.135,2.776,2.851,1.027,1.06,0.796,1.256,1.577,13.42,0
2026-07-26T20:55:30Z,1.9,"2 km SE of Oakland, CA",83.7,11.5,100.0,100sps,2.879,3.224,2.302,1.04,0.8,3.003,153.9,SSE,14.42,24.89,27.3,0,4.43,-0.169,0,0,0.908,0.974,1.072,3.309,2.113,0.638,2.19,2.08,0.95,1.129,0.775,1.251,1.614,21.89,0
2026-07-26T20:49:04Z,0.39,"6 km WNW of The Geysers, CA",43.3,2.8,100.0,100sps,2.681,3.219,2.364,1.28,0.88,3.43,336.5,NNW,7.46,12.88,13.68,0,0.339,1.005,0,0,0.932,0.906,0.973,3.236,2.299,0.711,5.28,4.922,0.932,1.044,0.804,1.087,1.353,19.7,0
2026-07-26T20:28:09Z,0.78,"7 km ESE of Cloverdale, CA",47.2,3.6,100.0,100sps,2.734,3.457,2.781,1.36,1.02,3.714,324.0,NW,8.14,14.04,20.71,0,0.744,0.698,0,0,0.916,0.941,1.027,3.526,2.723,0.772,5.451,5.513,1.011,1.016,0.786,1.229,1.563,16.32,0
2026-07-26T20:27:58Z,1.24,"8 km NW of Avenal, CA",342.9,7.6,100.0,100sps,2.777,3.253,2.587,1.17,0.93,3.249,140.2,SE,49.01,87.03,35.29,0,0.066,1.695,0,0,0.941,0.893,0.949,3.29,2.486,0.756,5.371,5.658,1.053,0.901,0.818,1.082,1.323,26.56,1
2026-07-26T19:32:29Z,0.22,"2 km NNE of The Geysers, CA",39.3,1.2,100.0,100sps,2.799,3.276,2.568,1.3,0.92,3.639,343.5,NNW,6.78,11.71,16.08,0,0.26,1.147,0,0,0.937,1.052,1.123,3.345,2.442,0.73,2.354,2.247,0.955,1.176,0.806,1.316,1.632,15.97,0
2026-07-26T19:29:35Z,1.04,"6 km WNW of Cobb, CA",45.2,1.9,100.0,100sps,3.278,2.672,2.628,1.17,0.8,3.842,340.8,NNW,7.8,13.47,14.59,0,1.432,0.429,0,0,0.958,0.917,0.957,2.58,2.556,0.991,2.021,2.086,1.032,0.927,0.826,1.335,1.616,10.78,0
2026-07-26T19:16:46Z,1.18,"6 km NW of The Geysers, CA",43.5,2.3,100.0,100sps,3.07,2.425,2.259,1.36,0.74,4.162,339.4,NNW,7.5,12.95,5.81,0,2.078,0.302,0,0,0.93,0.868,0.934,2.299,2.157,0.938,2.051,1.83,0.892,1.047,0.781,0.959,1.228,23.71,0
2026-07-26T18:43:08Z,0.97,"4 km SW of Colma, CA",90.1,8.2,100.0,100sps,2.88,3.854,2.351,1.23,0.82,3.538,173.0,S,15.53,26.8,13.66,0,0.467,0.88,0,0,1.09,1.026,0.942,3.828,2.133,0.557,3.375,2.158,0.64,1.473,0.967,1.651,1.707,8.36,0
2026-07-26T18:40:06Z,0.77,"7 km NW of The Geysers, CA",43.9,2.8,100.0,100sps,2.766,3.087,2.485,1.22,0.9,3.373,337.5,NNW,7.56,13.06,19.69,0,0.799,0.626,0,0,0.916,0.991,1.081,3.074,2.337,0.76,2.486,2.288,0.92,1.175,0.785,1.211,1.542,18.3,0
2026-07-26T18:34:36Z,0.42,"9 km NNE of San Martin, CA",172.4,1.7,100.0,100sps,3.281,2.081,2.881,1.68,0.88,5.505,146.7,SSE,28.63,50.27,8.04,0,0.045,2.09,0,0,0.925,1.015,1.098,1.929,2.835,1.47,2.198,2.416,1.1,0.998,0.788,1.75,2.22,7.01,1
2026-07-26T17:16:52Z,0.95,"8 km NW of The Geysers, CA",45.3,1.7,100.0,100sps,2.56,2.814,3.319,3.71,1.3,9.505,338.1,NNW,7.81,13.47,1.09,0,1.163,0.912,0,1,0.99,0.868,0.877,2.739,3.499,1.278,2.176,2.117,0.973,0.902,0.849,1.031,1.214,17.84,0
2026-07-26T17:04:41Z,1.24,"7 km NW of The Geysers, CA",44.4,2.6,100.0,100sps,2.695,3.029,1.985,1.13,0.74,3.056,338.2,NNW,7.64,13.19,11.96,0,2.329,0.118,0,0,0.961,1.04,1.082,3.02,1.692,0.56,2.537,2.071,0.817,1.325,0.837,1.292,1.544,17.04,0
2026-07-26T16:40:28Z,2.05,"4 km NNW of Redwood Valley, CA",107.6,6.8,100.0,100sps,2.789,2.994,2.018,1.09,0.72,3.036,331.5,NNW,18.54,32.0,16.96,0,4.272,-0.148,0,0,0.907,1.013,1.118,2.947,1.778,0.603,2.03,1.753,0.863,1.295,0.801,1.317,1.643,16.6,0
2026-07-26T16:27:41Z,0.67,"9 km NW of The Geysers, CA",46.5,1.9,100.0,100sps,2.505,2.656,1.603,0.78,0.64,1.958,337.6,NNW,8.03,13.86,24.19,0,0.589,0.522,0,0,0.918,0.927,1.01,2.588,1.303,0.504,2.5,2.149,0.859,1.175,0.778,1.006,1.294,23.11,0
2026-07-26T16:07:33Z,0.25,"3 km SE of The Geysers, CA",35.8,2.1,100.0,100sps,2.275,2.316,1.568,0.84,0.69,1.91,344.0,NNW,6.16,10.64,21.47,0,0.314,0.784,0,0,0.933,0.885,0.949,2.202,1.286,0.584,2.24,2.004,0.895,1.06,0.799,1.272,1.593,10.04,0
2026-07-26T16:04:28Z,1.59,"3 km E of Laytonville, CA",156.0,12.1,100.0,100sps,2.466,2.206,2.97,2.68,1.2,6.616,332.8,NNW,25.31,44.48,3.35,0,0.794,0.921,0,1,0.938,0.947,1.009,2.077,2.922,1.407,1.77,2.204,1.245,0.811,0.796,1.356,1.703,15.03,1
2026-07-26T15:28:02Z,1.44,"32 km W of Hayfork, CA",243.6,11.4,100.0,100sps,2.258,1.875,3.469,3.56,1.54,8.047,341.0,NNW,36.24,64.12,4.31,0,0.234,1.536,0,1,0.95,0.977,1.028,1.632,3.43,2.102,2.135,2.13,0.998,1.031,0.823,1.377,1.673,16.31,1
2026-07-26T15:26:01Z,0.75,"6 km NW of The Geysers, CA",43.4,2.6,100.0,100sps,1.837,2.981,1.67,1.34,0.91,2.456,337.8,NNW,7.49,12.92,13.8,0,0.774,0.501,0,0,0.98,0.951,0.971,2.961,1.379,0.466,2.712,2.134,0.787,1.234,0.843,1.149,1.362,18.38,0
2026-07-26T15:24:05Z,0.49,"2 km W of Cobb, CA",42.4,1.7,100.0,100sps,2.258,1.698,2.276,1.95,1.01,4.404,344.8,NNW,7.3,12.61,2.92,0,0.439,1.001,0,1,0.961,1.034,1.076,1.412,2.129,1.508,2.238,2.303,1.029,1.046,0.828,1.298,1.566,14.59,0
2026-07-26T15:11:48Z,1.34,"7 km E of Mammoth Lakes, CA",338.7,-1.4,100.0,100sps,2.606,2.091,1.821,0.97,0.7,2.521,104.2,ESE,49.41,87.6,21.18,0,0.085,1.471,0,0,0.979,0.982,1.002,1.875,1.539,0.821,1.907,2.299,1.206,0.831,0.839,1.49,1.774,11.17,1
2026-07-26T15:10:15Z,0.59,"8 km W of Cobb, CA",45.9,1.7,100.0,100sps,1.865,3.085,2.211,1.4,1.19,2.616,338.7,NNW,7.92,13.66,25.74,0,0.498,0.72,0,0,0.97,1.056,1.088,3.058,1.97,0.644,2.19,2.141,0.978,1.113,0.857,1.436,1.677,9.46,0
2026-07-26T15:09:08Z,1.02,"5 km NNE of Castro Valley, CA",92.9,7.7,100.0,100sps,1.955,1.733,3.196,2.84,1.63,5.546,148.5,SSE,16.0,27.62,9.96,0,0.5,1.045,0,0,0.948,0.896,0.946,1.462,3.246,2.22,1.595,2.127,1.334,0.709,0.83,0.996,1.2,27.82,0
2026-07-26T14:46:30Z,1.66,"13 km N of Upper Lake, CA",95.6,7.9,100.0,100sps,2.116,2.212,2.839,2.77,1.34,5.865,346.1,NNW,16.48,28.44,5.53,0,2.088,0.448,0,1,0.902,0.886,0.983,2.058,2.835,1.377,2.335,2.381,1.02,0.964,0.77,1.494,1.941,6.85,0
2026-07-26T14:30:56Z,1.13,"6 km WNW of Cobb, CA",45.4,2.2,100.0,100sps,1.931,2.07,1.983,1.47,1.03,2.835,340.6,NNW,7.84,13.53,13.06,0,1.753,0.209,0,0,0.934,1.127,1.207,1.891,1.635,0.865,1.684,1.969,1.169,1.033,0.817,1.564,1.914,11.08,0
2026-07-26T14:28:30Z,0.4,"7 km NW of The Geysers, CA",44.4,2.9,100.0,100sps,2.141,1.752,2.316,1.38,1.08,2.958,338.7,NNW,7.66,13.22,22.7,0,0.336,0.944,0,0,0.935,1.027,1.099,1.489,2.124,1.426,1.625,1.792,1.103,0.997,0.819,1.319,1.611,14.35,0
2026-07-26T14:15:37Z,0.83,"9 km NNE of Cloverdale, CA",58.5,7.0,100.0,100sps,1.824,3.685,2.285,2.13,1.25,3.88,326.8,NNW,10.08,17.4,9.29,0,0.627,0.792,0,0,0.974,0.89,0.913,3.673,2.137,0.582,2.595,2.585,0.996,0.917,0.853,1.051,1.232,18.69,0
2026-07-26T14:08:02Z,0.58,"8 km WNW of Cobb, CA",47.1,1.6,100.0,100sps,2.042,1.804,2.499,1.7,1.22,3.474,339.0,NNW,8.11,14.0,16.77,0,0.472,0.867,0,0,0.96,0.892,0.929,1.546,2.437,1.577,2.476,2.756,1.113,0.834,0.846,1.348,1.593,8.01,0
2026-07-26T13:30:01Z,1.04,"2 km N of The Geysers, CA",39.8,0.9,100.0,100sps,1.723,1.591,1.784,1.55,1.04,2.676,342.8,NNW,6.87,11.86,12.54,0,1.69,0.199,0,1,0.977,0.984,1.007,1.236,1.461,1.182,1.707,2.151,1.26,0.799,0.834,1.46,1.75,7.1,0
2026-07-26T12:16:39Z,1.06,"9 km WSW of Brentwood, CA",92.8,2.8,100.0,100sps,1.481,1.475,1.453,1.45,0.98,2.147,131.0,SE,15.99,27.61,13.96,0,0.549,0.592,0,0,0.982,0.957,0.975,1.083,1.08,0.997,1.646,1.668,1.014,0.961,0.833,1.544,1.854,8.03,0
2026-07-26T12:02:38Z,0.43,"6 km NNW of The Geysers, CA",43.8,1.1,100.0,100sps,1.42,1.401,1.414,1.24,1.0,1.755,340.3,NNW,7.56,13.04,23.19,0,0.366,0.68,0,0,0.878,0.878,0.999,1.081,1.095,1.013,2.123,2.073,0.976,1.024,0.761,0.999,1.313,19.3,0
2026-07-26T11:25:29Z,0.76,"3 km NNW of The Geysers, CA",41.2,4.4,100.0,100sps,1.343,1.421,1.334,1.22,0.99,1.645,341.5,NNW,7.1,12.25,25.58,0,0.849,0.287,0,0,0.928,0.892,0.961,1.062,0.975,0.918,2.084,2.115,1.015,0.947,0.766,1.297,1.693,7.98,0
2026-07-26T10:13:54Z,0.92,"8 km E of Alum Rock, CA",142.6,5.7,100.0,100sps,1.434,1.512,1.344,1.2,0.94,1.724,146.6,SSE,24.47,42.43,30.33,0,0.199,0.938,0,0,0.954,0.932,0.977,1.175,0.932,0.793,1.586,1.526,0.962,1.016,0.819,1.289,1.575,16.15,0
2026-07-26T09:52:19Z,0.75,"5 km NW of The Geysers, CA",43.5,4.2,100.0,100sps,1.537,1.387,1.53,1.34,1.0,2.062,339.4,NNW,7.49,12.94,15.93,0,0.773,0.426,0,0,0.921,0.955,1.037,1.012,1.153,1.139,1.458,1.708,1.172,0.885,0.806,1.489,1.847,8.87,0
2026-07-26T09:15:37Z,0.47,"6 km WSW of The Geysers, CA",39.5,6.3,100.0,100sps,1.442,1.369,1.325,1.1,0.92,1.59,332.9,NNW,6.8,11.75,24.3,0,0.459,0.539,0,0,0.9,0.786,0.874,1.01,1.064,1.053,1.87,1.775,0.949,0.921,0.779,0.831,1.067,23.49,0
2026-07-26T08:17:52Z,1.71,"11 km SE of Pinnacles, CA",261.0,6.1,100.0,100sps,1.587,1.35,1.436,1.26,0.91,1.993,147.8,SSE,39.06,69.1,21.15,0,0.375,0.726,0,0,0.868,0.971,1.119,1.023,1.024,1.001,1.507,1.481,0.983,1.138,0.724,1.296,1.789,19.06,1
2026-07-26T08:10:24Z,0.4,"8 km NW of The Geysers, CA",45.3,2.3,100.0,100sps,1.553,1.43,1.769,2.56,1.14,3.978,338.1,NNW,7.79,13.45,1.61,0,0.327,1.085,0,0,0.878,0.892,1.016,1.133,1.556,1.374,1.786,1.837,1.029,0.988,0.768,1.026,1.337,23.31,0
2026-07-26T07:48:45Z,0.32,"4 km NW of The Geysers, CA",41.8,3.1,100.0,100sps,1.582,1.462,1.778,1.45,1.12,2.299,340.4,NNW,7.2,12.44,22.39,0,0.302,0.881,0,0,0.952,0.966,1.015,1.089,1.491,1.369,1.722,1.788,1.038,0.977,0.821,1.292,1.574,13.17,0
2026-07-26T07:34:10Z,1.97,"19 km ESE of Silver Springs, Nevada",327.9,6.6,100.0,100sps,1.556,1.465,1.641,1.53,1.05,2.382,71.3,ENE,47.27,83.88,16.9,0,0.395,0.78,0,0,0.869,0.872,1.003,1.176,1.419,1.207,1.788,1.801,1.007,0.996,0.741,1.153,1.556,18.94,1
2026-07-26T07:04:06Z,0.45,"10 km NW of The Geysers, CA",47.1,1.5,100.0,100sps,1.752,1.348,1.391,0.96,0.79,1.678,336.6,NNW,8.12,14.01,23.24,0,0.349,0.682,0,0,0.894,0.936,1.047,0.986,1.011,1.025,1.732,1.736,1.003,1.044,0.764,1.064,1.392,20.21,0
2026-07-26T06:47:37Z,1.76,"0 km WNW of Pinnacles, CA",250.2,6.8,100.0,100sps,1.55,1.456,1.465,1.88,0.94,2.921,148.2,SSE,37.63,66.53,5.38,0,0.462,0.801,0,0,0.858,0.829,0.966,1.171,1.202,1.026,1.456,1.298,0.892,1.084,0.732,0.932,1.274,31.14,1
2026-07-26T06:38:49Z,0.93,"20 km NW of Parkfield, CA",324.9,-0.1,100.0,100sps,2.125,2.173,2.032,1.84,0.96,3.912,145.7,SE,47.7,84.53,4.68,0,0.037,2.025,0,0,0.971,0.942,0.97,1.981,1.804,0.91,7.971,7.757,0.973,0.997,0.842,1.514,1.797,7.24,1
2026-07-26T06:23:12Z,0.76,"2 km ESE of The Geysers, CA",37.2,1.0,100.0,100sps,2.442,1.624,1.637,1.02,0.67,2.493,344.1,NNW,6.41,11.06,10.34,0,0.968,0.411,0,0,0.9,0.923,1.026,1.361,1.353,0.994,2.146,2.188,1.02,1.006,0.801,1.244,1.554,13.64,0
2026-07-26T05:19:59Z,1.04,"7 km NW of The Geysers, CA",44.8,1.9,100.0,100sps,2.226,1.948,2.459,1.56,1.1,3.482,339.3,NNW,7.73,13.35,18.29,0,1.449,0.381,0,0,0.938,1.035,1.104,1.731,2.297,1.327,2.38,2.836,1.192,0.926,0.82,1.225,1.494,18.33,0
2026-07-26T04:51:09Z,0.74,"12 km WNW of The Geysers, CA",48.5,2.8,100.0,100sps,2.716,1.873,1.923,1.18,0.71,3.21,332.7,NNW,8.36,14.42,6.63,0,0.655,0.69,0,0,0.927,0.907,0.979,1.645,1.703,1.035,5.974,2.863,0.479,2.042,0.811,1.553,1.915,4.33,0
2026-07-26T04:43:23Z,0.75,"6 km WNW of The Geysers, CA",43.2,2.9,100.0,100sps,1.996,1.875,1.582,0.93,0.79,1.853,336.2,NNW,7.45,12.86,25.72,0,0.779,0.376,0,0,0.911,0.835,0.916,1.638,1.347,0.822,9.216,9.018,0.979,0.936,0.792,0.834,1.053,25.07,0
2026-07-26T04:30:40Z,0.52,"2 km ENE of The Geysers, CA",38.4,0.8,100.0,100sps,2.706,2.449,1.332,0.64,0.49,1.737,344.7,NNW,6.63,11.44,20.7,0,0.534,0.512,0,0,0.955,0.868,0.909,2.306,0.99,0.429,7.864,3.05,0.388,2.343,0.827,1.132,1.368,12.6,0
2026-07-26T04:11:38Z,2.41,"24 km SSW of Silver Peak, Nevada",439.0,6.0,100.0,100sps,2.163,2.585,1.736,0.95,0.8,2.055,101.7,ESE,61.09,108.71,37.23,0,0.486,0.626,0,0,0.985,0.809,0.821,2.438,1.532,0.628,9.445,9.442,1.0,0.822,0.879,0.848,0.964,35.92,1
2026-07-26T03:48:44Z,1.24,"9 km ESE of Willits, CA",118.0,7.1,100.0,100sps,2.104,3.153,2.533,2.46,1.2,5.182,332.6,NNW,20.34,35.11,4.57,0,0.57,0.958,0,0,1.046,0.948,0.907,3.087,2.401,0.778,9.407,9.449,1.004,0.903,0.899,1.212,1.348,21.14,0
2026-07-26T02:55:00Z,0.95,"9 km WNW of Cobb, CA",49.1,2.4,100.0,100sps,2.834,2.942,3.738,2.12,1.32,5.995,339.9,NNW,8.47,14.62,9.43,0,1.044,0.759,0,0,1.422,1.198,0.843,2.621,3.619,1.381,8.996,9.87,1.097,0.768,1.045,1.513,1.448,6.62,0
2026-07-26T02:49:13Z,0.38,"3 km SE of The Geysers, CA",35.7,1.7,100.0,100sps,2.595,2.801,2.614,1.66,1.01,4.296,345.0,NNW,6.16,10.63,8.16,0,0.424,1.006,0,0,1.317,1.418,1.077,2.538,2.232,0.879,9.142,9.158,1.002,1.075,1.055,1.98,1.877,3.52,0
2026-07-26T02:48:53Z,1.23,"1 km N of The Geysers, CA",39.4,2.0,100.0,100sps,2.72,2.832,2.603,1.53,0.96,4.172,342.6,NNW,6.79,11.72,8.73,0,2.654,0.196,0,0,1.373,1.34,0.976,2.548,2.276,0.893,9.272,9.213,0.994,0.982,1.073,1.786,1.664,7.95,0
2026-07-26T02:45:18Z,0.72,"1 km SSE of The Geysers, CA",36.9,3.2,100.0,100sps,2.468,2.991,2.367,1.53,0.96,3.769,341.9,NNW,6.35,10.97,6.49,0,0.892,0.626,0,0,1.177,1.234,1.048,2.871,2.073,0.722,2.07,9.047,4.371,0.24,0.922,1.625,1.763,7.18,0
2026-07-26T02:43:06Z,2.1,"19 km SSE of Silver Springs, Nevada",317.8,8.6,100.0,100sps,2.461,2.884,3.045,2.41,1.24,5.925,72.3,ENE,45.78,81.24,8.02,0,0.577,1.012,0,0,1.161,1.114,0.959,2.764,2.957,1.07,2.37,2.039,0.861,1.115,0.919,1.741,1.895,5.26,1
2026-07-26T02:20:11Z,0.23,"10 km WNW of The Geysers, CA",46.4,2.5,100.0,100sps,2.881,2.923,2.47,1.58,0.86,4.554,333.8,NNW,7.99,13.79,4.76,0,0.215,1.326,0,0,1.119,1.231,1.1,2.765,2.123,0.768,3.829,9.942,2.597,0.424,0.882,1.909,2.164,4.5,0
2026-07-26T02:14:16Z,0.73,"10 km NW of The Geysers, CA",46.5,1.8,100.0,100sps,3.155,2.362,2.845,1.34,0.9,4.23,334.5,NNW,8.01,13.82,15.16,0,0.677,0.796,0,0,1.204,1.174,0.975,2.077,2.629,1.266,2.313,2.495,1.079,0.904,0.918,1.332,1.45,14.74,0
2026-07-26T01:54:39Z,1.46,"4 km ENE of Saint Helena, CA",19.4,6.8,100.0,100sps,2.941,2.825,2.719,1.39,0.92,4.087,68.2,ENE,3.34,5.77,12.93,0,10.772,-0.421,0,0,1.358,1.22,0.898,2.525,2.588,1.025,2.599,2.644,1.017,0.883,1.085,2.023,1.864,3.84,0
2026-07-26T01:42:13Z,0.52,"7 km NW of The Geysers, CA",44.6,2.1,100.0,100sps,2.794,3.308,2.325,1.26,0.83,3.514,338.6,NNW,7.69,13.28,6.4,0,0.44,0.902,0,0,1.226,1.198,0.977,3.183,1.979,0.622,7.301,7.352,1.007,0.971,0.932,1.778,1.909,3.62,0
2026-07-26T01:37:22Z,1.14,"9 km N of Hollister, CA",200.4,8.6,100.0,100sps,2.527,3.385,3.249,1.83,1.29,4.628,147.5,SSE,31.25,55.1,22.53,0,0.176,1.42,0,0,1.148,1.472,1.282,3.274,2.943,0.899,7.151,7.281,1.018,1.259,0.923,2.284,2.474,6.29,1
2026-07-26T01:09:57Z,1.1,"4 km ENE of Saint Helena, CA",19.9,7.1,100.0,100sps,2.93,2.356,3.247,1.96,1.11,5.745,67.2,ENE,3.42,5.91,5.14,0,4.568,0.1,0,0,1.148,1.278,1.114,2.079,3.048,1.466,5.719,5.841,1.021,1.09,0.922,2.146,2.329,2.14,0
2026-07-26T01:01:07Z,1.3,"2 km NE of Redwood Valley, CA",104.2,7.0,100.0,100sps,2.454,3.768,2.694,1.71,1.1,4.185,331.9,NNW,17.96,31.01,12.88,0,0.798,0.72,0,0,1.336,1.16,0.868,3.62,2.476,0.684,6.492,6.365,0.981,0.885,1.033,1.509,1.461,12.08,0
2026-07-25T23:35:19Z,1.05,"4 km ESE of Tres Pinos, CA",220.7,9.8,60.0,60sps-post-jumper,3.455,0.041,1.812,1.31,0.52,4.51,147.2,SSE,33.61,59.38,4.45,0,0.118,1.584,0,0,0.038,0.776,20.616,0.016,1.645,102.171,0.01,1.68,176.758,0.117,0.023,1.066,46.118,19.88,1
2026-07-25T23:01:01Z,1.53,"8 km WSW of The Geysers, CA",39.2,5.8,60.0,60sps-post-jumper,3.407,4.162,2.46,0.94,0.72,3.191,330.9,NNW,6.75,11.66,18.45,0,5.325,-0.222,0,0,0.902,0.99,1.098,4.235,2.33,0.55,1.748,1.555,0.89,1.234,0.767,1.594,2.079,7.08,0
2026-07-25T22:07:01Z,0.72,"2 km NNW of The Geysers, CA",39.9,2.2,60.0,60sps-post-jumper,3.671,2.992,3.222,1.61,0.88,5.894,342.2,NNW,6.88,11.88,4.6,0,0.806,0.864,0,0,0.86,0.815,0.947,2.922,3.18,1.088,2.095,2.299,1.097,0.863,0.741,1.108,1.496,12.43,0
2026-07-25T21:53:17Z,0.29,"8 km W of Cobb, CA",45.7,2.2,60.0,60sps-post-jumper,2.956,2.622,3.892,1.95,1.32,5.762,338.9,NNW,7.88,13.61,11.4,0,0.251,1.361,0,0,0.875,0.928,1.061,2.537,3.833,1.511,2.16,2.469,1.143,0.928,0.749,0.908,1.212,27.15,0
2026-07-25T21:48:27Z,1.28,"15 km NW of Pinnacles, CA",236.2,6.6,60.0,60sps-post-jumper,2.624,2.54,4.028,3.47,1.53,9.117,149.2,SSE,35.94,63.49,3.53,0,0.173,1.722,0,0,0.912,0.964,1.057,2.409,4.052,1.682,2.299,2.748,1.196,0.884,0.778,1.153,1.483,25.18,1
2026-07-25T21:42:23Z,0.79,"6 km SW of Gilroy, CA",187.9,5.0,60.0,60sps-post-jumper,3.194,3.498,2.751,1.27,0.86,4.056,151.3,SSE,30.15,53.06,20.4,0,0.089,1.658,0,0,0.881,0.873,0.991,3.496,2.69,0.77,1.612,1.551,0.962,1.03,0.755,1.044,1.383,22.9,1
2026-07-25T21:07:24Z,0.51,"4 km W of Cobb, CA",42.5,1.4,60.0,60sps-post-jumper,3.102,3.348,2.838,1.66,0.91,5.136,342.9,NNW,7.33,12.65,6.05,0,0.458,1.05,0,0,0.915,0.877,0.959,3.349,2.789,0.833,2.562,2.055,0.802,1.195,0.784,0.956,1.22,23.27,0
2026-07-25T21:02:38Z,0.35,"5 km NW of The Geysers, CA",42.7,3.2,60.0,60sps-post-jumper,3.372,4.49,3.116,1.68,0.92,5.67,340.3,NNW,7.36,12.71,6.38,0,0.315,1.255,0,0,0.887,0.879,0.991,4.549,3.071,0.675,1.97,1.733,0.88,1.126,0.747,1.231,1.647,11.52,0
2026-07-25T20:58:18Z,1.14,"5 km NNW of The Geysers, CA",42.7,2.9,60.0,60sps-post-jumper,2.661,3.093,2.623,1.43,0.99,3.802,340.4,NNW,7.36,12.71,13.28,0,1.943,0.292,0,0,0.892,0.936,1.049,3.037,2.484,0.818,1.737,1.689,0.972,1.08,0.759,1.115,1.47,20.03,0
2026-07-25T20:30:07Z,1.6,"21 km WSW of Petrolia, CA",261.1,18.4,60.0,60sps-post-jumper,3.036,2.496,2.493,1.11,0.82,3.373,321.7,NW,37.52,66.55,23.53,0,0.29,1.065,0,0,0.826,0.953,1.153,2.401,2.31,0.962,1.767,1.639,0.928,1.244,0.706,1.307,1.851,15.57,1
2026-07-25T20:27:35Z,0.29,"9 km WNW of The Geysers, CA",45.2,2.8,60.0,60sps-post-jumper,3.024,3.168,2.988,2.01,0.99,6.068,335.0,NNW,7.79,13.45,2.3,0,0.255,1.377,0,0,0.861,0.885,1.028,3.173,2.948,0.929,2.007,1.813,0.903,1.138,0.74,0.997,1.346,24.17,0
2026-07-25T19:27:32Z,1.6,"11 km NE of Blue Lake, CA",300.0,22.2,60.0,60sps-post-jumper,3.171,5.307,2.208,1.21,0.7,3.824,339.0,NNW,41.93,74.55,10.13,0,0.21,1.26,0,0,1.069,0.886,0.829,5.301,2.056,0.388,2.141,1.324,0.619,1.34,0.98,1.013,1.033,27.37,1
2026-07-25T18:58:40Z,0.72,"8 km NW of The Geysers, CA",45.6,2.2,60.0,60sps-post-jumper,3.312,2.991,6.492,4.72,1.96,15.626,338.3,NNW,7.85,13.54,1.53,0,0.678,1.362,0,0,0.855,0.94,1.099,2.923,6.624,2.266,1.418,2.305,1.625,0.677,0.743,1.38,1.858,10.3,0
2026-07-25T18:40:57Z,0.72,"8 km WNW of Cobb, CA",46.0,2.1,60.0,60sps-post-jumper,3.13,2.767,3.26,1.78,1.04,5.563,339.3,NNW,7.93,13.68,6.98,0,0.671,0.919,0,0,0.866,0.794,0.916,2.693,3.259,1.21,1.575,1.492,0.947,0.967,0.74,0.883,1.192,23.8,0
2026-07-25T17:14:48Z,1.45,"6 km WNW of The Geysers, CA",43.1,2.8,60.0,60sps-post-jumper,3.782,4.476,2.033,0.82,0.54,3.09,336.5,NNW,7.42,12.81,9.7,0,3.926,-0.104,0,0,0.963,0.88,0.915,4.529,1.854,0.409,3.371,1.792,0.532,1.72,0.849,0.966,1.139,21.8,0
2026-07-25T17:14:03Z,1.05,"6 km NW of The Geysers, CA",44.3,2.8,60.0,60sps-post-jumper,2.897,4.137,4.072,2.77,1.41,8.035,339.3,NNW,7.63,13.17,4.47,0,1.508,0.727,0,0,0.967,0.923,0.954,4.174,4.09,0.98,1.751,4.68,2.673,0.357,0.844,1.242,1.471,16.15,0
2026-07-25T17:11:42Z,1.89,"4 km S of Ridgemark, CA",216.5,8.2,60.0,60sps-post-jumper,2.516,2.909,5.17,4.78,2.05,12.016,149.0,SSE,33.29,58.76,4.43,0,0.846,1.152,0,0,0.908,1.129,1.243,2.892,5.335,1.844,1.685,2.491,1.478,0.841,0.781,1.583,2.027,17.1,1
2026-07-25T16:52:46Z,0.77,"3 km NW of The Geysers, CA",41.3,3.5,60.0,60sps-post-jumper,3.13,3.19,3.321,2.03,1.06,6.339,339.9,NNW,7.12,12.28,4.38,0,0.866,0.865,0,0,0.871,0.836,0.96,3.218,3.39,1.053,1.721,1.857,1.079,0.89,0.733,1.04,1.42,17.2,0
2026-07-25T16:13:17Z,0.75,"9 km NW of The Geysers, CA",45.9,2.0,60.0,60sps-post-jumper,2.695,2.657,2.78,2.34,1.03,6.298,335.0,NNW,7.9,13.64,1.6,0,0.722,0.941,0,0,0.956,0.879,0.919,2.515,2.717,1.08,1.4,1.718,1.227,0.749,0.832,1.167,1.403,13.22,0
2026-07-25T16:12:02Z,1.84,"9 km WNW of The Geysers, CA",45.4,2.5,60.0,60sps-post-jumper,2.712,2.549,3.007,1.92,1.11,5.218,335.0,NNW,7.83,13.52,8.02,0,8.986,-0.236,0,0,0.866,1.07,1.236,2.465,2.817,1.143,1.334,1.442,1.081,1.143,0.725,1.333,1.839,15.4,0
2026-07-25T16:10:26Z,0.73,"9 km WNW of The Geysers, CA",45.7,2.2,60.0,60sps-post-jumper,2.839,2.333,2.227,1.03,0.78,2.934,334.9,NNW,7.87,13.59,20.12,0,0.693,0.627,0,0,0.928,0.795,0.856,2.165,2.123,0.981,1.312,1.607,1.224,0.699,0.78,0.924,1.184,23.15,0
2026-07-25T15:34:11Z,1.23,"4 km NNE of Healdsburg, CA",30.9,7.3,60.0,60sps-post-jumper,2.564,2.846,2.237,1.63,0.87,4.182,316.4,NW,5.31,9.17,4.53,0,3.608,0.064,0,0,0.902,1.066,1.181,2.731,1.954,0.716,1.427,1.254,0.879,1.344,0.787,1.45,1.841,16.88,0
2026-07-25T15:15:43Z,0.08,"6 km NW of The Geysers, CA",43.8,3.3,60.0,60sps-post-jumper,2.194,2.675,2.187,1.38,1.0,3.02,339.6,NNW,7.55,13.03,16.63,0,0.164,1.266,0,0,0.892,0.808,0.905,2.581,2.072,0.803,1.462,1.287,0.881,1.028,0.748,0.83,1.11,23.25,0
2026-07-25T15:07:14Z,1.18,"8 km NNW of Redwood Valley, CA",111.2,6.0,60.0,60sps-post-jumper,2.854,3.636,2.415,1.86,0.85,5.297,332.2,NNW,19.17,33.09,3.83,0,0.546,0.987,0,0,0.956,0.871,0.91,3.648,2.277,0.624,1.644,1.285,0.782,1.165,0.816,1.002,1.227,27.8,0
2026-07-25T14:29:01Z,0.42,"9 km WNW of The Geysers, CA",45.8,1.7,60.0,60sps-post-jumper,2.069,1.883,2.091,1.57,1.01,3.246,334.4,NNW,7.88,13.61,10.92,0,0.338,0.982,0,0,0.873,0.909,1.042,1.697,1.935,1.14,1.113,1.292,1.161,0.897,0.739,1.374,1.858,6.2,0
2026-07-25T13:27:22Z,1.05,"8 km NW of Redwood Valley, CA",111.5,5.0,60.0,60sps-post-jumper,1.708,1.718,2.475,3.14,1.45,5.355,330.3,NNW,19.21,33.16,3.27,0,0.404,1.123,0,0,0.82,0.825,1.006,1.511,2.416,1.599,0.92,1.146,1.246,0.807,0.7,0.92,1.313,29.63,0
2026-07-25T13:14:52Z,0.55,"4 km SE of Pacifica, CA",97.3,7.0,60.0,60sps-post-jumper,1.696,1.759,2.054,2.01,1.21,3.402,171.3,S,16.76,28.92,11.78,0,0.158,1.333,0,0,0.809,0.826,1.021,1.585,1.93,1.217,1.025,1.291,1.259,0.811,0.685,1.415,2.064,4.57,0
2026-07-25T13:13:48Z,0.64,"7 km E of Mammoth Lakes, CA",338.3,2.3,60.0,60sps-post-jumper,1.696,2.056,2.035,2.01,1.2,3.402,104.4,ESE,49.08,87.05,12.58,0,0.017,2.3,0,0,0.859,0.844,0.982,1.91,1.893,0.991,0.984,1.197,1.217,0.807,0.719,1.415,1.968,5.47,1
2026-07-25T12:27:11Z,0.15,"8 km NW of The Geysers, CA",45.7,1.7,60.0,60sps-post-jumper,1.349,1.505,1.192,0.95,0.88,1.281,338.0,NNW,7.86,13.57,29.62,0,0.182,0.847,0,0,0.82,0.797,0.972,1.259,0.862,0.685,0.864,0.674,0.78,1.246,0.696,0.912,1.311,22.2,0
2026-07-25T11:37:18Z,0.92,"11 km E of Alum Rock, CA",147.4,8.8,60.0,60sps-post-jumper,1.264,1.4,1.334,1.53,1.05,1.928,146.4,SSE,24.66,43.26,16.65,0,0.188,1.012,0,0,0.83,0.812,0.978,1.128,1.043,0.925,0.79,0.719,0.91,1.074,0.717,0.966,1.347,25.67,0
2026-07-25T11:31:41Z,2.43,"4 km E of Saint Helena, CA",20.0,8.5,60.0,60sps-post-jumper,1.337,1.352,22.211,35.77,16.61,47.825,68.3,ENE,3.43,5.92,4.9,1,97.304,-0.308,1,0,0.827,13.39,16.198,1.062,16.608,15.635,0.783,7.772,9.92,1.633,0.685,33.681,49.187,3.28,0
2026-07-25T11:23:13Z,0.34,"7 km NW of The Geysers, CA",45.1,2.1,60.0,60sps-post-jumper,1.164,1.242,1.118,1.15,0.96,1.342,338.2,NNW,7.79,13.45,28.55,0,0.287,0.67,0,0,0.876,0.814,0.929,0.855,0.731,0.856,0.786,0.641,0.815,1.139,0.744,0.827,1.113,27.43,0
2026-07-25T10:43:57Z,0.88,"6 km WNW of Cobb, CA",45.2,1.9,60.0,60sps-post-jumper,1.184,1.118,1.16,1.22,0.98,1.445,341.4,NNW,7.8,13.47,23.08,0,0.991,0.164,0,0,0.826,0.778,0.941,0.719,0.84,1.169,0.672,0.693,1.031,0.914,0.706,0.865,1.225,22.95,0
2026-07-25T10:20:03Z,0.18,"7 km WNW of Cobb, CA",45.4,2.4,60.0,60sps-post-jumper,1.151,1.211,1.281,1.72,1.11,1.979,340.0,NNW,7.83,13.52,10.92,0,0.197,1.003,0,0,0.84,0.873,1.04,0.845,0.912,1.08,0.801,0.895,1.116,0.932,0.706,0.964,1.365,20.25,0
2026-07-25T10:08:01Z,1.01,"3 km NW of Pinnacles, CA",247.4,2.1,60.0,60sps-post-jumper,1.613,1.163,1.136,0.97,0.7,1.563,148.4,SSE,37.87,66.88,23.5,0,0.084,1.269,0,0,0.828,0.808,0.977,0.787,0.778,0.989,0.685,0.707,1.031,0.947,0.717,1.214,1.694,7.17,1
2026-07-25T09:54:27Z,0.51,"7 km WNW of Cobb, CA",45.6,2.4,60.0,60sps-post-jumper,1.186,1.124,1.522,1.7,1.28,2.018,340.1,NNW,7.87,13.58,16.63,0,0.418,0.684,0,0,0.79,0.75,0.949,0.769,1.366,1.776,0.688,0.843,1.224,0.776,0.67,0.767,1.145,27.85,0
2026-07-25T09:32:00Z,1.59,"7 km W of Cobb, CA",45.3,2.0,60.0,60sps-post-jumper,1.162,1.197,1.424,2.11,1.22,2.45,340.0,NNW,7.8,13.46,6.58,0,5.077,-0.316,0,0,0.854,0.949,1.111,0.807,1.032,1.279,0.691,0.846,1.224,0.908,0.725,1.391,1.918,8.2,0
2026-07-25T09:26:35Z,0.82,"3 km NE of The Geysers, CA",39.7,1.8,60.0,60sps-post-jumper,1.175,1.254,1.115,1.16,0.95,1.366,345.5,NNW,6.84,11.81,23.73,0,1.022,0.126,0,0,0.767,0.774,1.01,0.982,0.781,0.795,0.696,0.713,1.023,0.987,0.653,0.795,1.217,26.62,0
2026-07-25T09:13:09Z,0.31,"8 km W of Cobb, CA",46.0,2.1,60.0,60sps-post-jumper,1.192,1.202,1.128,1.08,0.95,1.282,338.2,NNW,7.94,13.7,28.13,0,0.261,0.692,0,0,0.808,0.792,0.981,0.875,0.778,0.889,0.711,0.737,1.036,0.947,0.673,0.92,1.369,20.07,0
2026-07-25T09:01:00Z,0.4,"7 km NW of The Geysers, CA",45.0,1.1,60.0,60sps-post-jumper,1.278,1.201,1.292,1.24,1.01,1.59,338.2,NNW,7.75,13.38,21.97,0,0.331,0.682,0,0,0.809,0.906,1.119,0.862,0.892,1.035,0.711,0.787,1.106,1.012,0.689,1.243,1.805,12.15,0
2026-07-25T08:18:06Z,0.26,"8 km NW of The Geysers, CA",46.0,1.1,60.0,60sps-post-jumper,1.305,1.516,1.245,1.36,0.95,1.778,338.1,NNW,7.93,13.69,16.32,0,0.232,0.884,0,0,0.796,0.808,1.015,1.306,0.923,0.707,0.817,0.712,0.872,1.164,0.673,0.97,1.44,19.15,0
2026-07-25T08:17:07Z,1.32,"4 km NNW of The Geysers, CA",41.9,2.3,60.0,60sps-post-jumper,1.346,1.273,1.278,1.21,0.95,1.623,341.1,NNW,7.22,12.46,21.8,0,3.017,-0.269,0,0,0.829,0.825,0.996,0.948,0.95,1.002,0.774,0.897,1.158,0.86,0.707,1.022,1.446,17.17,0
2026-07-25T08:02:58Z,0.27,"2 km E of The Geysers, CA",37.4,1.7,60.0,60sps-post-jumper,1.361,1.212,1.467,1.6,1.08,2.177,345.3,NNW,6.46,11.15,9.17,0,0.311,0.845,0,0,0.798,0.859,1.077,0.885,1.162,1.313,0.757,0.991,1.31,0.822,0.682,0.936,1.373,21.25,0
2026-07-25T07:54:17Z,1.87,"8 km NNW of Redwood Valley, CA",111.8,3.1,60.0,60sps-post-jumper,1.292,1.234,1.257,1.65,0.97,2.137,332.3,NNW,19.27,33.26,8.12,0,2.655,-0.094,0,0,0.815,0.884,1.084,0.912,0.854,0.936,0.702,0.76,1.083,1.001,0.691,1.55,2.244,4.87,0
2026-07-25T07:11:47Z,2.29,"4 km NNE of Lemoore, CA",346.5,18.8,60.0,60sps-post-jumper,1.352,1.41,1.227,1.35,0.91,1.822,132.1,SE,48.05,85.5,17.27,0,0.717,0.405,0,0,0.813,0.844,1.037,1.127,0.863,0.766,0.82,0.698,0.851,1.218,0.716,1.056,1.475,24.33,1
2026-07-25T07:09:32Z,0.99,"7 km WNW of Cobb, CA",45.6,1.9,60.0,60sps-post-jumper,1.366,1.352,1.539,2.33,1.13,3.178,339.9,NNW,7.86,13.57,3.8,0,1.262,0.401,0,0,0.832,0.793,0.953,1.047,1.335,1.275,0.759,0.891,1.174,0.812,0.697,0.842,1.207,27.07,0
2026-07-25T04:44:05Z,1.0,"18 km SW of Toms Place, CA",349.6,2.3,60.0,60sps-post-jumper,2.581,2.355,2.717,1.71,1.05,4.406,107.2,ESE,50.48,89.57,13.97,0,0.036,2.089,0,0,0.768,0.807,1.05,2.253,2.613,1.16,1.559,1.885,1.209,0.868,0.643,0.898,1.396,32.37,1
2026-07-25T04:32:47Z,1.61,"25 km SSW of Hawthorne, Nevada",338.2,8.0,60.0,60sps-post-jumper,2.376,2.907,3.242,2.66,1.36,6.321,91.4,E,48.37,85.88,6.5,0,0.159,1.598,0,0,0.846,0.837,0.989,2.873,3.222,1.121,1.821,2.304,1.265,0.782,0.733,0.902,1.231,31.32,1
2026-07-25T04:23:47Z,2.15,"33 km N of Benton, California",364.6,7.6,60.0,60sps-post-jumper,2.26,1.742,2.363,1.93,1.05,4.368,94.6,E,51.69,91.84,11.3,0,0.453,0.984,0,0,0.794,0.822,1.035,1.554,2.28,1.467,1.837,1.723,0.938,1.103,0.66,1.018,1.542,24.92,1
2026-07-25T03:59:38Z,1.97,"33 km N of Benton, California",364.7,7.8,60.0,60sps-post-jumper,2.305,2.348,3.456,3.59,1.5,8.272,94.5,E,51.68,91.83,2.93,0,0.299,1.441,0,0,0.889,0.897,1.008,2.216,3.447,1.556,2.312,2.527,1.093,0.923,0.73,1.184,1.622,15.12,1
2026-07-25T03:15:55Z,0.73,"3 km ENE of The Geysers, CA",39.0,2.7,60.0,60sps-post-jumper,2.115,4.537,3.827,3.25,1.81,6.88,346.5,NNW,6.73,11.61,6.5,0,0.849,0.909,0,0,1.101,0.863,0.784,4.602,3.816,0.829,1.628,1.567,0.962,0.814,1.012,1.039,1.028,19.75,0
2026-07-25T03:02:10Z,1.1,"7 km WNW of Cobb, CA",45.4,1.6,60.0,60sps-post-jumper,2.026,1.954,2.051,1.76,1.01,3.573,340.1,NNW,7.82,13.5,5.82,0,1.638,0.339,0,0,0.836,0.842,1.008,1.786,1.896,1.061,2.438,2.391,0.981,1.028,0.697,0.934,1.34,21.58,0
2026-07-25T02:43:29Z,0.25,"2 km NW of The Geysers, CA",41.2,8.5,60.0,60sps-post-jumper,2.37,2.982,2.235,1.35,0.94,3.192,340.6,NNW,7.1,12.25,11.02,0,0.262,1.086,0,0,0.857,0.832,0.971,2.965,2.113,0.713,2.552,2.396,0.939,1.035,0.721,1.0,1.386,17.68,0
2026-07-25T02:15:20Z,1.82,"7 km WNW of Cobb, CA",45.6,1.8,60.0,60sps-post-jumper,2.903,2.735,2.269,1.09,0.78,3.177,340.0,NNW,7.87,13.59,19.08,0,8.541,-0.43,0,0,0.835,1.188,1.422,2.684,1.942,0.724,2.254,1.312,0.582,2.444,0.718,1.843,2.567,9.32,0
2026-07-25T02:00:39Z,0.45,"10 km WNW of The Geysers, CA",45.8,2.7,60.0,60sps-post-jumper,2.342,2.045,2.49,2.18,1.06,5.101,333.9,NNW,7.89,13.63,3.3,0,0.362,1.149,0,0,0.824,0.878,1.065,1.898,2.397,1.263,1.925,2.147,1.115,0.955,0.695,1.109,1.594,16.65,0
2026-07-25T01:58:08Z,1.07,"9 km NW of Redwood Valley, CA",112.6,6.5,60.0,60sps-post-jumper,2.658,2.465,2.887,2.1,1.09,5.579,330.2,NNW,19.4,33.49,8.0,0,0.416,1.127,0,0,0.862,0.771,0.895,2.383,2.84,1.192,1.931,2.089,1.082,0.827,0.736,0.861,1.17,32.15,0
2026-07-25T01:36:29Z,0.29,"3 km NE of The Geysers, CA",39.5,0.9,60.0,60sps-post-jumper,2.817,3.262,3.223,1.99,1.14,5.594,345.5,NNW,6.81,11.76,5.53,0,0.303,1.266,0,0,0.886,0.815,0.92,3.256,3.241,0.995,2.563,2.694,1.051,0.875,0.732,0.923,1.261,22.68,0
2026-07-25T00:57:20Z,0.82,"3 km NW of Pinnacles, CA",247.8,4.3,60.0,60sps-post-jumper,3.493,3.348,3.198,1.95,0.92,6.799,148.4,SSE,37.65,66.53,5.32,0,0.054,2.099,0,0,0.957,0.878,0.917,3.276,3.149,0.961,1.946,1.884,0.968,0.947,0.855,1.07,1.251,26.73,1
2026-07-25T00:22:39Z,1.41,"1 km ESE of The Geysers, CA",37.3,1.3,60.0,60sps-post-jumper,3.644,2.987,2.101,0.66,0.58,2.42,343.4,NNW,6.43,11.1,25.97,0,4.305,-0.25,0,0,0.954,0.886,0.929,2.907,1.936,0.666,2.446,2.453,1.003,0.926,0.805,1.043,1.296,19.37,0
2026-07-25T00:03:13Z,2.08,"11 km ESE of Gilroy, CA",195.0,5.7,60.0,60sps-post-jumper,3.611,3.611,3.08,1.84,0.85,6.652,147.7,SSE,30.95,54.51,4.97,0,1.617,0.614,0,0,0.899,0.879,0.977,3.639,3.074,0.845,2.638,2.29,0.868,1.126,0.77,1.244,1.616,13.95,1
2026-07-24T23:30:55Z,0.33,"20 km NW of Parkfield, CA",324.8,0.1,60.0,60sps-post-jumper,3.077,2.717,3.595,2.58,1.17,7.955,145.7,SE,47.68,84.5,3.12,0,0.009,2.933,0,0,0.914,0.905,0.991,2.642,3.65,1.382,2.289,1.725,0.754,1.314,0.785,1.344,1.712,14.0,1
2026-07-24T23:20:27Z,2.56,"8 km NE of Lake Davis, CA",251.0,4.0,60.0,60sps-post-jumper,3.95,6.061,4.462,1.7,1.13,6.714,48.7,NE,38.08,67.3,18.38,0,2.89,0.366,0,0,1.502,0.868,0.578,6.062,4.537,0.748,2.249,2.563,1.14,0.507,1.435,0.977,0.681,29.2,1
2026-07-24T23:15:00Z,1.72,"25 km W of Los Banos, CA",205.3,4.8,60.0,60sps-post-jumper,3.445,3.878,2.961,1.92,0.86,6.605,139.7,SE,32.32,56.96,3.5,0,0.637,1.015,0,0,0.859,0.91,1.059,3.888,2.826,0.727,1.889,1.546,0.819,1.294,0.749,1.498,1.999,8.67,1
2026-07-24T22:38:21Z,2.45,"11 km ESE of Gilroy, CA",194.9,5.3,60.0,60sps-post-jumper,3.922,4.502,4.052,2.48,1.03,9.715,147.7,SSE,30.98,54.55,4.43,0,3.794,0.408,0,0,0.989,0.872,0.882,4.534,4.113,0.907,1.966,1.851,0.941,0.937,0.886,1.181,1.332,17.72,1
2026-07-24T21:41:54Z,1.16,"10 km SE of Willits, CA",114.1,-0.1,60.0,60sps-post-jumper,3.024,2.989,4.803,3.08,1.59,9.315,330.1,NNW,19.67,33.95,9.22,0,0.501,1.269,0,0,0.837,0.87,1.04,2.958,4.992,1.688,1.628,2.194,1.348,0.772,0.72,1.018,1.415,27.15,0
2026-07-24T21:16:49Z,0.75,"4 km SE of The Geysers, CA",34.7,1.6,60.0,60sps-post-jumper,5.064,4.112,2.079,0.46,0.41,2.312,343.8,NNW,5.98,10.32,26.48,0,1.033,0.35,0,0,0.879,0.858,0.976,4.235,1.905,0.45,2.159,1.443,0.668,1.46,0.734,0.912,1.243,22.55,0
2026-07-24T20:52:43Z,1.82,"4 km W of Cobb, CA",42.6,1.4,60.0,60sps-post-jumper,4.176,3.688,3.367,1.22,0.81,5.088,342.8,NNW,7.35,12.69,12.17,0,9.32,-0.263,0,0,0.89,1.085,1.219,3.722,3.25,0.873,2.814,2.017,0.717,1.701,0.751,1.931,2.569,5.95,0
2026-07-24T20:52:03Z,1.46,"6 km W of Cobb, CA",44.8,2.4,60.0,60sps-post-jumper,3.74,4.487,3.088,1.28,0.83,4.801,340.7,NNW,7.72,13.33,10.52,0,3.813,0.1,0,0,0.897,0.877,0.979,4.611,2.996,0.65,2.599,3.148,1.212,0.808,0.762,1.111,1.457,16.73,0
2026-07-24T20:50:56Z,1.03,"3 km ENE of Fremont, CA",115.6,5.1,60.0,60sps-post-jumper,3.498,4.26,4.271,2.23,1.22,7.785,149.4,SSE,19.92,34.38,8.25,0,0.364,1.33,0,0,0.899,0.915,1.018,4.342,4.385,1.01,2.432,2.527,1.039,0.98,0.767,1.057,1.377,26.75,0
2026-07-24T20:50:24Z,0.85,"4 km N of Cloverdale, CA",55.7,3.5,60.0,60sps-post-jumper,3.875,3.77,4.994,2.41,1.29,9.354,321.9,NW,9.59,16.56,8.03,0,0.702,1.125,0,0,0.881,0.907,1.029,3.797,5.164,1.36,2.257,2.763,1.224,0.841,0.753,0.963,1.279,25.8,0
2026-07-24T20:50:11Z,0.97,"5 km WNW of Mammoth Lakes, CA",326.6,1.6,60.0,60sps-post-jumper,4.188,4.023,3.562,1.47,0.85,6.148,104.6,ESE,47.72,84.6,10.18,0,0.04,2.188,0,0,0.91,0.895,0.984,4.056,3.643,0.898,2.377,2.314,0.973,1.011,0.768,1.057,1.375,25.62,1
2026-07-24T20:03:59Z,0.83,"7 km WNW of Cobb, CA",45.5,1.9,60.0,60sps-post-jumper,4.211,6.653,2.921,0.93,0.69,3.912,340.3,NNW,7.83,13.51,19.97,0,0.877,0.649,0,0,0.887,0.849,0.957,6.763,2.916,0.431,4.44,1.833,0.413,2.318,0.757,0.907,1.198,23.95,0
2026-07-24T19:59:21Z,1.66,"25 km SSW of Hawthorne, Nevada",339.1,9.3,60.0,60sps-post-jumper,2.393,4.662,3.062,3.23,1.28,7.721,91.3,E,48.33,85.82,2.55,0,0.178,1.638,0,0,0.9,0.865,0.961,4.797,3.034,0.632,2.368,2.444,1.032,0.931,0.797,1.166,1.464,18.38,1
2026-07-24T19:53:39Z,1.14,"4 km SE of The Geysers, CA",34.5,1.9,60.0,60sps-post-jumper,3.56,2.772,2.928,1.58,0.82,5.611,343.9,NNW,5.95,10.27,3.23,0,2.55,0.342,0,0,0.856,0.831,0.97,2.722,2.921,1.073,1.465,1.622,1.107,0.877,0.742,0.894,1.204,21.05,0
2026-07-24T19:46:19Z,0.21,"7 km WNW of Cobb, CA",45.5,1.9,60.0,60sps-post-jumper,3.855,2.641,2.336,0.77,0.61,2.978,340.3,NNW,7.85,13.55,22.7,0,0.21,1.152,0,0,0.938,0.845,0.902,2.5,2.226,0.89,1.58,1.38,0.874,1.032,0.838,1.193,1.424,11.18,0
2026-07-24T19:45:56Z,2.65,"25 km SSW of Hawthorne, Nevada",338.3,6.7,60.0,60sps-post-jumper,4.701,3.474,3.301,1.88,0.7,8.814,91.3,E,48.55,86.18,2.17,0,1.746,0.703,0,0,0.98,0.9,0.918,3.416,3.243,0.949,2.021,1.508,0.746,1.231,0.885,1.193,1.348,20.23,1
2026-07-24T18:07:08Z,1.65,"2 km ENE of Aromas, CA",194.5,-0.1,60.0,60sps-post-jumper,4.536,3.433,4.449,2.23,0.98,10.132,152.8,SSE,31.57,55.52,3.12,0,0.604,1.225,0,0,0.935,0.97,1.038,3.442,4.55,1.322,1.894,2.142,1.131,0.918,0.797,1.429,1.793,15.9,1
2026-07-24T17:28:44Z,1.04,"4 km W of Cobb, CA",42.5,1.4,60.0,60sps-post-jumper,3.421,4.993,4.017,1.97,1.17,6.733,342.9,NNW,7.32,12.64,8.17,0,1.555,0.637,0,0,0.948,0.93,0.981,4.932,4.035,0.818,1.52,1.711,1.126,0.871,0.831,1.168,1.406,18.38,0
2026-07-24T17:12:18Z,1.68,"9 km E of Wasco, CA",438.6,25.0,60.0,60sps-post-jumper,5.033,3.303,7.047,2.76,1.4,13.903,135.6,SE,58.83,104.99,8.52,0,0.091,2.186,0,0,0.944,1.062,1.126,3.231,7.298,2.259,1.72,5.607,3.26,0.345,0.824,1.687,2.046,9.37,1
2026-07-24T16:59:25Z,0.74,"11 km SSW of Lake Nacimiento, CA",346.4,5.7,60.0,60sps-post-jumper,2.994,3.013,3.262,2.41,1.09,7.215,153.9,SSE,49.68,88.19,2.63,0,0.02,2.553,0,0,0.896,0.835,0.932,2.957,3.296,1.115,1.849,1.486,0.804,1.159,0.756,0.928,1.226,31.28,1
2026-07-24T16:28:06Z,2.11,"24 km SSW of Hawthorne, Nevada",338.8,7.5,60.0,60sps-post-jumper,3.737,2.965,4.264,2.18,1.14,8.138,91.3,E,48.51,86.13,9.05,0,0.502,1.21,0,0,1.176,1.034,0.879,2.752,4.311,1.566,1.513,1.864,1.232,0.714,1.099,1.577,1.435,12.27,1
2026-07-24T15:59:10Z,0.39,"4 km W of Cobb, CA",43.3,2.1,60.0,60sps-post-jumper,5.272,6.428,2.513,0.68,0.48,3.592,343.1,NNW,7.47,12.89,17.82,0,0.339,1.025,0,0,0.955,0.951,0.995,6.605,2.359,0.357,2.118,1.503,0.71,1.403,0.807,1.094,1.356,22.62,0
2026-07-24T15:47:08Z,2.56,"24 km SSW of Hawthorne, Nevada",338.9,6.8,60.0,60sps-post-jumper,4.094,4.438,3.527,2.34,0.86,9.594,91.3,E,48.61,86.29,1.22,0,1.413,0.832,0,0,0.979,0.864,0.882,4.481,3.532,0.788,1.959,1.637,0.836,1.056,0.864,1.282,1.484,12.07,1
2026-07-24T15:41:11Z,1.91,"16 km NE of New Idria, CA",282.7,15.1,60.0,60sps-post-jumper,3.803,2.527,3.312,1.29,0.87,4.925,138.9,SE,40.63,72.08,18.12,0,0.494,0.999,0,0,0.851,0.87,1.022,2.419,3.285,1.358,1.544,1.896,1.228,0.832,0.724,1.058,1.462,30.72,1
2026-07-24T15:20:35Z,1.25,"11 km N of Redwood Valley, CA",114.2,8.2,60.0,60sps-post-jumper,3.37,2.531,3.492,2.52,1.04,8.492,333.1,NNW,19.68,33.97,3.53,0,0.615,1.14,0,0,0.975,0.852,0.874,2.385,3.4,1.426,1.416,1.334,0.942,0.928,0.869,1.032,1.188,26.6,0
2026-07-24T14:58:55Z,2.31,"14 km N of Morgan Hill, CA",159.0,5.6,60.0,60sps-post-jumper,2.899,3.23,3.078,1.43,1.06,4.148,146.6,SSE,26.5,46.5,25.62,0,4.028,0.013,0,0,0.91,0.951,1.045,3.232,2.985,0.923,1.688,1.568,0.929,1.125,0.775,1.289,1.663,16.37,1
2026-07-24T14:55:27Z,1.58,"5 km ENE of Johnson Lane, Nevada",266.0,7.5,60.0,60sps-post-jumper,3.979,4.263,2.924,1.4,0.73,5.566,74.0,ENE,39.51,69.94,5.95,0,0.266,1.321,0,0,1.161,0.93,0.801,4.22,2.833,0.671,2.269,1.546,0.682,1.175,1.078,1.558,1.446,4.63,1
2026-07-24T14:53:43Z,1.46,"14 km N of Morgan Hill, CA",158.9,6.0,60.0,60sps-post-jumper,3.882,4.241,4.479,2.34,1.15,9.073,146.6,SSE,26.45,46.41,6.2,0,0.569,1.202,0,0,0.955,1.136,1.189,4.265,4.475,1.049,2.02,2.22,1.099,1.082,0.849,1.684,1.984,12.23,1
2026-07-24T14:01:10Z,1.41,"39 km N of Toms Place, CA",351.6,6.1,60.0,60sps-post-jumper,2.399,3.607,4.194,2.99,1.75,7.167,98.7,E,50.28,89.27,12.6,0,0.091,1.897,0,0,0.913,1.035,1.134,3.63,4.19,1.154,1.626,1.824,1.122,1.011,0.795,1.779,2.237,9.17,1
2026-07-24T13:25:52Z,1.81,"5 km WNW of San Juan Bautista, CA",199.3,5.3,60.0,60sps-post-jumper,3.223,5.965,1.739,0.71,0.54,2.283,152.7,SSE,31.52,55.52,26.47,0,0.832,0.438,0,0,1.184,0.873,0.737,5.93,1.516,0.256,1.904,1.043,0.548,1.345,1.104,0.983,0.89,30.32,1
2026-07-24T12:50:02Z,0.97,"2 km ESE of Pacifica, CA",95.7,8.1,60.0,60sps-post-jumper,1.914,1.612,2.34,1.71,1.22,3.267,171.7,S,16.5,28.47,21.57,0,0.426,0.885,0,0,0.848,0.841,0.992,1.41,2.233,1.584,0.933,3.755,4.023,0.247,0.732,0.933,1.274,30.38,0
2026-07-24T12:49:52Z,1.72,"2 km NW of The Geysers, CA",39.7,3.2,60.0,60sps-post-jumper,1.907,1.584,2.079,1.9,1.09,3.62,340.7,NNW,6.85,11.82,5.42,0,8.107,-0.35,0,0,0.839,1.042,1.243,1.382,1.768,1.279,0.93,0.893,0.96,1.295,0.719,1.47,2.044,12.95,0
2026-07-24T12:43:36Z,2.39,"25 km SSW of Hawthorne, Nevada",338.7,7.0,60.0,60sps-post-jumper,3.415,3.407,2.857,1.68,0.84,5.743,91.4,E,48.56,86.21,7.63,0,0.957,0.778,0,0,0.863,0.849,0.984,3.427,2.78,0.811,1.999,1.282,0.641,1.534,0.736,1.043,1.417,23.83,1
2026-07-24T12:14:14Z,2.09,"25 km SSW of Hawthorne, Nevada",338.6,6.7,60.0,60sps-post-jumper,2.022,4.397,1.583,1.12,0.78,2.269,91.4,E,48.59,86.25,22.08,0,0.48,0.675,0,0,1.136,0.892,0.785,4.402,1.306,0.297,2.035,1.005,0.494,1.591,1.039,1.186,1.142,18.97,1
2026-07-24T12:06:06Z,1.83,"7 km NW of The Geysers, CA",44.4,2.2,60.0,60sps-post-jumper,2.981,2.523,2.161,1.14,0.72,3.41,338.8,NNW,7.66,13.23,11.53,0,9.042,-0.424,0,0,0.892,1.145,1.284,2.477,1.773,0.716,3.39,0.986,0.291,4.414,0.754,1.726,2.288,11.65,0
2026-07-24T11:23:40Z,0.72,"8 km WNW of Cobb, CA",45.8,2.3,60.0,60sps-post-jumper,1.29,1.353,1.18,1.2,0.91,1.549,339.1,NNW,7.88,13.61,22.57,0,0.675,0.361,0,0,0.832,0.795,0.955,1.053,0.85,0.807,0.846,0.73,0.863,1.108,0.709,0.847,1.194,25.92,0
2026-07-24T11:16:18Z,0.43,"7 km NW of The Geysers, CA",44.5,2.5,60.0,60sps-post-jumper,1.481,1.245,1.174,1.1,0.79,1.624,338.8,NNW,7.66,13.22,20.73,0,0.359,0.656,0,0,0.854,0.8,0.936,0.876,0.834,0.953,0.694,0.649,0.935,1.002,0.719,1.079,1.5,13.05,0
2026-07-24T11:01:39Z,0.71,"7 km WNW of Cobb, CA",45.6,2.2,60.0,60sps-post-jumper,1.215,1.28,1.256,1.47,1.03,1.787,339.9,NNW,7.85,13.54,16.28,0,0.663,0.43,0,0,0.87,0.84,0.966,0.904,0.901,0.997,1.519,1.48,0.975,0.991,0.742,0.949,1.28,21.2,0
2026-07-24T10:51:28Z,1.05,"9 km ESE of Cloverdale, CA",43.8,6.2,60.0,60sps-post-jumper,1.342,1.242,1.367,1.45,1.02,1.942,322.2,NW,7.55,13.03,16.37,0,1.527,0.104,0,0,0.854,0.93,1.089,0.874,0.987,1.129,0.727,0.773,1.064,1.024,0.731,1.22,1.669,13.08,0
2026-07-24T10:49:14Z,1.09,"7 km NW of The Geysers, CA",43.9,2.8,60.0,60sps-post-jumper,1.268,1.35,1.639,2.01,1.29,2.544,336.9,NNW,7.59,13.1,11.08,0,1.669,0.183,0,0,0.892,0.898,1.007,0.998,1.375,1.377,1.079,1.011,0.937,1.074,0.756,0.997,1.32,22.0,0
2026-07-24T10:31:55Z,1.3,"7 km NW of The Geysers, CA",44.4,2.8,60.0,60sps-post-jumper,1.29,1.219,1.168,1.1,0.91,1.415,338.3,NNW,7.65,13.2,26.37,0,2.673,-0.276,0,0,0.794,0.817,1.029,0.904,0.809,0.895,0.756,0.657,0.868,1.185,0.671,0.988,1.472,19.22,0
2026-07-24T10:28:10Z,0.7,"7 km NW of The Geysers, CA",44.6,2.5,60.0,60sps-post-jumper,1.294,1.312,1.268,1.22,0.98,1.581,338.7,NNW,7.68,13.26,22.77,0,0.667,0.375,0,0,0.839,0.811,0.967,0.984,0.949,0.964,1.549,1.289,0.832,1.162,0.694,0.951,1.37,20.98,0
2026-07-24T10:25:19Z,1.08,"7 km NW of The Geysers, CA",44.5,2.6,60.0,60sps-post-jumper,2.178,1.311,1.328,0.73,0.61,1.584,338.8,NNW,7.67,13.24,27.17,0,1.604,-0.005,0,0,0.865,0.873,1.009,0.952,0.972,1.02,1.554,1.595,1.026,0.984,0.727,1.064,1.462,18.22,0
2026-07-24T09:50:22Z,1.1,"5 km WNW of Cobb, CA",45.0,1.7,60.0,60sps-post-jumper,1.313,1.672,1.358,1.14,1.03,1.499,341.7,NNW,7.76,13.4,28.42,0,1.655,-0.043,0,0,0.867,0.885,1.02,1.431,1.003,0.701,1.629,1.533,0.941,1.084,0.744,0.957,1.286,22.7,0
2026-07-24T09:46:38Z,0.88,"5 km NW of The Geysers, CA",43.0,1.3,60.0,60sps-post-jumper,1.241,1.251,1.327,1.5,1.07,1.856,339.0,NNW,7.42,12.8,13.65,0,1.058,0.244,0,0,0.85,0.878,1.033,0.895,0.966,1.08,1.471,1.51,1.026,1.006,0.722,1.008,1.397,20.18,0
2026-07-24T09:30:41Z,1.09,"9 km ENE of Milpitas, CA",132.8,4.7,60.0,60sps-post-jumper,1.308,1.281,1.22,1.28,0.93,1.674,147.3,SSE,22.89,39.5,24.23,0,0.332,0.702,0,0,0.864,0.798,0.924,0.921,0.909,0.986,0.995,0.977,0.981,0.942,0.737,0.915,1.241,31.77,0
2026-07-24T09:26:33Z,1.06,"9 km NW of Redwood Valley, CA",112.6,6.3,60.0,60sps-post-jumper,1.248,1.34,1.354,1.66,1.08,2.067,330.3,NNW,19.4,33.49,14.18,0,0.407,0.706,0,0,0.809,0.87,1.076,1.061,1.017,0.959,1.018,1.057,1.039,1.036,0.68,1.074,1.579,21.42,0
2026-07-24T09:23:38Z,1.26,"9 km ESE of Willits, CA",116.5,0.9,60.0,60sps-post-jumper,1.32,1.21,1.193,1.11,0.9,1.463,331.9,NNW,20.08,34.66,34.0,0,0.61,0.38,0,0,0.829,0.811,0.979,0.86,0.844,0.982,0.955,0.941,0.985,0.993,0.695,0.862,1.241,34.97,0
2026-07-24T08:34:59Z,1.21,"6 km NW of San Francisco Zoo, CA",76.6,11.3,60.0,60sps-post-jumper,1.266,1.238,1.252,1.27,0.99,1.604,175.5,S,13.19,22.77,25.37,0,1.03,0.192,0,0,0.823,0.831,1.01,0.902,0.902,1.001,0.944,0.949,1.006,1.005,0.694,1.213,1.748,10.3,0
2026-07-24T08:05:27Z,1.47,"12 km ESE of Willits, CA",115.5,7.0,60.0,60sps-post-jumper,1.413,1.226,2.063,2.58,1.46,3.646,333.0,NNW,19.9,34.35,5.25,0,1.003,0.56,0,0,0.866,0.858,0.99,0.833,1.876,2.253,0.744,0.8,1.075,0.921,0.743,1.046,1.408,22.2,0
2026-07-24T07:54:51Z,1.93,"9 km NW of Redwood Valley, CA",112.4,6.4,60.0,60sps-post-jumper,1.412,1.207,1.222,0.99,0.87,1.396,330.1,NNW,19.36,33.42,35.45,0,3.024,-0.336,0,0,0.84,0.818,0.973,0.838,0.893,1.066,0.719,0.682,0.949,1.026,0.712,0.902,1.268,29.52,0
2026-07-24T07:48:21Z,2.18,"4 km WSW of Hamilton City, CA",152.6,28.4,60.0,60sps-post-jumper,2.33,2.287,2.51,1.66,1.08,3.857,18.7,NNE,22.91,40.45,16.85,0,3.212,0.08,0,0,0.824,0.858,1.041,2.189,2.428,1.109,0.808,0.873,1.081,0.963,0.709,1.04,1.467,20.4,1
2026-07-24T07:45:42Z,0.78,"7 km WNW of Cobb, CA",45.6,2.2,60.0,60sps-post-jumper,1.694,2.342,2.314,1.54,1.37,2.605,340.1,NNW,7.87,13.59,29.52,0,0.778,0.525,0,0,0.82,0.849,1.036,2.247,2.197,0.978,0.839,0.899,1.072,0.966,0.695,1.281,1.843,8.53,0
2026-07-24T07:25:39Z,0.28,"6 km WNW of Cobb, CA",45.4,2.4,60.0,60sps-post-jumper,1.298,1.382,1.906,3.09,1.47,4.015,341.2,NNW,7.82,13.49,3.17,0,0.248,1.209,0,0,0.864,0.88,1.019,1.073,1.724,1.607,0.848,1.062,1.252,0.814,0.728,1.064,1.462,20.13,0
2026-07-24T06:29:11Z,2.08,"7 km ESE of Challenge-Brownsville, CA",166.3,13.6,60.0,60sps-post-jumper,1.405,1.26,1.781,2.3,1.27,3.229,48.1,NE,26.38,46.44,8.87,0,2.186,0.169,0,0,0.827,0.798,0.964,0.936,1.619,1.729,1.031,0.982,0.952,1.013,0.696,0.903,1.298,30.6,1
2026-07-24T06:21:20Z,0.69,"6 km WNW of Cobb, CA",45.4,1.7,60.0,60sps-post-jumper,1.395,1.644,2.618,4.86,1.88,6.772,341.3,NNW,7.82,13.5,2.2,0,0.637,1.026,0,0,0.849,0.864,1.018,1.381,2.521,1.825,1.179,1.446,1.227,0.83,0.731,1.239,1.695,10.73,0
2026-07-24T06:01:35Z,0.7,"5 km WNW of Cobb, CA",45.1,1.8,60.0,60sps-post-jumper,1.344,1.605,1.85,2.8,1.38,3.77,342.0,NNW,7.78,13.43,4.4,0,0.656,0.759,0,0,0.83,0.783,0.943,1.383,1.702,1.231,0.893,0.793,0.889,1.061,0.705,0.991,1.405,18.35,0
2026-07-24T05:42:48Z,0.74,"7 km WNW of Cobb, CA",45.5,2.1,60.0,60sps-post-jumper,1.369,2.919,1.564,2.09,1.14,2.863,340.1,NNW,7.84,13.53,7.58,0,0.713,0.604,0,0,0.878,0.877,0.998,2.884,1.31,0.454,1.239,0.777,0.627,1.592,0.773,1.137,1.471,11.8,0
2026-07-24T05:42:11Z,1.05,"7 km WNW of Cobb, CA",45.4,2.1,60.0,60sps-post-jumper,1.394,2.193,2.777,3.63,1.99,5.055,340.2,NNW,7.81,13.49,6.67,0,1.46,0.539,0,0,0.844,0.839,0.994,2.093,2.743,1.31,0.988,1.296,1.311,0.758,0.741,1.05,1.417,16.7,0
2026-07-24T05:36:07Z,1.26,"7 km WNW of Cobb, CA",45.4,2.0,60.0,60sps-post-jumper,1.51,1.42,1.213,1.13,0.8,1.712,340.2,NNW,7.81,13.48,14.57,0,2.369,-0.141,0,0,0.833,0.881,1.058,1.137,0.771,0.679,0.916,0.659,0.72,1.471,0.709,1.115,1.573,17.5,0
2026-07-24T05:29:15Z,2.4,"72 km W of Petrolia, CA",304.5,10.0,60.0,60sps-post-jumper,1.561,1.575,1.534,1.84,0.98,2.871,315.5,NW,43.96,77.99,6.17,0,1.279,0.351,0,0,0.848,0.806,0.951,1.335,1.295,0.97,0.786,0.876,1.115,0.852,0.728,0.976,1.342,26.77,1
2026-07-24T05:23:52Z,1.49,"13 km WNW of The Geysers, CA",48.7,2.8,60.0,60sps-post-jumper,2.171,2.092,1.293,0.86,0.6,1.875,332.8,NNW,8.4,14.5,17.23,0,3.659,-0.29,0,0,0.839,0.867,1.032,1.942,0.929,0.479,1.057,0.927,0.877,1.177,0.732,1.106,1.511,17.27,0
2026-07-24T05:11:04Z,0.26,"7 km NW of The Geysers, CA",45.0,1.9,60.0,60sps-post-jumper,1.735,1.776,1.838,2.21,1.06,3.832,338.1,NNW,7.76,13.4,3.58,0,0.239,1.204,0,0,0.879,0.847,0.964,1.557,1.636,1.051,0.949,0.863,0.909,1.061,0.764,1.045,1.367,17.92,0
2026-07-24T05:07:17Z,1.03,"8 km NW of Redwood Valley, CA",111.1,6.7,60.0,60sps-post-jumper,1.85,2.108,1.242,0.81,0.67,1.494,329.4,NNW,19.14,33.05,27.8,0,0.388,0.586,0,0,0.867,0.841,0.97,1.955,0.88,0.45,1.1,0.768,0.698,1.389,0.708,1.064,1.503,19.62,0
2026-07-24T04:47:46Z,1.6,"2 km W of Portola Valley, CA",123.0,8.2,60.0,60sps-post-jumper,1.523,1.611,1.427,1.09,0.94,1.667,164.9,SSE,21.18,36.57,34.95,0,1.222,0.135,0,0,0.822,0.857,1.042,1.406,1.129,0.803,1.445,1.452,1.005,1.038,0.707,1.072,1.517,23.68,0
2026-07-24T04:03:12Z,0.76,"7 km NW of The Geysers, CA",44.2,4.1,60.0,60sps-post-jumper,2.194,3.121,1.89,1.2,0.86,2.628,338.1,NNW,7.62,13.15,17.8,0,0.774,0.531,0,0,0.875,0.849,0.971,3.074,1.72,0.559,1.252,1.181,0.943,1.029,0.741,0.958,1.293,21.37,0
2026-07-24T03:28:28Z,1.46,"8 km W of Cobb, CA",46.1,1.9,60.0,60sps-post-jumper,3.613,1.896,1.962,0.99,0.54,3.576,338.3,NNW,7.94,13.7,5.95,0,3.678,-0.012,0,0,0.846,0.797,0.942,1.714,1.821,1.063,2.075,1.922,0.926,1.017,0.704,0.82,1.164,26.82,0
2026-07-24T03:20:56Z,1.33,"8 km W of Cobb, CA",45.8,1.6,60.0,60sps-post-jumper,2.971,2.194,1.273,0.56,0.43,1.67,338.5,NNW,7.9,13.64,25.38,0,2.744,-0.216,0,0,0.813,0.812,1.0,2.059,0.963,0.468,1.02,0.796,0.781,1.281,0.697,0.911,1.307,24.28,0
2026-07-24T03:01:39Z,0.72,"1 km W of The Geysers, CA",38.5,0.9,60.0,60sps-post-jumper,2.464,2.12,2.191,1.29,0.89,3.184,341.0,NNW,6.64,11.46,19.0,0,0.844,0.577,0,0,0.836,0.905,1.082,1.971,2.027,1.028,2.179,2.331,1.069,1.012,0.715,1.189,1.663,12.3,0
2026-07-24T01:17:23Z,0.39,"7 km WNW of Cobb, CA",45.9,1.9,60.0,60sps-rdatac,0.774,0.777,0.759,1.24,0.98,0.957,340.0,NNW,7.9,13.64,24.82,0,0.315,0.483,0,0,0.592,0.597,1.008,0.497,0.459,0.924,0.523,0.461,0.882,1.144,0.46,0.738,1.604,14.02,0
2026-07-24T01:17:00Z,0.51,"7 km WNW of Cobb, CA",45.8,1.8,60.0,60sps-rdatac,0.789,0.806,0.719,1.16,0.91,0.919,340.0,NNW,7.9,13.63,25.33,0,0.416,0.344,0,0,0.608,0.572,0.94,0.519,0.431,0.829,0.568,0.404,0.712,1.322,0.476,0.563,1.182,24.45,0
2026-07-24T01:10:02Z,0.78,"4 km NW of Pinnacles, CA",246.6,5.0,60.0,60sps-rdatac,0.797,0.806,0.789,1.46,0.99,1.165,148.4,SSE,37.41,66.11,18.2,0,0.05,1.368,0,0,0.627,0.613,0.977,0.501,0.492,0.981,0.523,0.511,0.976,1.001,0.497,0.845,1.698,11.4,1
2026-07-24T01:02:31Z,3.1,"213 km W of Ferndale, California",418.0,10.0,60.0,60sps-rdatac,0.797,0.783,0.803,1.82,1.01,1.455,302.7,WNW,58.0,103.23,4.82,0,2.752,-0.277,0,0,0.6,0.635,1.058,0.49,0.481,0.981,0.526,0.548,1.041,1.016,0.478,1.171,2.447,2.3,0
2026-07-24T01:00:00Z,0.79,"6 km WNW of Cobb, CA",45.2,1.9,60.0,60sps-rdatac,0.769,0.81,0.904,2.24,1.18,1.722,341.7,NNW,7.8,13.47,4.0,0,0.806,0.33,0,0,0.62,0.662,1.067,0.517,0.606,1.172,0.514,0.6,1.168,0.914,0.48,1.014,2.111,7.1,0
2026-07-24T00:29:10Z,1.61,"5 km NW of The Geysers, CA",42.6,2.9,60.0,60sps-rdatac,0.762,0.75,0.778,1.4,1.02,1.066,340.3,NNW,7.35,12.69,17.68,0,5.745,-0.732,0,0,0.604,0.626,1.037,0.437,0.455,1.042,0.464,0.431,0.929,1.116,0.451,0.633,1.405,22.65,0
2026-07-24T00:02:00Z,0.68,"6 km WNW of Cobb, CA",45.3,1.7,60.0,60sps-rdatac,0.751,0.751,0.699,0.98,0.93,0.74,340.5,NNW,7.82,13.5,29.1,0,0.624,0.074,0,0,0.581,0.56,0.964,0.464,0.4,0.862,0.473,0.438,0.925,1.042,0.464,0.505,1.086,26.72,0
2026-07-23T23:47:34Z,1.06,"7 km WNW of Cobb, CA",45.8,2.3,60.0,60sps-rdatac,0.777,0.798,0.731,1.1,0.94,0.852,339.8,NNW,7.9,13.63,26.73,0,1.475,-0.238,0,0,0.603,0.577,0.957,0.515,0.441,0.857,0.505,0.431,0.854,1.121,0.462,0.594,1.284,24.87,0
2026-07-23T23:42:25Z,0.04,"24 km E of San Ardo, CA",320.4,1.3,60.0,60sps-rdatac,0.776,0.769,0.839,1.98,1.08,1.537,146.1,SE,47.0,83.28,5.48,0,0.005,2.495,0,0,0.624,0.643,1.031,0.443,0.521,1.176,0.48,0.549,1.144,0.901,0.482,1.118,2.319,2.18,1
2026-07-23T23:16:52Z,0.75,"3 km SW of Anderson Springs, CA",35.3,1.3,60.0,60sps-rdatac,0.769,0.75,0.761,1.27,0.99,0.975,345.9,NNW,6.07,10.48,23.28,0,1.011,-0.016,0,0,0.606,0.579,0.955,0.44,0.489,1.111,0.516,0.448,0.869,1.099,0.464,0.573,1.234,23.18,0
2026-07-23T23:14:33Z,1.46,"11 km WNW of The Geysers, CA",47.2,0.7,60.0,60sps-rdatac,0.81,0.749,0.758,1.23,0.94,0.993,332.5,NNW,8.14,14.04,23.58,0,3.563,-0.555,0,0,0.591,0.596,1.01,0.452,0.458,1.014,0.456,0.416,0.913,1.106,0.463,0.63,1.361,24.92,0
2026-07-23T23:10:45Z,1.09,"4 km NW of Pinnacles, CA",246.5,3.1,60.0,60sps-rdatac,0.767,0.805,0.85,1.83,1.11,1.402,148.3,SSE,37.64,66.49,10.75,0,0.102,1.139,0,0,0.637,0.633,0.995,0.481,0.559,1.161,0.524,0.526,1.004,0.991,0.503,0.807,1.606,13.82,1
2026-07-23T23:03:24Z,0.61,"6 km WNW of Cobb, CA",45.5,2.0,60.0,60sps-rdatac,0.771,0.763,0.7,1.24,0.91,0.957,340.9,NNW,7.85,13.55,25.57,0,0.528,0.259,0,0,0.598,0.57,0.953,0.469,0.393,0.839,0.451,0.43,0.953,1.0,0.462,0.474,1.025,28.72,0
2026-07-23T23:03:04Z,1.04,"5 km WNW of The Geysers, CA",42.1,3.1,60.0,60sps-rdatac,0.783,0.763,0.757,1.24,0.97,0.97,336.5,NNW,7.26,12.52,23.75,0,1.572,-0.21,0,0,0.595,0.597,1.003,0.471,0.465,0.988,0.449,0.503,1.119,0.896,0.458,0.684,1.494,15.82,0
2026-07-23T22:51:32Z,0.7,"8 km WNW of Cobb, CA",46.0,2.0,60.0,60sps-rdatac,0.813,0.818,0.784,1.42,0.96,1.154,338.9,NNW,7.92,13.67,14.4,0,0.641,0.256,0,0,0.64,0.604,0.943,0.496,0.49,0.987,0.503,0.517,1.028,0.918,0.503,0.679,1.349,20.62,0
2026-07-23T22:50:22Z,1.49,"8 km W of Cobb, CA",45.9,1.9,60.0,60sps-rdatac,0.76,0.79,0.879,1.52,1.16,1.158,338.8,NNW,7.92,13.67,18.45,0,3.961,-0.534,0,0,0.611,0.664,1.087,0.487,0.564,1.158,0.515,0.609,1.183,0.919,0.486,0.761,1.567,15.32,0
2026-07-23T22:14:19Z,0.93,"5 km WNW of The Geysers, CA",41.3,3.2,60.0,60sps-rdatac,0.809,0.772,0.801,1.32,0.99,1.064,337.2,NNW,7.11,12.28,20.83,0,1.252,-0.071,0,0,0.607,0.645,1.063,0.468,0.47,1.005,0.478,0.44,0.92,1.155,0.472,0.829,1.754,10.87,0
2026-07-23T22:00:52Z,0.76,"9 km WNW of The Geysers, CA",45.9,2.1,60.0,60sps-rdatac,0.799,0.743,0.789,1.36,0.99,1.088,334.6,NNW,7.93,13.68,14.92,0,0.736,0.169,0,0,0.595,0.593,0.997,0.442,0.507,1.145,0.449,0.47,1.045,0.954,0.456,0.755,1.655,9.17,0
2026-07-23T21:37:06Z,1.49,"12 km NE of Redwood Valley, CA",108.5,8.7,60.0,60sps-rdatac,0.794,0.748,0.856,1.54,1.08,1.22,336.8,NNW,18.7,32.27,14.6,0,1.16,0.022,0,0,0.601,0.643,1.069,0.442,0.552,1.251,0.446,0.548,1.23,0.869,0.465,0.836,1.801,12.87,0
2026-07-23T21:20:23Z,2.05,"2 km ENE of Berkeley, CA",72.2,8.8,60.0,60sps-rdatac,0.77,0.758,0.774,1.43,1.01,1.103,153.2,SSE,12.43,21.45,17.0,0,7.764,-0.847,0,0,0.603,0.609,1.011,0.455,0.461,1.013,0.444,0.423,0.953,1.061,0.461,0.668,1.449,24.47,0
2026-07-23T20:55:53Z,1.25,"13 km SSW of Tres Pinos, CA",226.2,-0.4,60.0,60sps-rdatac,0.778,0.803,0.77,1.55,0.99,1.206,150.2,SSE,35.5,62.58,14.28,0,0.177,0.833,0,0,0.637,0.598,0.939,0.485,0.475,0.978,0.499,0.492,0.987,0.952,0.495,0.617,1.247,32.25,1
2026-07-23T20:50:16Z,0.71,"3 km W of Cobb, CA",42.6,1.9,60.0,60sps-rdatac,0.813,0.77,0.75,1.18,0.92,0.961,343.3,NNW,7.35,12.68,24.15,0,0.724,0.123,0,0,0.607,0.613,1.01,0.468,0.42,0.898,0.461,0.418,0.908,1.112,0.478,0.631,1.322,23.7,0
2026-07-23T20:48:43Z,1.04,"8 km NW of The Geysers, CA",45.7,-0.6,60.0,60sps-rdatac,0.784,0.8,0.728,1.05,0.93,0.822,337.1,NNW,7.88,13.6,28.22,0,1.413,-0.235,0,0,0.63,0.576,0.914,0.487,0.437,0.899,0.505,0.456,0.902,1.013,0.474,0.591,1.248,25.3,0
2026-07-23T20:47:37Z,0.99,"9 km ESE of Cloverdale, CA",44.3,7.2,60.0,60sps-rdatac,0.808,0.769,0.816,1.37,1.01,1.107,322.5,NW,7.63,13.18,18.92,0,1.311,-0.073,0,0,0.597,0.649,1.087,0.471,0.484,1.028,0.492,0.535,1.088,0.999,0.468,0.765,1.633,17.2,0
2026-07-23T20:29:09Z,1.04,"6 km NW of The Geysers, CA",43.7,3.0,60.0,60sps-rdatac,0.789,0.763,0.839,1.41,1.06,1.11,339.9,NNW,7.54,13.01,20.72,0,1.496,-0.13,0,0,0.606,0.631,1.041,0.458,0.534,1.166,0.458,0.579,1.264,0.824,0.457,0.674,1.474,23.85,0
2026-07-23T20:15:53Z,2.11,"17 km SE of Silver Springs, Nevada",323.3,7.2,60.0,60sps-rdatac,0.788,0.812,0.855,1.7,1.09,1.337,71.5,ENE,46.63,82.73,13.18,0,0.566,0.374,0,0,0.619,0.661,1.068,0.513,0.53,1.032,0.484,0.513,1.06,1.007,0.482,0.82,1.701,16.57,1
2026-07-23T19:52:10Z,0.45,"9 km WNW of The Geysers, CA",45.5,2.1,60.0,60sps-rdatac,0.785,0.778,0.808,1.35,1.03,1.056,335.0,NNW,7.84,13.53,19.45,0,0.365,0.461,0,0,0.619,0.607,0.981,0.46,0.525,1.14,0.451,0.544,1.205,0.814,0.478,0.674,1.41,18.4,0
2026-07-23T19:29:34Z,1.38,"4 km W of Cobb, CA",42.9,1.9,60.0,60sps-rdatac,0.801,0.82,0.764,1.22,0.95,0.976,343.2,NNW,7.39,12.76,25.22,0,3.358,-0.537,0,0,0.631,0.587,0.931,0.52,0.481,0.925,0.502,0.476,0.947,0.983,0.483,0.563,1.165,24.35,0
2026-07-23T18:47:37Z,0.96,"14 km ESE of Hidden Valley Lake, CA",38.6,5.0,60.0,60sps-rdatac,0.79,0.863,0.76,1.26,0.96,0.993,28.5,NNE,6.65,11.47,24.28,0,1.463,-0.169,0,0,0.67,0.595,0.889,0.536,0.462,0.863,0.567,0.453,0.799,1.112,0.513,0.572,1.115,26.68,0
2026-07-23T17:37:02Z,0.92,"7 km NW of The Geysers, CA",44.2,2.2,60.0,60sps-rdatac,0.808,0.819,0.877,1.56,1.09,1.263,337.6,NNW,7.63,13.16,13.25,0,1.118,0.053,0,0,0.637,0.657,1.031,0.506,0.573,1.134,0.493,0.611,1.24,0.832,0.499,0.658,1.319,24.73,0
2026-07-23T17:13:12Z,0.66,"5 km WNW of Cobb, CA",45.2,1.6,60.0,60sps-rdatac,0.787,0.777,0.785,1.15,1.0,0.904,342.0,NNW,7.79,13.45,27.25,0,0.597,0.18,0,0,0.612,0.635,1.039,0.473,0.454,0.961,0.493,0.463,0.939,1.107,0.472,0.651,1.38,22.57,0
2026-07-23T16:56:01Z,1.14,"7 km NW of San Francisco Zoo, CA",75.8,8.9,60.0,60sps-rdatac,0.786,0.751,0.856,1.63,1.09,1.279,176.3,S,13.05,22.53,13.35,0,0.891,0.157,0,0,0.599,0.629,1.051,0.448,0.57,1.271,0.449,0.568,1.265,0.831,0.446,0.784,1.76,15.38,0
2026-07-23T16:14:38Z,0.35,"6 km NW of The Geysers, CA",44.1,4.1,60.0,60sps-rdatac,0.801,0.837,0.894,1.78,1.12,1.428,338.4,NNW,7.61,13.13,7.92,0,0.302,0.675,0,0,0.653,0.67,1.026,0.512,0.579,1.13,0.513,0.539,1.05,0.977,0.498,0.671,1.348,20.88,0
2026-07-23T15:51:29Z,0.36,"8 km WNW of Cobb, CA",46.0,2.0,60.0,60sps-rdatac,0.812,0.8,0.86,1.5,1.06,1.215,338.9,NNW,7.92,13.67,15.03,0,0.293,0.618,0,0,0.639,0.669,1.048,0.472,0.521,1.105,0.496,0.522,1.052,0.997,0.502,0.748,1.488,19.15,0
2026-07-23T15:17:20Z,0.77,"20 km NE of Alum Rock, CA",135.1,10.0,60.0,60sps-rdatac,0.776,0.766,0.847,1.52,1.09,1.181,141.5,SE,22.98,39.79,19.42,0,0.154,0.884,0,0,0.611,0.657,1.074,0.458,0.516,1.127,0.479,0.526,1.098,0.978,0.468,0.746,1.595,24.75,0
2026-07-23T15:02:31Z,1.91,"3 km WNW of Almanor, CA",232.6,6.6,60.0,60sps-rdatac,0.754,0.761,0.792,1.86,1.05,1.401,31.2,NNE,35.49,62.69,4.38,0,0.763,0.264,0,0,0.609,0.607,0.995,0.448,0.506,1.13,0.455,0.478,1.049,0.949,0.48,0.807,1.684,13.17,1
2026-07-23T14:43:32Z,0.25,"10 km WNW of Cobb, CA",48.6,1.4,60.0,60sps-rdatac,0.764,0.768,0.769,1.18,1.01,0.902,337.8,NNW,8.36,14.43,28.65,0,0.212,0.63,0,0,0.606,0.626,1.033,0.462,0.44,0.954,0.482,0.445,0.924,1.118,0.473,0.747,1.578,17.43,0
2026-07-23T14:39:22Z,0.26,"10 km WNW of Cobb, CA",48.5,1.6,60.0,60sps-rdatac,0.771,0.778,0.853,1.43,1.11,1.1,337.9,NNW,8.36,14.43,20.5,0,0.217,0.705,0,0,0.619,0.656,1.059,0.466,0.526,1.128,0.468,0.536,1.145,0.925,0.475,0.762,1.603,17.17,0
2026-07-23T14:38:32Z,0.76,"10 km WNW of Cobb, CA",48.6,0.1,60.0,60sps-rdatac,0.76,0.77,0.799,1.54,1.05,1.169,337.4,NNW,8.38,14.47,12.82,0,0.684,0.233,0,0,0.619,0.615,0.994,0.446,0.502,1.125,0.463,0.509,1.099,0.905,0.485,0.847,1.747,6.48,0
2026-07-23T14:35:04Z,0.46,"10 km WNW of Cobb, CA",48.5,1.6,60.0,60sps-rdatac,0.765,0.733,0.756,1.11,0.99,0.847,337.3,NNW,8.36,14.43,28.95,0,0.343,0.392,0,0,0.595,0.606,1.018,0.425,0.442,1.04,0.434,0.445,1.024,0.993,0.449,0.619,1.377,22.72,0
2026-07-23T14:33:06Z,1.84,"11 km WNW of Cobb, CA",48.6,1.0,60.0,60sps-rdatac,0.785,0.76,0.78,1.3,0.99,1.02,337.0,NNW,8.39,14.48,23.6,0,8.214,-0.906,0,0,0.602,0.628,1.043,0.461,0.454,0.985,0.455,0.529,1.163,0.897,0.449,0.731,1.627,16.47,0
2026-07-23T14:11:01Z,1.09,"6 km NW of The Geysers, CA",44.1,2.9,60.0,60sps-rdatac,0.765,0.76,0.742,1.28,0.97,0.982,338.3,NNW,7.6,13.12,23.53,0,1.662,-0.229,0,0,0.601,0.594,0.989,0.459,0.438,0.954,0.441,0.391,0.887,1.115,0.467,0.678,1.453,18.35,0
2026-07-23T13:18:45Z,1.19,"6 km NW of The Geysers, CA",43.9,2.9,60.0,60sps-rdatac,0.782,0.798,0.746,1.17,0.95,0.916,338.4,NNW,7.57,13.07,25.7,0,2.103,-0.361,0,0,0.638,0.601,0.943,0.476,0.417,0.875,0.487,0.438,0.9,1.048,0.497,0.671,1.348,20.27,0
2026-07-23T12:32:39Z,1.05,"10 km NW of The Geysers, CA",46.9,1.8,60.0,60sps-rdatac,0.78,0.78,0.785,1.24,1.01,0.966,336.6,NNW,8.09,13.97,26.8,0,1.397,-0.16,0,0,0.622,0.636,1.021,0.458,0.457,0.997,0.445,0.468,1.053,0.97,0.481,0.587,1.218,26.63,0
2026-07-23T12:20:07Z,1.07,"3 km WSW of Round Valley, CA",370.0,11.5,60.0,60sps-rdatac,0.771,0.798,0.809,1.68,1.05,1.297,107.1,ESE,51.87,92.24,11.05,0,0.036,1.554,0,0,0.625,0.624,1.0,0.492,0.499,1.013,0.464,0.494,1.064,0.94,0.481,0.762,1.584,18.05,1
2026-07-23T12:01:45Z,0.76,"7 km NW of The Geysers, CA",44.6,3.3,60.0,60sps-rdatac,0.786,0.771,0.744,1.1,0.95,0.863,339.5,NNW,7.69,13.27,27.77,0,0.766,0.052,0,0,0.615,0.606,0.985,0.463,0.417,0.901,0.472,0.418,0.886,1.112,0.467,0.626,1.341,23.17,0
2026-07-23T11:53:06Z,1.08,"6 km NW of The Geysers, CA",43.9,3.0,60.0,60sps-rdatac,0.772,0.785,0.78,1.16,1.01,0.899,338.4,NNW,7.57,13.06,28.23,0,1.634,-0.259,0,0,0.625,0.616,0.985,0.467,0.465,0.997,0.478,0.441,0.923,1.067,0.483,0.59,1.221,25.7,0
2026-07-23T11:41:44Z,1.04,"3 km NW of The Geysers, CA",40.9,0.7,60.0,60sps-rdatac,0.761,0.77,0.754,1.33,0.99,1.01,339.3,NNW,7.05,12.17,21.72,0,1.633,-0.209,0,0,0.61,0.575,0.944,0.458,0.481,1.052,0.479,0.507,1.059,0.891,0.482,0.615,1.276,22.22,0
2026-07-23T11:05:47Z,0.75,"6 km NW of The Geysers, CA",44.3,2.5,60.0,60sps-rdatac,0.769,0.758,0.73,1.14,0.95,0.874,339.5,NNW,7.63,13.17,28.65,0,0.755,0.063,0,0,0.605,0.581,0.96,0.45,0.442,0.982,0.454,0.381,0.84,1.143,0.47,0.607,1.291,23.67,0
2026-07-23T10:43:26Z,0.83,"17 km NE of Morgan Hill, CA",164.4,4.9,60.0,60sps-rdatac,0.752,0.742,0.835,2.09,1.11,1.576,144.0,SE,27.25,47.83,3.88,0,0.126,1.099,0,0,0.6,0.63,1.049,0.425,0.54,1.27,0.411,0.487,1.185,0.886,0.463,0.943,2.035,6.07,1
2026-07-23T10:32:36Z,0.67,"6 km NW of The Geysers, CA",44.1,3.4,60.0,60sps-rdatac,0.77,0.785,0.753,1.17,0.98,0.9,338.3,NNW,7.61,13.14,28.4,0,0.632,0.154,0,0,0.616,0.607,0.985,0.478,0.436,0.913,0.454,0.421,0.929,1.061,0.486,0.592,1.219,26.43,0
2026-07-23T10:32:04Z,1.31,"6 km NW of The Geysers, CA",43.9,3.0,60.0,60sps-rdatac,0.774,0.762,0.784,1.2,1.01,0.925,338.4,NNW,7.57,13.06,26.58,0,2.771,-0.477,0,0,0.612,0.613,1.003,0.448,0.459,1.023,0.432,0.478,1.105,0.907,0.478,0.686,1.436,20.6,0
2026-07-23T10:26:46Z,1.4,"6 km NW of The Geysers, CA",43.9,2.9,60.0,60sps-rdatac,0.755,0.76,0.835,1.57,1.11,1.186,338.4,NNW,7.57,13.07,16.35,0,3.407,-0.459,0,0,0.609,0.649,1.065,0.451,0.518,1.148,0.466,0.546,1.172,0.909,0.477,0.857,1.797,9.65,0
2026-07-23T10:16:05Z,0.74,"3 km NW of The Geysers, CA",40.7,3.4,60.0,60sps-rdatac,0.756,0.748,0.757,1.31,1.0,0.987,339.8,NNW,7.01,12.09,23.28,0,0.824,0.078,0,0,0.593,0.59,0.994,0.447,0.473,1.059,0.449,0.485,1.081,0.919,0.462,0.676,1.464,17.12,0
2026-07-23T10:08:34Z,0.41,"5 km NNW of The Geysers, CA",43.1,1.8,60.0,60sps-rdatac,0.746,0.732,0.726,1.1,0.97,0.817,341.0,NNW,7.43,12.83,28.05,0,0.357,0.359,0,0,0.586,0.592,1.01,0.431,0.414,0.961,0.439,0.394,0.898,1.124,0.456,0.533,1.168,26.93,0
2026-07-23T09:43:25Z,0.59,"10 km NW of The Geysers, CA",46.9,1.3,60.0,60sps-rdatac,0.758,0.758,0.697,1.08,0.92,0.822,336.6,NNW,8.08,13.94,28.27,0,0.485,0.229,0,0,0.602,0.571,0.948,0.456,0.394,0.862,0.455,0.377,0.828,1.146,0.462,0.516,1.116,24.97,0
2026-07-23T09:16:53Z,1.2,"7 km NW of The Geysers, CA",43.9,2.7,60.0,60sps-rdatac,0.753,0.734,0.996,2.53,1.32,1.904,337.5,NNW,7.56,13.05,2.87,0,2.155,-0.054,0,0,0.584,0.771,1.32,0.438,0.625,1.428,0.428,0.567,1.323,0.997,0.44,1.097,2.492,3.75,0
2026-07-22T22:39:32Z,1.07,"9 km NE of Gilroy, CA",184.9,5.3,57.0,pre-rdatac,1.135,1.125,1.123,1.3,0.99,1.476,147.0,SSE,29.74,52.32,22.18,0,0.175,0.926,0,0,0.849,0.83,0.978,0.713,0.733,1.028,0.494,0.471,0.952,1.027,0.679,0.985,1.45,17.37,1
2026-07-22T22:17:24Z,0.72,"9 km WNW of Cobb, CA",47.0,1.7,57.0,pre-rdatac,1.153,1.178,1.132,1.22,0.98,1.408,338.0,NNW,8.1,13.98,17.84,0,0.653,0.334,0,0,0.892,0.842,0.944,0.742,0.727,0.98,0.499,0.45,0.902,1.047,0.716,1.038,1.45,12.98,0
2026-07-22T21:48:25Z,0.36,"3 km SE of The Geysers, CA",35.6,1.9,57.0,pre-rdatac,1.168,1.143,1.205,1.36,1.03,1.587,344.8,NNW,6.13,10.58,16.32,0,0.408,0.59,0,0,0.861,0.892,1.035,0.732,0.797,1.089,0.465,0.502,1.079,0.96,0.655,1.132,1.729,11.86,0
2026-07-22T21:36:35Z,0.77,"9 km WNW of Cobb, CA",46.7,2.0,57.0,pre-rdatac,1.134,1.137,1.07,1.2,0.94,1.357,337.9,NNW,8.05,13.9,18.14,0,0.738,0.265,0,0,0.845,0.803,0.951,0.741,0.688,0.928,0.501,0.448,0.895,1.062,0.663,0.911,1.374,12.81,0
2026-07-22T21:33:48Z,0.83,"3 km SE of The Geysers, CA",35.6,2.0,57.0,pre-rdatac,1.132,1.118,1.213,1.43,1.07,1.623,344.6,NNW,6.13,10.59,16.49,0,1.202,0.13,0,0,0.85,0.948,1.115,0.703,0.73,1.039,0.466,0.517,1.11,1.005,0.668,1.22,1.826,11.74,0
2026-07-22T21:32:56Z,0.47,"5 km W of Cobb, CA",43.6,1.8,57.0,pre-rdatac,1.138,1.111,1.059,1.37,0.93,1.556,340.8,NNW,7.51,12.96,11.77,0,0.405,0.585,0,0,0.85,0.804,0.946,0.69,0.671,0.972,0.472,0.452,0.957,0.988,0.683,0.851,1.245,14.26,0
2026-07-22T21:20:37Z,0.69,"3 km ESE of The Geysers, CA",36.1,2.8,57.0,pre-rdatac,1.131,1.178,1.271,1.61,1.12,1.823,344.9,NNW,6.23,10.75,13.58,0,0.854,0.329,0,0,0.907,0.977,1.077,0.73,0.793,1.087,0.485,0.492,1.014,1.062,0.705,1.111,1.575,14.79,0
2026-07-22T20:33:44Z,0.76,"7 km WNW of The Geysers, CA",43.0,0.9,57.0,pre-rdatac,1.132,1.13,1.078,1.21,0.95,1.366,334.8,NNW,7.42,12.8,19.46,0,0.802,0.231,0,0,0.84,0.828,0.985,0.733,0.67,0.914,0.476,0.446,0.938,1.05,0.675,1.048,1.553,12.7,0
2026-07-22T20:26:16Z,1.47,"7 km NW of San Francisco Zoo, CA",77.5,12.0,57.0,pre-rdatac,1.151,1.143,1.177,1.4,1.02,1.613,176.3,S,13.35,23.04,18.42,0,1.843,-0.058,0,0,0.865,0.875,1.011,0.727,0.764,1.051,0.472,0.502,1.063,0.952,0.666,1.043,1.565,13.05,0
2026-07-22T19:46:22Z,1.03,"6 km NW of The Geysers, CA",43.9,2.5,57.0,pre-rdatac,1.143,1.142,1.058,1.21,0.93,1.379,339.8,NNW,7.57,13.06,16.91,0,1.455,-0.023,0,0,0.874,0.811,0.927,0.715,0.65,0.91,0.468,0.456,0.974,0.952,0.666,0.928,1.392,13.12,0
2026-07-22T19:41:21Z,0.65,"9 km SW of The Geysers, CA",36.3,5.0,57.0,pre-rdatac,1.131,1.125,1.076,1.21,0.95,1.369,329.2,NNW,6.25,10.79,17.56,0,0.775,0.247,0,0,0.827,0.821,0.993,0.742,0.667,0.899,0.474,0.459,0.968,1.026,0.636,0.932,1.465,14.6,0
2026-07-22T18:53:52Z,1.91,"10 km NW of Pinnacles, CA",240.2,3.0,57.0,pre-rdatac,1.104,1.125,1.199,1.87,1.09,2.059,148.3,SSE,36.87,65.11,13.19,0,0.712,0.461,0,0,0.841,0.931,1.107,0.719,0.726,1.01,0.474,0.472,0.996,1.111,0.666,1.051,1.579,19.79,1
2026-07-22T18:19:33Z,0.28,"8 km ENE of Mammoth Lakes, CA",338.8,2.1,57.0,pre-rdatac,1.141,1.174,1.181,1.45,1.04,1.649,104.0,ESE,49.16,87.19,20.58,0,0.007,2.347,0,0,0.877,0.867,0.988,0.757,0.777,1.026,0.503,0.493,0.981,1.008,0.694,1.183,1.703,12.82,1
2026-07-22T18:02:41Z,1.06,"2 km SW of Anderson Springs, CA",35.5,1.2,57.0,pre-rdatac,1.119,1.159,1.134,1.4,1.01,1.56,347.1,NNW,6.11,10.55,14.49,0,2.051,-0.119,0,0,0.87,0.862,0.99,0.747,0.719,0.962,0.475,0.456,0.959,1.032,0.688,1.217,1.77,9.33,0
2026-07-22T17:53:24Z,0.75,"6 km NNW of The Geysers, CA",44.1,3.1,57.0,pre-rdatac,1.154,1.201,1.231,1.34,1.07,1.541,340.0,NNW,7.61,13.13,17.63,0,0.758,0.308,0,0,0.928,0.95,1.023,0.742,0.758,1.021,0.482,0.577,1.199,0.854,0.699,1.14,1.631,10.84,0
2026-07-22T17:20:52Z,3.5,"16 km NE of Yerington, Nevada",319.0,14.0,57.0,pre-rdatac,1.14,1.119,1.126,1.22,0.99,1.395,75.9,ENE,45.25,80.38,27.19,0,14.357,-1.012,0,0,0.844,0.846,1.003,0.71,0.723,1.018,0.478,0.487,1.018,0.985,0.664,1.186,1.784,12.04,0
2026-07-22T15:45:08Z,1.83,"17 km SE of Silver Springs, Nevada",322.5,6.5,57.0,pre-rdatac,1.1,1.056,0.962,1.14,0.87,1.256,71.6,ENE,46.61,82.68,24.96,0,0.299,0.624,0,0,0.813,0.731,0.899,0.649,0.609,0.937,0.44,0.433,0.985,0.913,0.625,0.836,1.337,17.93,1
2026-07-22T14:14:47Z,1.6,"14 km W of Round Valley, CA",357.9,7.9,57.0,pre-rdatac,0.722,0.704,0.705,1.05,0.98,0.761,107.3,ESE,50.83,90.3,39.81,0,0.134,0.753,0,0,0.56,0.568,1.013,0.417,0.41,0.982,0.386,0.384,0.995,1.018,0.394,0.514,1.306,27.89,1
2026-07-22T13:23:09Z,1.89,"7 km NW of The Geysers, CA",44.1,2.4,57.0,pre-rdatac,0.656,0.675,0.639,1.21,0.97,0.797,338.2,NNW,7.61,13.13,28.28,0,10.471,-1.119,0,0,0.557,0.537,0.963,0.365,0.34,0.933,0.398,0.36,0.906,1.064,0.371,0.481,1.295,21.84,0
2026-07-22T12:23:43Z,0.78,"6 km WNW of Toms Place, CA",353.9,11.3,57.0,pre-rdatac,0.717,0.727,0.708,1.22,0.99,0.878,104.7,ESE,49.91,88.71,36.47,0,0.021,1.622,0,0,0.581,0.566,0.974,0.42,0.406,0.968,0.385,0.38,0.987,0.987,0.389,0.551,1.415,24.32,1
2026-07-22T12:19:11Z,0.43,"16 km WSW of Toms Place, CA",348.5,8.5,57.0,pre-rdatac,0.731,0.715,0.707,1.2,0.97,0.878,106.7,ESE,49.59,88.08,36.33,0,0.01,1.955,0,0,0.559,0.567,1.014,0.426,0.403,0.945,0.368,0.36,0.979,1.035,0.389,0.58,1.49,23.16,1
2026-07-22T11:10:06Z,1.54,"9 km SE of Cloverdale, CA",43.9,5.0,57.0,pre-rdatac,0.681,0.609,0.588,1.02,0.86,0.696,321.8,NW,7.56,13.05,28.39,0,4.712,-0.831,0,0,0.507,0.491,0.969,0.332,0.321,0.964,0.441,0.409,0.929,1.043,0.37,0.415,1.122,26.49,0
2026-07-22T10:41:46Z,0.7,"11 km WSW of Toms Place, CA",351.7,6.4,57.0,pre-rdatac,0.742,0.76,0.778,1.3,1.05,0.967,105.9,ESE,50.25,89.23,35.21,0,0.018,1.737,0,0,0.622,0.613,0.985,0.415,0.455,1.094,0.363,0.415,1.144,0.861,0.45,0.633,1.407,29.21,1
2026-07-22T10:37:25Z,2.08,"9 km SSE of Laytonville, CA",147.2,5.9,57.0,pre-rdatac,0.756,0.758,0.735,1.12,0.97,0.845,332.1,NNW,25.01,43.64,37.89,0,2.719,-0.507,0,0,0.62,0.587,0.947,0.414,0.423,1.02,0.371,0.365,0.985,0.961,0.442,0.595,1.346,28.77,0
2026-07-22T10:23:57Z,1.87,"3 km ESE of Aromas, CA",196.6,6.6,57.0,pre-rdatac,0.746,0.768,0.835,1.74,1.12,1.301,152.8,SSE,31.04,54.68,14.37,0,0.981,0.123,0,0,0.629,0.66,1.05,0.416,0.493,1.186,0.362,0.413,1.141,0.92,0.444,0.801,1.806,12.53,1
2026-07-22T08:33:33Z,1.08,"9 km WNW of The Geysers, CA",45.0,2.4,57.0,pre-rdatac,1.063,1.026,1.019,1.35,0.96,1.434,334.8,NNW,7.76,13.4,14.28,0,1.579,-0.042,0,0,0.813,0.808,0.994,0.597,0.591,0.99,0.423,0.427,1.01,0.985,0.635,0.896,1.412,13.56,0
2026-07-22T07:33:54Z,1.23,"10 km SE of Willits, CA",114.6,4.5,57.0,pre-rdatac,1.104,1.097,1.167,1.73,1.06,1.907,331.4,NNW,19.75,34.1,11.86,0,0.584,0.514,0,0,0.848,0.889,1.048,0.677,0.723,1.069,0.433,0.446,1.028,1.019,0.654,1.464,2.239,5.56,0
2026-07-22T06:59:37Z,0.35,"5 km NW of The Geysers, CA",43.0,3.5,57.0,pre-rdatac,1.13,1.133,0.998,1.1,0.88,1.246,339.1,NNW,7.4,12.77,20.33,0,0.313,0.6,0,0,0.874,0.763,0.873,0.697,0.625,0.897,0.446,0.419,0.938,0.93,0.699,0.872,1.247,13.42,0
2026-07-22T06:43:11Z,2.24,"10 km NNW of Redwood Valley, CA",114.3,5.6,57.0,pre-rdatac,1.086,1.107,1.045,1.34,0.96,1.452,331.3,NNW,19.69,33.99,20.96,0,6.01,-0.617,0,0,0.837,0.779,0.93,0.698,0.668,0.956,0.442,0.422,0.954,0.975,0.642,0.849,1.322,20.32,0
2026-07-22T06:20:46Z,0.38,"4 km W of Cobb, CA",42.8,1.9,57.0,pre-rdatac,1.126,1.113,1.233,1.61,1.09,1.813,343.0,NNW,7.39,12.76,13.67,0,0.337,0.731,0,0,0.846,0.947,1.12,0.697,0.754,1.083,0.448,0.479,1.07,1.046,0.682,1.349,1.977,8.65,0
2026-07-22T06:16:53Z,1.63,"7 km WSW of Gilroy, CA",185.3,3.5,57.0,pre-rdatac,1.118,1.151,1.086,1.28,0.97,1.43,151.9,SSE,30.01,52.78,22.58,0,0.633,0.354,0,0,0.853,0.83,0.973,0.746,0.667,0.893,0.436,0.434,0.994,0.979,0.659,0.971,1.472,19.58,1
2026-07-22T05:41:26Z,1.42,"5 km NNW of Pinnacles, CA",245.5,8.7,57.0,pre-rdatac,1.112,1.075,1.15,1.55,1.03,1.718,148.0,SSE,36.82,65.12,17.32,0,0.22,0.893,0,0,0.794,0.863,1.086,0.7,0.725,1.036,0.45,0.445,0.989,1.098,0.618,1.05,1.698,18.93,1
2026-07-22T04:01:35Z,1.11,"4 km NNW of The Geysers, CA",42.2,3.0,57.0,pre-rdatac,1.163,1.151,1.153,1.23,0.99,1.432,340.8,NNW,7.27,12.55,18.56,0,1.843,-0.11,0,0,0.887,0.896,1.01,0.71,0.701,0.987,0.479,0.46,0.96,1.052,0.712,1.075,1.51,13.32,0
2026-07-22T03:59:47Z,0.75,"2 km N of The Geysers, CA",39.8,1.7,57.0,pre-rdatac,1.144,1.163,1.262,1.95,1.1,2.231,343.3,NNW,6.86,11.84,6.77,0,0.868,0.41,0,0,0.892,0.986,1.105,0.728,0.758,1.041,0.475,0.495,1.043,1.06,0.683,1.72,2.517,3.49,0
2026-07-22T03:35:50Z,0.87,"7 km NW of The Geysers, CA",44.6,2.7,57.0,pre-rdatac,1.095,1.043,1.113,1.47,1.02,1.607,339.1,NNW,7.68,13.25,12.91,0,0.986,0.212,0,0,0.776,0.798,1.028,0.671,0.75,1.117,0.443,0.435,0.98,1.048,0.584,1.042,1.785,8.93,0
2026-07-22T02:40:39Z,1.08,"1 km S of Parkfield, CA",345.5,10.1,57.0,pre-rdatac,0.758,0.87,0.829,1.34,1.09,1.012,145.2,SE,49.02,87.09,36.23,0,0.045,1.357,0,0,0.705,0.675,0.957,0.493,0.467,0.948,0.37,0.373,1.008,0.949,0.57,0.722,1.265,28.88,1
2026-07-22T02:31:22Z,1.52,"17 km SE of Silver Springs, Nevada",322.8,6.2,57.0,pre-rdatac,0.79,0.91,0.863,2.82,1.09,2.224,71.6,ENE,46.69,82.82,0.65,0,0.146,1.183,0,0,0.786,0.754,0.96,0.458,0.415,0.906,0.4,0.439,1.097,0.875,0.495,1.335,2.697,0.7,1
2026-07-22T02:26:12Z,1.66,"18 km SE of Silver Springs, Nevada",323.1,6.4,57.0,pre-rdatac,0.952,0.787,0.63,0.81,0.66,0.772,71.7,ENE,46.7,82.85,37.53,0,0.201,0.584,0,0,0.688,0.534,0.777,0.38,0.323,0.85,0.375,0.43,1.146,0.678,0.441,0.489,1.111,36.56,1
2026-07-22T02:24:50Z,1.77,"18 km SE of Silver Springs, Nevada",323.2,6.6,57.0,pre-rdatac,0.848,1.042,0.887,1.57,1.05,1.329,71.6,ENE,46.7,82.84,16.09,0,0.259,0.711,0,0,0.94,0.79,0.841,0.447,0.4,0.896,0.433,0.453,1.047,0.803,0.59,0.96,1.626,9.35,1
2026-07-22T01:46:35Z,1.26,"7 km WNW of Cobb, CA",45.8,2.2,57.0,pre-rdatac,0.798,0.793,0.802,1.37,1.01,1.092,339.4,NNW,7.88,13.61,16.19,0,2.341,-0.331,0,0,0.615,0.597,0.97,0.485,0.531,1.093,0.495,0.487,0.982,0.988,0.5,0.675,1.349,16.4,0
2026-07-22T01:16:39Z,0.71,"8 km NW of The Geysers, CA",45.3,1.8,57.0,pre-rdatac,0.775,0.783,0.732,1.32,0.94,1.02,338.2,NNW,7.82,13.49,16.32,0,0.668,0.184,0,0,0.599,0.552,0.922,0.494,0.469,0.95,0.511,0.531,1.04,0.886,0.489,0.656,1.342,15.68,0
2026-07-22T00:43:56Z,0.91,"5 km N of Pinnacles, CA",246.6,9.4,57.0,pre-rdatac,0.801,0.802,0.805,1.37,1.0,1.1,147.6,SSE,36.87,65.23,21.81,0,0.067,1.214,0,0,0.621,0.6,0.966,0.494,0.517,1.046,0.512,0.517,1.011,0.956,0.513,0.824,1.607,14.4,1
2026-07-22T00:35:17Z,0.76,"9 km SE of Cloverdale, CA",44.3,6.3,57.0,pre-rdatac,0.784,0.787,0.752,1.16,0.96,0.907,321.8,NW,7.64,13.19,22.19,0,0.771,0.07,0,0,0.611,0.568,0.93,0.481,0.482,1.001,0.504,0.468,0.929,1.001,0.504,0.634,1.258,16.47,0
2026-07-22T00:13:18Z,2.25,"10 km S of Big Pine, CA",412.1,10.6,57.0,pre-rdatac,0.802,0.806,0.796,1.33,0.99,1.07,110.6,ESE,57.19,101.79,21.79,0,0.405,0.422,0,0,0.61,0.61,1.002,0.512,0.5,0.977,0.49,0.486,0.993,1.008,0.487,0.771,1.584,18.95,1
2026-07-22T00:07:21Z,1.13,"12 km WSW of Lake Nacimiento, CA",341.4,-0.4,57.0,pre-rdatac,0.802,0.817,0.795,1.31,0.99,1.049,154.5,SSE,49.74,88.2,23.56,0,0.052,1.309,0,0,0.622,0.591,0.95,0.512,0.511,0.996,0.506,0.53,1.048,0.906,0.503,0.782,1.556,16.14,1
2026-07-21T23:37:21Z,1.05,"15 km E of Seven Trees, CA",154.4,4.6,57.0,pre-rdatac,0.795,0.802,0.821,1.36,1.03,1.08,146.7,SSE,26.05,45.67,23.26,0,0.233,0.665,0,0,0.609,0.615,1.009,0.506,0.527,1.042,0.513,0.548,1.068,0.945,0.492,0.802,1.63,14.88,1
2026-07-21T23:02:15Z,1.36,"2 km ESE of Pacifica, CA",95.7,8.5,57.0,pre-rdatac,0.818,0.774,0.761,1.13,0.93,0.925,171.8,S,16.49,28.47,25.53,0,1.045,-0.053,0,0,0.574,0.559,0.974,0.503,0.497,0.988,0.498,0.52,1.045,0.932,0.451,0.583,1.293,20.6,0
2026-07-21T22:58:18Z,0.59,"2 km SSW of Cobb, CA",40.4,0.8,57.0,pre-rdatac,0.837,0.814,0.868,1.37,1.04,1.149,345.5,NNW,6.96,12.02,17.74,0,0.588,0.291,0,0,0.615,0.655,1.064,0.514,0.551,1.071,0.512,0.55,1.073,0.991,0.494,0.685,1.386,16.39,0
2026-07-21T22:40:45Z,2.2,"241 km W of Ferndale, California",441.3,10.0,57.0,pre-rdatac,0.807,0.808,0.857,1.45,1.06,1.172,300.5,WNW,60.88,108.41,20.7,0,0.295,0.599,0,0,0.609,0.65,1.067,0.517,0.537,1.038,0.515,0.555,1.078,0.99,0.473,0.894,1.891,15.47,1
2026-07-21T21:20:01Z,0.32,"7 km WNW of Cobb, CA",45.8,2.1,57.0,pre-rdatac,0.776,0.762,0.782,1.34,1.01,1.039,340.0,NNW,7.88,13.61,17.05,0,0.269,0.588,0,0,0.581,0.604,1.041,0.476,0.469,0.985,0.487,0.489,1.005,1.036,0.455,0.742,1.631,11.91,0
2026-07-21T20:25:17Z,0.26,"1 km NE of The Geysers, CA",39.0,0.9,57.0,pre-rdatac,0.815,0.806,0.889,1.45,1.09,1.18,343.7,NNW,6.72,11.6,20.37,0,0.288,0.612,0,0,0.618,0.68,1.101,0.499,0.544,1.092,0.499,0.514,1.03,1.069,0.469,0.658,1.405,18.72,0
2026-07-21T20:25:11Z,1.3,"1 km NNE of The Geysers, CA",39.0,1.0,57.0,pre-rdatac,0.806,0.811,0.855,1.46,1.06,1.18,343.4,NNW,6.72,11.61,18.4,0,3.156,-0.427,0,0,0.622,0.648,1.043,0.501,0.534,1.066,0.501,0.511,1.02,1.022,0.475,0.658,1.386,18.02,0
2026-07-21T19:25:19Z,2.18,"15 km SE of Honey Lake, CA",280.9,2.9,57.0,pre-rdatac,0.752,0.763,0.757,1.38,1.01,1.04,47.0,NE,41.91,74.17,20.3,0,0.934,0.047,0,0,0.576,0.576,1.0,0.478,0.468,0.98,0.493,0.474,0.961,1.041,0.469,0.653,1.394,17.21,1
2026-07-21T19:20:31Z,1.66,"13 km ESE of Pinnacles, CA",260.6,8.0,57.0,pre-rdatac,0.759,0.74,0.778,1.47,1.02,1.117,146.1,SE,38.77,68.61,19.72,0,0.335,0.523,0,0,0.546,0.615,1.127,0.477,0.458,0.96,0.506,0.493,0.975,1.155,0.439,0.755,1.718,14.47,1
2026-07-21T19:17:33Z,1.09,"9 km NW of Redwood Valley, CA",112.7,6.2,57.0,pre-rdatac,0.751,0.761,0.792,1.7,1.05,1.273,330.2,NNW,19.42,33.52,14.86,0,0.435,0.466,0,0,0.579,0.594,1.027,0.469,0.507,1.08,0.494,0.518,1.049,0.979,0.458,0.636,1.388,18.0,0
2026-07-21T19:17:13Z,0.3,"3 km E of The Geysers, CA",37.2,1.7,57.0,pre-rdatac,0.746,0.747,0.741,1.18,0.99,0.878,345.7,NNW,6.42,11.09,20.75,0,0.335,0.418,0,0,0.57,0.569,0.998,0.462,0.453,0.982,0.494,0.471,0.952,1.047,0.451,0.64,1.417,14.58,0
2026-07-21T19:16:57Z,1.08,"3 km E of The Geysers, CA",37.1,1.4,57.0,pre-rdatac,0.752,0.739,0.738,1.37,0.98,1.032,345.5,NNW,6.39,11.03,15.88,0,2.03,-0.294,0,0,0.566,0.56,0.99,0.455,0.456,1.001,0.489,0.482,0.986,1.004,0.444,0.636,1.432,16.4,0
2026-07-21T18:53:59Z,1.78,"17 km SE of Silver Springs, Nevada",322.9,6.3,57.0,pre-rdatac,0.867,0.847,0.884,1.36,1.02,1.177,71.5,ENE,46.69,82.83,27.21,0,0.265,0.647,0,0,0.644,0.669,1.039,0.528,0.557,1.055,0.512,0.513,1.001,1.037,0.478,0.638,1.335,28.74,1
2026-07-21T18:25:52Z,0.88,"15 km E of Seven Trees, CA",154.3,4.1,57.0,pre-rdatac,0.759,0.748,0.743,1.28,0.98,0.972,146.7,SSE,26.11,45.77,24.44,0,0.158,0.789,0,0,0.562,0.545,0.968,0.472,0.484,1.026,0.48,0.482,1.005,0.963,0.453,0.63,1.392,18.77,1
2026-07-21T18:21:31Z,1.03,"7 km NNE of Hollister, CA",204.2,9.7,57.0,pre-rdatac,0.764,0.753,0.743,1.28,0.97,0.976,147.2,SSE,31.58,55.72,24.3,0,0.132,0.87,0,0,0.559,0.561,1.003,0.477,0.459,0.963,0.494,0.5,1.013,0.991,0.435,0.661,1.52,18.98,1
2026-07-21T18:07:09Z,1.1,"7 km WSW of Calistoga, CA",12.4,-0.5,57.0,pre-rdatac,0.772,0.731,0.766,1.3,0.99,1.002,345.3,NNW,2.38,4.12,15.46,0,8.006,-0.903,0,0,0.56,0.573,1.024,0.449,0.479,1.066,0.486,0.473,0.973,1.052,0.445,0.641,1.441,13.42,0
2026-07-21T17:46:19Z,0.68,"8 km W of Cobb, CA",45.7,1.5,57.0,pre-rdatac,0.759,0.77,0.713,1.26,0.94,0.953,338.6,NNW,7.87,13.58,18.33,0,0.617,0.188,0,0,0.578,0.522,0.904,0.485,0.465,0.959,0.494,0.499,1.009,0.896,0.445,0.615,1.382,16.14,0
2026-07-21T17:20:38Z,0.43,"9 km W of The Geysers, CA",42.4,2.5,57.0,pre-rdatac,0.745,0.754,0.761,1.72,1.02,1.279,330.7,NNW,7.31,12.63,7.46,0,0.382,0.525,0,0,0.545,0.561,1.029,0.502,0.489,0.974,0.504,0.519,1.031,0.998,0.452,0.843,1.865,6.35,0
2026-07-21T17:10:41Z,1.04,"8 km NW of The Geysers, CA",45.3,1.9,57.0,pre-rdatac,0.784,0.744,0.726,1.24,0.92,0.971,338.0,NNW,7.81,13.49,16.88,0,1.429,-0.168,0,0,0.568,0.554,0.975,0.461,0.447,0.968,0.505,0.46,0.911,1.07,0.441,0.914,2.072,5.67,0
2026-07-21T16:51:10Z,0.31,"6 km NW of The Geysers, CA",43.9,1.7,57.0,pre-rdatac,0.836,0.752,0.769,1.11,0.92,0.93,339.5,NNW,7.56,13.06,20.98,0,0.277,0.526,0,0,0.586,0.595,1.017,0.453,0.465,1.025,0.487,0.488,1.001,1.015,0.449,0.677,1.507,13.47,0
2026-07-21T16:29:44Z,0.76,"7 km NW of The Geysers, CA",44.4,2.6,57.0,pre-rdatac,0.772,0.778,0.796,1.41,1.03,1.085,338.8,NNW,7.64,13.19,17.63,0,0.77,0.149,0,0,0.585,0.574,0.982,0.491,0.53,1.08,0.531,0.515,0.971,1.012,0.465,0.736,1.584,13.68,0
2026-07-21T16:03:07Z,0.7,"7 km WNW of Cobb, CA",45.4,2.1,57.0,pre-rdatac,0.841,0.797,0.817,1.25,0.97,1.049,340.3,NNW,7.84,13.53,19.02,0,0.651,0.207,0,0,0.611,0.592,0.969,0.493,0.539,1.092,0.499,0.503,1.009,0.961,0.469,0.725,1.548,14.32,0
2026-07-21T15:44:07Z,0.72,"10 km NW of The Geysers, CA",47.2,1.5,57.0,pre-rdatac,0.827,0.874,0.818,1.3,0.99,1.074,336.9,NNW,8.13,14.04,20.39,0,0.649,0.219,0,0,0.669,0.616,0.92,0.544,0.518,0.952,0.515,0.534,1.037,0.888,0.52,0.731,1.405,14.67,0
2026-07-21T15:08:38Z,0.75,"7 km NW of The Geysers, CA",44.3,2.9,57.0,pre-rdatac,0.781,0.775,0.759,1.21,0.97,0.948,338.4,NNW,7.64,13.18,17.3,0,0.755,0.099,0,0,0.577,0.541,0.937,0.496,0.512,1.033,0.515,0.475,0.923,1.015,0.463,0.639,1.38,15.44,0
2026-07-21T14:32:17Z,0.39,"1 km NNE of The Geysers, CA",39.1,2.4,57.0,pre-rdatac,0.779,0.75,0.805,1.41,1.03,1.097,342.8,NNW,6.73,11.62,16.33,0,0.388,0.452,0,0,0.552,0.617,1.119,0.489,0.488,0.998,0.496,0.516,1.039,1.076,0.452,0.849,1.879,8.4,0
2026-07-21T14:21:48Z,2.0,"13 km E of Willow Creek, CA",288.3,27.1,57.0,pre-rdatac,0.792,0.76,0.775,1.31,0.98,1.041,345.5,NNW,39.98,71.13,22.53,0,0.58,0.254,0,0,0.584,0.597,1.023,0.464,0.471,1.014,0.505,0.494,0.978,1.046,0.457,0.811,1.774,16.96,1
2026-07-21T13:43:59Z,1.8,"6 km ESE of Markleeville, CA",252.5,-0.9,57.0,pre-rdatac,0.813,0.76,0.784,1.27,0.96,1.035,83.7,E,38.75,68.43,23.6,0,0.496,0.32,0,0,0.567,0.599,1.056,0.491,0.488,0.994,0.517,0.505,0.978,1.08,0.445,0.735,1.652,16.11,1
2026-07-21T11:19:18Z,0.3,"7 km NW of The Geysers, CA",44.5,2.6,57.0,pre-rdatac,0.77,0.801,0.782,1.57,1.02,1.206,339.0,NNW,7.67,13.24,11.81,0,0.266,0.656,0,0,0.591,0.576,0.976,0.523,0.512,0.978,0.501,0.496,0.989,0.987,0.457,0.801,1.754,7.4,0
2026-07-21T10:57:29Z,0.41,"3 km W of Cobb, CA",42.7,2.0,57.0,pre-rdatac,0.778,0.826,0.753,1.34,0.97,1.045,343.6,NNW,7.36,12.71,15.39,0,0.362,0.461,0,0,0.608,0.521,0.857,0.536,0.52,0.97,0.49,0.506,1.032,0.831,0.474,0.665,1.401,11.93,0
2026-07-21T10:36:51Z,1.38,"8 km S of Byron, CA",113.6,14.4,57.0,pre-rdatac,0.763,0.734,0.731,1.33,0.96,1.011,130.2,SE,19.28,33.35,21.11,0,0.838,0.082,0,0,0.542,0.543,1.002,0.479,0.472,0.985,0.494,0.465,0.941,1.065,0.421,0.574,1.362,22.74,0
2026-07-21T10:31:11Z,0.39,"7 km W of Cobb, CA",45.3,2.1,57.0,pre-rdatac,0.792,0.733,0.764,1.21,0.96,0.955,339.0,NNW,7.81,13.49,19.11,0,0.32,0.475,0,0,0.552,0.56,1.016,0.463,0.496,1.072,0.478,0.516,1.08,0.94,0.443,0.604,1.363,16.54,0
2026-07-21T09:41:50Z,1.88,"8 km ESE of Coarsegold, CA",297.6,19.0,57.0,pre-rdatac,0.764,0.783,0.734,1.19,0.96,0.909,116.5,ESE,41.97,74.57,29.02,0,0.408,0.347,0,0,0.58,0.552,0.951,0.504,0.468,0.929,0.483,0.442,0.914,1.04,0.452,0.677,1.499,19.11,1
2026-07-21T09:41:05Z,0.68,"10 km WNW of The Geysers, CA",46.3,2.7,57.0,pre-rdatac,0.774,0.798,0.745,1.26,0.96,0.973,333.9,NNW,7.98,13.78,20.86,0,0.606,0.205,0,0,0.589,0.567,0.963,0.517,0.462,0.894,0.504,0.444,0.882,1.092,0.463,0.57,1.231,16.16,0
2026-07-21T09:09:11Z,0.92,"6 km N of Pinnacles, CA",245.6,9.7,57.0,pre-rdatac,0.758,0.733,0.83,1.61,1.09,1.222,147.4,SSE,36.72,64.95,18.26,0,0.069,1.246,0,0,0.531,0.627,1.181,0.489,0.523,1.069,0.463,0.501,1.084,1.089,0.406,0.92,2.265,8.6,1
2026-07-21T09:07:44Z,1.93,"16 km NW of Pinnacles, CA",235.0,4.3,57.0,pre-rdatac,0.74,0.766,0.696,1.11,0.94,0.823,149.2,SSE,36.06,63.67,34.67,0,0.782,0.022,0,0,0.56,0.511,0.912,0.506,0.453,0.894,0.535,0.428,0.801,1.139,0.44,0.593,1.348,16.44,1
2026-07-21T08:33:20Z,1.09,"6 km NNW of The Geysers, CA",44.2,2.6,57.0,pre-rdatac,0.743,0.769,0.692,1.14,0.93,0.848,340.1,NNW,7.61,13.14,22.0,0,1.658,-0.291,0,0,0.553,0.507,0.916,0.515,0.451,0.876,0.48,0.44,0.915,1.001,0.436,0.645,1.477,9.77,0
2026-07-21T08:15:21Z,1.26,"8 km NW of The Geysers, CA",45.6,1.8,57.0,pre-rdatac,0.769,0.939,1.056,2.23,1.37,1.715,337.9,NNW,7.84,13.54,9.72,0,2.355,-0.138,0,0,0.722,0.829,1.148,0.585,0.623,1.066,0.512,0.534,1.042,1.102,0.515,1.054,2.047,9.25,0
2026-07-21T07:02:11Z,1.41,"3 km NW of The Geysers, CA",41.4,3.2,57.0,pre-rdatac,0.752,0.696,0.748,1.34,0.99,1.006,340.3,NNW,7.14,12.32,16.3,0,3.766,-0.573,0,0,0.508,0.536,1.056,0.463,0.503,1.086,0.497,0.502,1.011,1.044,0.376,0.7,1.864,10.68,0
2026-07-21T06:45:43Z,0.35,"10 km NW of The Geysers, CA",47.3,1.8,57.0,pre-rdatac,0.748,0.733,0.716,1.11,0.96,0.834,336.1,NNW,8.15,14.07,24.26,0,0.276,0.481,0,0,0.531,0.543,1.024,0.487,0.443,0.91,0.501,0.489,0.976,1.049,0.419,0.647,1.546,13.25,0
2026-07-21T06:03:21Z,0.38,"8 km NW of The Geysers, CA",45.5,1.9,57.0,pre-rdatac,0.796,0.802,0.817,1.26,1.03,1.005,338.6,NNW,7.85,13.55,21.72,0,0.311,0.51,0,0,0.618,0.621,1.004,0.489,0.507,1.037,0.512,0.52,1.015,0.99,0.466,0.733,1.573,13.3,0
2026-07-21T05:17:56Z,2.13,"11 km ESE of Gilroy, CA",194.5,4.4,57.0,pre-rdatac,0.751,0.754,0.753,1.25,1.0,0.94,147.8,SSE,31.05,54.66,31.28,0,1.822,-0.287,0,0,0.55,0.563,1.024,0.499,0.477,0.956,0.534,0.525,0.983,1.041,0.427,0.616,1.441,23.63,0
2026-07-21T05:12:59Z,1.61,"11 km ESE of Gilroy, CA",194.4,4.5,57.0,pre-rdatac,0.732,0.748,0.77,1.35,1.05,0.99,147.9,SSE,31.01,54.6,25.96,0,0.551,0.254,0,0,0.564,0.552,0.979,0.474,0.516,1.089,0.49,0.53,1.08,0.906,0.435,0.766,1.763,10.02,1
2026-07-21T05:12:54Z,0.36,"3 km SE of The Geysers, CA",35.3,1.5,57.0,pre-rdatac,0.734,0.753,0.775,1.4,1.06,1.026,343.9,NNW,6.09,10.51,19.6,0,0.411,0.397,0,0,0.567,0.559,0.986,0.477,0.517,1.082,0.488,0.534,1.096,0.9,0.437,0.629,1.441,16.91,0
2026-07-21T05:10:57Z,0.61,"2 km N of The Geysers, CA",40.3,4.5,57.0,pre-rdatac,0.745,0.746,0.744,1.19,1.0,0.887,343.0,NNW,6.94,11.98,22.98,0,0.618,0.156,0,0,0.558,0.543,0.974,0.475,0.494,1.039,0.519,0.485,0.935,1.042,0.442,0.616,1.392,16.21,0
2026-07-21T05:09:38Z,1.25,"5 km SSW of Gilroy, CA",189.5,6.0,57.0,pre-rdatac,0.762,0.747,0.756,1.43,0.99,1.093,151.0,SSE,30.22,53.2,22.26,0,0.253,0.636,0,0,0.547,0.562,1.026,0.487,0.482,0.99,0.518,0.474,0.916,1.12,0.425,0.85,2.002,7.84,1
2026-07-21T04:38:22Z,1.72,"4 km NW of Laytonville, CA",160.3,5.8,57.0,pre-rdatac,0.797,0.783,0.77,1.31,0.97,1.046,331.2,NNW,26.64,46.75,31.47,0,1.02,0.011,0,0,0.568,0.573,1.008,0.521,0.495,0.95,0.536,0.515,0.961,1.049,0.443,0.654,1.476,22.88,1
2026-07-21T03:48:16Z,2.14,"18 km SE of Silver Springs, Nevada",323.4,6.9,57.0,pre-rdatac,0.715,0.71,0.743,1.14,1.04,0.815,71.6,ENE,46.68,82.82,39.49,0,0.605,0.129,0,0,0.565,0.597,1.056,0.415,0.433,1.042,0.389,0.386,0.993,1.063,0.4,0.508,1.267,32.0,1
2026-07-21T02:26:27Z,0.07,"6 km W of Cobb, CA",44.3,1.7,57.0,pre-rdatac,0.703,0.704,0.663,1.01,0.94,0.713,340.8,NNW,7.64,13.18,28.95,0,0.158,0.655,0,0,0.566,0.539,0.952,0.408,0.374,0.917,0.378,0.368,0.972,0.979,0.384,0.484,1.258,23.67,0
2026-07-21T02:18:47Z,2.8,"194 km W of Ferndale, California",398.0,10.0,57.0,pre-rdatac,0.784,0.84,0.747,1.66,0.95,1.303,303.4,WNW,55.53,98.79,7.19,0,1.588,-0.086,0,0,0.638,0.602,0.944,0.528,0.434,0.823,0.444,0.413,0.929,1.016,0.458,0.896,1.955,4.39,0
2026-07-21T01:58:43Z,0.87,"1 km ESE of San Ramon, CA",95.4,9.8,57.0,pre-rdatac,0.684,0.775,0.977,1.74,1.43,1.187,142.4,SE,16.43,28.36,31.6,0,0.34,0.543,0,0,0.628,0.84,1.337,0.444,0.477,1.074,0.395,0.386,0.979,1.367,0.408,0.809,1.981,22.77,0
2026-07-21T01:48:25Z,1.68,"17 km SE of Silver Springs, Nevada",323.2,6.5,57.0,pre-rdatac,0.671,0.666,0.745,1.43,1.11,0.962,71.6,ENE,46.71,82.87,33.23,0,0.21,0.661,0,0,0.527,0.624,1.183,0.394,0.39,0.988,0.374,0.376,1.004,1.178,0.354,0.734,2.076,14.88,1
2026-07-21T01:29:13Z,0.35,"4 km NW of The Geysers, CA",41.7,4.4,57.0,pre-rdatac,0.815,0.839,0.707,1.17,0.87,0.95,338.8,NNW,7.18,12.4,23.61,0,0.325,0.466,0,0,0.71,0.562,0.791,0.43,0.418,0.971,0.373,0.385,1.033,0.766,0.517,0.556,1.076,17.51,0
2026-07-21T01:23:29Z,2.78,"18 km SE of Silver Springs, Nevada",323.9,7.8,57.0,pre-rdatac,0.857,0.846,0.918,2.67,1.07,2.29,71.7,ENE,46.63,82.74,1.33,0,2.633,-0.061,0,0,0.719,0.812,1.13,0.431,0.43,0.998,0.389,0.362,0.931,1.215,0.47,1.447,3.076,1.54,0
2026-07-21T01:12:57Z,1.83,"8 km W of Cobb, CA",45.6,2.0,57.0,pre-rdatac,0.77,0.76,0.705,1.14,0.91,0.878,338.8,NNW,7.85,13.55,28.61,0,8.745,-0.998,0,0,0.637,0.596,0.935,0.404,0.355,0.878,0.358,0.34,0.95,0.985,0.406,0.438,1.08,27.04,0
2026-07-21T00:43:37Z,1.67,"12 km ESE of Gilroy, CA",195.1,6.0,57.0,pre-rdatac,0.918,0.845,0.831,1.06,0.91,0.976,147.6,SSE,30.92,54.46,39.07,0,0.628,0.191,0,0,0.706,0.714,1.011,0.467,0.426,0.911,0.297,0.292,0.983,1.029,0.439,0.601,1.371,34.68,1
2026-07-21T00:40:24Z,2.7,"17 km SE of Silver Springs, Nevada",322.9,7.0,57.0,pre-rdatac,1.156,2.366,0.885,0.9,0.77,1.036,71.5,ENE,46.6,82.68,37.77,0,2.207,-0.328,0,0,2.304,0.723,0.314,0.68,0.503,0.741,0.387,0.305,0.789,0.398,0.982,0.681,0.693,26.12,0
2026-07-21T00:30:33Z,1.04,"8 km NW of The Geysers, CA",45.7,2.3,57.0,pre-rdatac,1.212,1.295,1.255,1.58,1.04,1.913,338.4,NNW,7.87,13.58,11.96,0,1.415,0.131,0,0,0.955,0.915,0.958,0.829,0.813,0.981,0.527,0.514,0.976,0.981,0.805,1.374,1.707,9.81,0
2026-07-21T00:12:33Z,1.04,"3 km ESE of The Geysers, CA",36.2,1.6,57.0,pre-rdatac,3.851,2.71,1.028,0.63,0.27,2.42,344.6,NNW,6.25,10.78,3.79,0,1.906,0.104,0,0,2.501,0.957,0.383,1.022,0.402,0.393,0.526,0.326,0.62,0.617,1.62,0.973,0.601,3.93,0
2026-07-20T16:03:10Z,0.35,"3 km NNW of The Geysers, CA",40.8,3.4,57.0,pre-rdatac,0.762,0.74,0.788,1.32,1.03,1.005,341.8,NNW,7.05,12.16,23.11,0,0.334,0.479,0,0,0.465,0.489,1.05,0.577,0.618,1.071,0.739,0.749,1.013,1.037,0.342,0.626,1.828,11.4,0
2026-07-20T15:45:10Z,0.29,"3 km SE of The Geysers, CA",35.6,1.8,57.0,pre-rdatac,0.749,0.786,0.835,1.22,1.12,0.913,343.2,NNW,6.14,10.6,26.96,0,0.346,0.421,0,0,0.508,0.588,1.157,0.585,0.593,1.014,0.718,0.752,1.046,1.106,0.398,0.725,1.821,17.68,0
2026-07-20T14:29:21Z,1.07,"7 km NW of The Geysers, CA",44.7,2.6,57.0,pre-rdatac,0.755,0.777,0.767,1.12,1.02,0.846,339.2,NNW,7.7,13.29,28.77,0,1.558,-0.265,0,0,0.468,0.501,1.069,0.61,0.58,0.95,0.751,0.724,0.963,1.109,0.373,0.554,1.487,16.23,0
2026-07-20T14:11:33Z,0.94,"1 km SSW of Angwin, CA",19.7,-0.4,57.0,pre-rdatac,0.762,0.772,0.767,1.27,1.01,0.97,47.8,NE,3.4,5.88,23.49,0,3.199,-0.518,0,0,0.457,0.39,0.852,0.613,0.665,1.084,0.734,0.717,0.977,0.872,0.375,0.517,1.378,7.84,0
2026-07-20T11:55:43Z,1.12,"7 km NW of The Geysers, CA",43.6,3.2,57.0,pre-rdatac,0.764,0.768,0.736,1.16,0.96,0.888,336.7,NNW,7.51,12.96,27.3,0,1.808,-0.309,0,0,0.483,0.447,0.925,0.599,0.594,0.991,0.737,0.722,0.979,0.944,0.366,0.425,1.163,22.6,0
2026-07-20T11:50:11Z,1.58,"10 km W of Wilkerson, CA",385.8,10.8,57.0,pre-rdatac,0.76,0.753,0.746,1.14,0.98,0.869,108.8,ESE,53.92,95.92,38.56,0,0.104,0.92,0,0,0.492,0.466,0.946,0.565,0.58,1.027,0.737,0.734,0.997,0.949,0.383,0.648,1.69,16.58,1
2026-07-20T10:42:19Z,0.84,"9 km ESE of Cloverdale, CA",44.0,6.2,57.0,pre-rdatac,0.77,0.765,0.765,1.13,0.99,0.87,322.2,NW,7.58,13.09,29.04,0,0.936,-0.032,0,0,0.457,0.494,1.08,0.614,0.583,0.949,0.732,0.712,0.973,1.109,0.352,0.517,1.472,20.32,0
2026-07-20T10:04:42Z,0.9,"2 km SE of The Geysers, CA",36.3,2.7,57.0,pre-rdatac,0.745,0.747,0.751,1.08,1.01,0.808,344.3,NNW,6.26,10.8,27.28,0,1.377,-0.232,0,0,0.452,0.477,1.057,0.598,0.582,0.974,0.743,0.726,0.977,1.082,0.337,0.521,1.543,16.0,0
2026-07-20T09:59:23Z,0.31,"7 km WNW of Cobb, CA",45.8,2.3,57.0,pre-rdatac,0.757,0.773,0.779,1.35,1.03,1.023,340.2,NNW,7.88,13.61,24.51,0,0.262,0.591,0,0,0.444,0.478,1.076,0.636,0.617,0.971,0.72,0.73,1.014,1.062,0.338,0.504,1.49,16.63,0
2026-07-20T07:42:53Z,0.74,"2 km NNW of The Geysers, CA",39.7,1.3,57.0,pre-rdatac,0.767,0.775,0.793,1.16,1.03,0.892,342.1,NNW,6.85,11.83,27.72,0,0.849,0.021,0,0,0.514,0.537,1.045,0.574,0.575,1.001,0.743,0.736,0.991,1.055,0.409,0.638,1.563,15.51,0
2026-07-20T06:48:10Z,0.02,"6 km NW of The Geysers, CA",44.0,3.3,57.0,pre-rdatac,0.747,0.736,0.757,1.21,1.01,0.901,338.8,NNW,7.58,13.08,27.32,0,0.142,0.803,0,0,0.486,0.497,1.021,0.55,0.571,1.037,0.731,0.726,0.993,1.028,0.379,0.58,1.527,15.33,0
2026-07-20T06:18:14Z,0.42,"22 km SW of New Idria, CA",290.9,8.4,57.0,pre-rdatac,0.771,0.769,0.759,1.1,0.98,0.848,146.3,SSE,42.48,75.29,38.91,0,0.015,1.754,0,0,0.47,0.471,1.001,0.6,0.582,0.969,0.644,0.662,1.027,0.974,0.372,0.576,1.548,16.09,1
